article_id,carrier,plan_bucket,plan_name,new_amount,mnp_amount,memo,write_date,subject,source_text,local_path
256,hello,11GB,auto_candidate,30000,70000,,2025-01-01 12:35:01,케이엘모바일_부성정책_ 1월  1일_ 1차 정책,"THE 착한 데이터 유심 11GB | 49,390 | 15,400 | 33,990 | 무제한 | 무제한 | 300% | 1168 | 2GB+3Mbps | 30,000 | 70,000 | 30,000 | 70,000",/Users/jinwoo/Documents/Codex/2026-05-30/new-chat/policy-tracker/data/images/256/hello.jpg
256,hello,7GB,auto_candidate,30000,200000,,2025-01-01 12:35:01,케이엘모바일_부성정책_ 1월  1일_ 1차 정책,"DATA 걱 정 없는 유심 768 | 45,100 | 27,600 | 17,500 | 무제한 | SMG) 300% | 708 ‘Mbps 30,000 | 200,000 | 30,000 | 180,000",/Users/jinwoo/Documents/Codex/2026-05-30/new-chat/policy-tracker/data/images/256/hello.jpg
256,sk7,7GB,auto_candidate,20000,20000,,2025-01-01 12:35:01,케이엘모바일_부성정책_ 1월  1일_ 1차 정책,"결 함 568 | cmuink ress) — | $3,900 | 24200 | 무제한 | 무 져 한 | 300% | 768 |  1Mbps 20,000 20,000",/Users/jinwoo/Documents/Codex/2026-05-30/new-chat/policy-tracker/data/images/256/sk7.jpg
257,hello,11GB,auto_candidate,30000,70000,,2025-01-02 12:02:37,케이엘모바일_부성정책_ 1월 2일_ 1-1차 정책,"THE 착한 데이터 유심 11GB | 49,390 | 15,400 | 33,990 | 무제한 | 무제한 | 300% | 1168 | 2GB+3Mbps | 30,000 | 70,000 | 30,000 | 70,000",/Users/jinwoo/Documents/Codex/2026-05-30/new-chat/policy-tracker/data/images/257/hello.jpg
257,hello,7GB,auto_candidate,30000,200000,,2025-01-02 12:02:37,케이엘모바일_부성정책_ 1월 2일_ 1-1차 정책,"DATA 걱 정 없는 유심 768 | 45,100 | 27,600 | 17,500 | 무제한 | SMG) 300% | 708 ‘Mbps 30,000 | 200,000 | 30,000 | 180,000",/Users/jinwoo/Documents/Codex/2026-05-30/new-chat/policy-tracker/data/images/257/hello.jpg
257,skylife,11GB,auto_candidate,45000,185000,,2025-01-02 12:02:37,케이엘모바일_부성정책_ 1월 2일_ 1-1차 정책,"모 두 충분 1168+( 밀 리 의 서재) | 33.000 | 무제한 | 무제한 | 300 분 |1106+ 일 208 34665 | 45000 | 185,000 | 34500 79,500",/Users/jinwoo/Documents/Codex/2026-05-30/new-chat/policy-tracker/data/images/257/skylife.jpg
257,skylife,7GB,auto_candidate,45000,160000,,2025-01-02 12:02:37,케이엘모바일_부성정책_ 1월 2일_ 1-1차 정책,"2588 768+( 밀 리 의 서재) | 16200 | 무제한 | 무제한 | 300 분 70 | 71065 | 45,000 | 160,000 | 34500 54,500",/Users/jinwoo/Documents/Codex/2026-05-30/new-chat/policy-tracker/data/images/257/skylife.jpg
258,hello,11GB,auto_candidate,30000,70000,,2025-01-03 10:26:37,케이엘모바일_부성정책_ 1월 3일_ 1-2차 정책,"THE 착한 데이터 유심 11GB | 49,390 | 15,400 | 33,990 | 무제한 | 무제한 | 3008 | 1168 | 2GB+3Mbps | 30,000 | 70,000 | 30,000 | 70,000",/Users/jinwoo/Documents/Codex/2026-05-30/new-chat/policy-tracker/data/images/258/hello.jpg
258,hello,7GB,auto_candidate,30000,30000,,2025-01-03 10:26:37,케이엘모바일_부성정책_ 1월 3일_ 1-2차 정책,"DATA 걱 정 없는 유심 768 45,100 | 27,600 | 17,500 | 무제한 | 무제한 | 300% 768 ‘Mbps 30,000 30,000",/Users/jinwoo/Documents/Codex/2026-05-30/new-chat/policy-tracker/data/images/258/hello.jpg
258,skylife,11GB,auto_candidate,45000,185000,,2025-01-03 10:26:37,케이엘모바일_부성정책_ 1월 3일_ 1-2차 정책,"모 두 충분 1168+( 밀 리 의 서재) | 33.000 | 무제한 | 무제한 | 300 분 |1106+ 일 208 34665 | 45000 | 185,000 | 34500 79,500",/Users/jinwoo/Documents/Codex/2026-05-30/new-chat/policy-tracker/data/images/258/skylife.jpg
258,skylife,7GB,auto_candidate,45000,160000,,2025-01-03 10:26:37,케이엘모바일_부성정책_ 1월 3일_ 1-2차 정책,"2588 768+( 밀 리 의 서재) | 16200 | 무제한 | 무제한 | 300 분 70 | 71065 | 45,000 | 160,000 | 34500 54,500",/Users/jinwoo/Documents/Codex/2026-05-30/new-chat/policy-tracker/data/images/258/skylife.jpg
260,hello,11GB,auto_candidate,30000,70000,,2025-01-07 10:38:13,케이엘모바일_부성정책_ 1월 7일_ 2차 정책_KTM수정,"THE 착한 데이터 유심 11GB | 49,390 | 15,400 | 33,990 | 무제한 | 무제한 | 3008 | 1168 | 2GB+3Mbps | 30,000 | 70,000 | 30,000 | 70,000",/Users/jinwoo/Documents/Codex/2026-05-30/new-chat/policy-tracker/data/images/260/hello.jpg
260,hello,7GB,auto_candidate,30000,30000,,2025-01-07 10:38:13,케이엘모바일_부성정책_ 1월 7일_ 2차 정책_KTM수정,"DATA 걱 정 없는 유심 768 45,100 | 27,600 | 17,500 | 무제한 | 무제한 | 300% 768 ‘Mbps 30,000 30,000",/Users/jinwoo/Documents/Codex/2026-05-30/new-chat/policy-tracker/data/images/260/hello.jpg
260,ktm,11GB,auto_candidate,120000,140000,,2025-01-07 10:38:13,케이엘모바일_부성정책_ 1월 7일_ 2차 정책_KTM수정,"2008 보 프 리 미 원 1168 44900 eae | Fae nics+aizcs| saps | 40000 | 120,000 | 140000 | 40000 | 100.000 | 120,00",/Users/jinwoo/Documents/Codex/2026-05-30/new-chat/policy-tracker/data/images/260/ktm.jpg
260,skylife,11GB,auto_candidate,45000,185000,,2025-01-07 10:38:13,케이엘모바일_부성정책_ 1월 7일_ 2차 정책_KTM수정,"모 두 충분 1168+( 밀 리 의 서재) | 33.000 | 무제한 | 무제한 | 300 분 |1106+ 일 208 34665 | 45000 | 185,000 | 34500 79,500",/Users/jinwoo/Documents/Codex/2026-05-30/new-chat/policy-tracker/data/images/260/skylife.jpg
260,skylife,7GB,auto_candidate,45000,160000,,2025-01-07 10:38:13,케이엘모바일_부성정책_ 1월 7일_ 2차 정책_KTM수정,"2588 768+( 밀 리 의 서재) | 16200 | 무제한 | 무제한 | 300 분 70 | 71065 | 45,000 | 160,000 | 34500 54,500",/Users/jinwoo/Documents/Codex/2026-05-30/new-chat/policy-tracker/data/images/260/skylife.jpg
260,umobile,11GB,auto_candidate,44000,44000,,2025-01-07 10:38:13,케이엘모바일_부성정책_ 1월 7일_ 2차 정책_KTM수정,"LTE 4514 스페셜 33,900 무제한 무제한 | 300 분 | 1168+ 일 268 | aMbps | 44,000 44,000",/Users/jinwoo/Documents/Codex/2026-05-30/new-chat/policy-tracker/data/images/260/umobile.jpg
261,hello,7GB,auto_candidate,30000,30000,,2025-01-08 10:11:24,케이엘모바일_부성정책_ 1월 8일_ 2-1차 정책,"DATA 걱 정 없는 유심 768 | 45,100 | 27,600 | 17,500 | 무제한 | 무제한 | 300% | 708 ‘Mbps 30,000 30,000",/Users/jinwoo/Documents/Codex/2026-05-30/new-chat/policy-tracker/data/images/261/hello.jpg
261,ktm,11GB,auto_candidate,120000,140000,,2025-01-08 10:11:24,케이엘모바일_부성정책_ 1월 8일_ 2-1차 정책,"2008 보 프 리 미 원 1168 44900 eae | Fae nics+aizcs| saps | 40000 | 120,000 | 140000 | 40000 | 100.000 | 120,00",/Users/jinwoo/Documents/Codex/2026-05-30/new-chat/policy-tracker/data/images/261/ktm.jpg
261,skylife,11GB,auto_candidate,45000,185000,,2025-01-08 10:11:24,케이엘모바일_부성정책_ 1월 8일_ 2-1차 정책,"모 두 충분 1168+( 밀 리 의 서재) | 33.000 | 무제한 | 무제한 | 300 분 |1106+ 일 208 34665 | 45000 | 185,000 | 34500 79,500",/Users/jinwoo/Documents/Codex/2026-05-30/new-chat/policy-tracker/data/images/261/skylife.jpg
261,skylife,7GB,auto_candidate,45000,160000,,2025-01-08 10:11:24,케이엘모바일_부성정책_ 1월 8일_ 2-1차 정책,"2588 768+( 밀 리 의 서재) | 16200 | 무제한 | 무제한 | 300 분 70 | 71065 | 45,000 | 160,000 | 34500 54,500",/Users/jinwoo/Documents/Codex/2026-05-30/new-chat/policy-tracker/data/images/261/skylife.jpg
261,umobile,11GB,auto_candidate,44000,44000,,2025-01-08 10:11:24,케이엘모바일_부성정책_ 1월 8일_ 2-1차 정책,"LTE 4514 스페셜 33,900 무제한 무제한 | 300 분 | 1168+ 일 268 | aMbps | 44,000 44,000",/Users/jinwoo/Documents/Codex/2026-05-30/new-chat/policy-tracker/data/images/261/umobile.jpg
262,hello,7GB,auto_candidate,30000,30000,,2025-01-09 10:21:02,케이엘모바일_부성정책_ 1월 9일_ 2-2차 정책,"DATA 걱 정 없는 유심 768 | 45,100 | 27,600 | 17,500 | 무제한 | 무제한 | 300% | 708 ‘Mbps 30,000 30,000",/Users/jinwoo/Documents/Codex/2026-05-30/new-chat/policy-tracker/data/images/262/hello.jpg
262,ktm,11GB,auto_candidate,120000,140000,,2025-01-09 10:21:02,케이엘모바일_부성정책_ 1월 9일_ 2-2차 정책,"2008 보 프 리 미 원 1168 44900 eae | Fae nics+aizcs| saps | 40000 | 120,000 | 140000 | 40000 | 100.000 | 120,00",/Users/jinwoo/Documents/Codex/2026-05-30/new-chat/policy-tracker/data/images/262/ktm.jpg
262,sk7,11GB,auto_candidate,20000,220000,,2025-01-09 10:21:02,케이엘모바일_부성정책_ 1월 9일_ 2-2차 정책,"attzoce| —caink ness) — | 54560 | 41200 | 무제한 | 무제한 | 300 분 | 1168 | 일 208+30009 20000 | 220,000 | 20000 | 220000",/Users/jinwoo/Documents/Codex/2026-05-30/new-chat/policy-tracker/data/images/262/sk7.jpg
262,sk7,7GB,auto_candidate,50000,170000,,2025-01-09 10:21:02,케이엘모바일_부성정책_ 1월 9일_ 2-2차 정책,"‘atisce | ure we (/68+/ 통 화 람 껏 ) | 46400 | 19,40 | east | east | soe | 768 | mbps | 50000 | 170,000 | 20000 | 170,000",/Users/jinwoo/Documents/Codex/2026-05-30/new-chat/policy-tracker/data/images/262/sk7.jpg
262,skylife,11GB,auto_candidate,45000,185000,,2025-01-09 10:21:02,케이엘모바일_부성정책_ 1월 9일_ 2-2차 정책,"모 두 충분 1168+( 밀 리 의 서재) | 33.000 | 무제한 | 무제한 | 300 분 |1106+ 일 208 34665 | 45000 | 185,000 | 34500 79,500",/Users/jinwoo/Documents/Codex/2026-05-30/new-chat/policy-tracker/data/images/262/skylife.jpg
262,skylife,7GB,auto_candidate,45000,160000,,2025-01-09 10:21:02,케이엘모바일_부성정책_ 1월 9일_ 2-2차 정책,"2588 768+( 밀 리 의 서재) | 16200 | 무제한 | 무제한 | 300 분 70 | 71065 | 45,000 | 160,000 | 34500 54,500",/Users/jinwoo/Documents/Codex/2026-05-30/new-chat/policy-tracker/data/images/262/skylife.jpg
262,umobile,11GB,auto_candidate,44000,44000,,2025-01-09 10:21:02,케이엘모바일_부성정책_ 1월 9일_ 2-2차 정책,"LTE 4514 스페셜 33,900 무제한 무제한 | 300 분 | 1168+ 일 268 | aMbps | 44,000 44,000",/Users/jinwoo/Documents/Codex/2026-05-30/new-chat/policy-tracker/data/images/262/umobile.jpg
263,hello,7GB,auto_candidate,30000,30000,,2025-01-11 09:22:52,케이엘모바일_부성정책_ 1월 11일_ 2-3차 정책,"DATA 걱 정 없는 유심 768 | 45,100 | 27,600 | 17,500 | 무제한 | 무제한 | 300% | 708 ‘Mbps 30,000 30,000",/Users/jinwoo/Documents/Codex/2026-05-30/new-chat/policy-tracker/data/images/263/hello.jpg
263,ktm,11GB,auto_candidate,120000,140000,,2025-01-11 09:22:52,케이엘모바일_부성정책_ 1월 11일_ 2-3차 정책,"2008 보 프 리 미 원 1168 44900 eae | Fae nics+aizcs| saps | 40000 | 120,000 | 140000 | 40000 | 100.000 | 120,00",/Users/jinwoo/Documents/Codex/2026-05-30/new-chat/policy-tracker/data/images/263/ktm.jpg
263,sk7,11GB,auto_candidate,20000,220000,,2025-01-11 09:22:52,케이엘모바일_부성정책_ 1월 11일_ 2-3차 정책,"attzoce| —caink ness) — | 54560 | 41200 | 무제한 | 무제한 | 300 분 | 1168 | 일 208+30009 20000 | 220,000 | 20000 | 220000",/Users/jinwoo/Documents/Codex/2026-05-30/new-chat/policy-tracker/data/images/263/sk7.jpg
263,sk7,7GB,auto_candidate,50000,170000,,2025-01-11 09:22:52,케이엘모바일_부성정책_ 1월 11일_ 2-3차 정책,"‘atisce | ure we (/68+/ 통 화 람 껏 ) | 46400 | 19,40 | east | east | soe | 768 | mbps | 50000 | 170,000 | 20000 | 170,000",/Users/jinwoo/Documents/Codex/2026-05-30/new-chat/policy-tracker/data/images/263/sk7.jpg
263,skylife,11GB,auto_candidate,45000,185000,,2025-01-11 09:22:52,케이엘모바일_부성정책_ 1월 11일_ 2-3차 정책,"모 두 충분 1168+( 밀 리 의 서재) | 33.000 | 무제한 | 무제한 | 300 분 |1106+ 일 208 34665 | 45000 | 185,000 | 34500 79,500",/Users/jinwoo/Documents/Codex/2026-05-30/new-chat/policy-tracker/data/images/263/skylife.jpg
263,skylife,7GB,auto_candidate,45000,160000,,2025-01-11 09:22:52,케이엘모바일_부성정책_ 1월 11일_ 2-3차 정책,"2588 768+( 밀 리 의 서재) | 16200 | 무제한 | 무제한 | 300 분 70 | 71065 | 45,000 | 160,000 | 34500 54,500",/Users/jinwoo/Documents/Codex/2026-05-30/new-chat/policy-tracker/data/images/263/skylife.jpg
263,umobile,11GB,auto_candidate,44000,197000,,2025-01-11 09:22:52,케이엘모바일_부성정책_ 1월 11일_ 2-3차 정책,"LTE USIM 스페셜           33,900           무제한          무제한 | 300% | 1168+일268 | 3Mbps | 44,000 | 197,000 | 44,000 | 197,000",/Users/jinwoo/Documents/Codex/2026-05-30/new-chat/policy-tracker/data/images/263/umobile.jpg
264,hello,7GB,auto_candidate,30000,30000,,2025-01-17 10:08:43,케이엘모바일_부성정책_ 1월 17일_ 2-4차 정책,"DATA 걱 정 없는 유심 768 | 45,100 | 27,600 | 17,500 | 무제한 | 무제한 | 300% | 708 ‘Mbps 30,000 30,000",/Users/jinwoo/Documents/Codex/2026-05-30/new-chat/policy-tracker/data/images/264/hello.jpg
264,ktm,11GB,auto_candidate,120000,140000,,2025-01-17 10:08:43,케이엘모바일_부성정책_ 1월 17일_ 2-4차 정책,"2008 보 프 리 미 원 1168 44900 eae | Fae nics+aizcs| saps | 40000 | 120,000 | 140000 | 40000 | 100.000 | 120,00",/Users/jinwoo/Documents/Codex/2026-05-30/new-chat/policy-tracker/data/images/264/ktm.jpg
264,skylife,11GB,auto_candidate,45000,185000,,2025-01-17 10:08:43,케이엘모바일_부성정책_ 1월 17일_ 2-4차 정책,"모 두 충분 1168+( 밀 리 의 서재) | 33.000 | 무제한 | 무제한 | 300 분 |1106+ 일 208 34665 | 45000 | 185,000 | 34500 79,500",/Users/jinwoo/Documents/Codex/2026-05-30/new-chat/policy-tracker/data/images/264/skylife.jpg
264,skylife,7GB,auto_candidate,45000,160000,,2025-01-17 10:08:43,케이엘모바일_부성정책_ 1월 17일_ 2-4차 정책,"2588 768+( 밀 리 의 서재) | 16200 | 무제한 | 무제한 | 300 분 70 | 71065 | 45,000 | 160,000 | 34500 54,500",/Users/jinwoo/Documents/Codex/2026-05-30/new-chat/policy-tracker/data/images/264/skylife.jpg
264,umobile,11GB,auto_candidate,44000,197000,,2025-01-17 10:08:43,케이엘모바일_부성정책_ 1월 17일_ 2-4차 정책,"LTE USIM 스페셜           33,900           무제한          무제한 | 300% | 1168+일268 | 3Mbps | 44,000 | 197,000 | 44,000 | 197,000",/Users/jinwoo/Documents/Codex/2026-05-30/new-chat/policy-tracker/data/images/264/umobile.jpg
265,ktm,11GB,auto_candidate,120000,140000,,2025-01-17 11:37:16,케이엘모바일_부성정책_ 1월 17일_ 2-5차 정책,"2008 보 프 리 미 원 1168 44900 eae | Fae nics+aizcs| saps | 40000 | 120,000 | 140000 | 40000 | 100.000 | 120,00",/Users/jinwoo/Documents/Codex/2026-05-30/new-chat/policy-tracker/data/images/265/ktm.jpg
265,skylife,11GB,auto_candidate,45000,185000,,2025-01-17 11:37:16,케이엘모바일_부성정책_ 1월 17일_ 2-5차 정책,"모 두 충분 1168+( 밀 리 의 서재) | 33.000 | 무제한 | 무제한 | 300 분 |1106+ 일 208 34665 | 45000 | 185,000 | 34500 79,500",/Users/jinwoo/Documents/Codex/2026-05-30/new-chat/policy-tracker/data/images/265/skylife.jpg
265,skylife,7GB,auto_candidate,45000,160000,,2025-01-17 11:37:16,케이엘모바일_부성정책_ 1월 17일_ 2-5차 정책,"2588 768+( 밀 리 의 서재) | 16200 | 무제한 | 무제한 | 300 분 70 | 71065 | 45,000 | 160,000 | 34500 54,500",/Users/jinwoo/Documents/Codex/2026-05-30/new-chat/policy-tracker/data/images/265/skylife.jpg
266,hello,11GB,auto_candidate,30000,30000,,2025-01-17 14:50:52,케이엘모바일_부성정책_ 1월 17일_ 2-6차 정책,"THE 착한 데이터 유심 11GB | 49,390 | 15,400 | 33,990 | 무제한 | 무제한 | 3008 | 1168 | 2GB+3Mbps | 30,000 30,000",/Users/jinwoo/Documents/Codex/2026-05-30/new-chat/policy-tracker/data/images/266/hello.jpg
266,hello,7GB,auto_candidate,30000,30000,,2025-01-17 14:50:52,케이엘모바일_부성정책_ 1월 17일_ 2-6차 정책,"DATA 걱 정 없는 유심 768 | 45,100 | 27,600 | 17,500 | 무제한 | 무제한 | 300% | 708 ‘Mbps 30,000 30,000",/Users/jinwoo/Documents/Codex/2026-05-30/new-chat/policy-tracker/data/images/266/hello.jpg
266,ktm,11GB,auto_candidate,120000,140000,,2025-01-17 14:50:52,케이엘모바일_부성정책_ 1월 17일_ 2-6차 정책,"2008 보 프 리 미 원 1168 44900 eae | Fae nics+aizcs| saps | 40000 | 120,000 | 140000 | 40000 | 100.000 | 120,00",/Users/jinwoo/Documents/Codex/2026-05-30/new-chat/policy-tracker/data/images/266/ktm.jpg
266,skylife,11GB,auto_candidate,45000,185000,,2025-01-17 14:50:52,케이엘모바일_부성정책_ 1월 17일_ 2-6차 정책,"모 두 충분 1168+( 밀 리 의 서재) | 33.000 | 무제한 | 무제한 | 300 분 |1106+ 일 208 34665 | 45000 | 185,000 | 34500 79,500",/Users/jinwoo/Documents/Codex/2026-05-30/new-chat/policy-tracker/data/images/266/skylife.jpg
266,skylife,7GB,auto_candidate,45000,160000,,2025-01-17 14:50:52,케이엘모바일_부성정책_ 1월 17일_ 2-6차 정책,"2588 768+( 밀 리 의 서재) | 16200 | 무제한 | 무제한 | 300 분 70 | 71065 | 45,000 | 160,000 | 34500 54,500",/Users/jinwoo/Documents/Codex/2026-05-30/new-chat/policy-tracker/data/images/266/skylife.jpg
266,umobile,11GB,auto_candidate,44000,197000,,2025-01-17 14:50:52,케이엘모바일_부성정책_ 1월 17일_ 2-6차 정책,"LTE USIM 스페셜           33,900           무제한          무제한 | 300% | 1168+일268 | 3Mbps | 44,000 | 197,000 | 44,000 | 197,000",/Users/jinwoo/Documents/Codex/2026-05-30/new-chat/policy-tracker/data/images/266/umobile.jpg
267,ktm,11GB,auto_candidate,120000,140000,,2025-01-18 08:41:31,케이엘모바일_부성정책_ 1월 18일_ 2-7차 정책,"2008 보 프 리 미 원 1168 44900 eae | Fae nics+aizcs| saps | 40000 | 120,000 | 140000 | 40000 | 100.000 | 120,00",/Users/jinwoo/Documents/Codex/2026-05-30/new-chat/policy-tracker/data/images/267/ktm.jpg
267,skylife,11GB,auto_candidate,45000,185000,,2025-01-18 08:41:31,케이엘모바일_부성정책_ 1월 18일_ 2-7차 정책,"모 두 충분 1168+( 밀 리 의 서재) | 33.000 | 무제한 | 무제한 | 300 분 |1106+ 일 208 34665 | 45000 | 185,000 | 34500 79,500",/Users/jinwoo/Documents/Codex/2026-05-30/new-chat/policy-tracker/data/images/267/skylife.jpg
267,skylife,7GB,auto_candidate,45000,160000,,2025-01-18 08:41:31,케이엘모바일_부성정책_ 1월 18일_ 2-7차 정책,"2588 768+( 밀 리 의 서재) | 16200 | 무제한 | 무제한 | 300 분 70 | 71065 | 45,000 | 160,000 | 34500 54,500",/Users/jinwoo/Documents/Codex/2026-05-30/new-chat/policy-tracker/data/images/267/skylife.jpg
267,umobile,11GB,auto_candidate,44000,197000,,2025-01-18 08:41:31,케이엘모바일_부성정책_ 1월 18일_ 2-7차 정책,"LTE USIM 스페셜           33,900           무제한          무제한 | 300% | 1168+일268 | 3Mbps | 44,000 | 197,000 | 44,000 | 197,000",/Users/jinwoo/Documents/Codex/2026-05-30/new-chat/policy-tracker/data/images/267/umobile.jpg
268,ktm,11GB,auto_candidate,120000,140000,,2025-01-21 10:23:39,케이엘모바일_부성정책_ 1월 21일_ 2-8차 정책,"2008 보 프 리 미 원 1168 44900 eae | Fae nics+aizcs| saps | 40000 | 120,000 | 140000 | 40000 | 100.000 | 120,00",/Users/jinwoo/Documents/Codex/2026-05-30/new-chat/policy-tracker/data/images/268/ktm.jpg
268,sk7,11GB,auto_candidate,20000,190000,,2025-01-21 10:23:39,케이엘모바일_부성정책_ 1월 21일_ 2-8차 정책,"결 함 2068 | 106 알뜰 (1168+/ 통 화 맘껏) | 49060 | 36,140 | 무제한 | 무제한 | 300% | 1168 | 일 208+34689 $0,000 | 190,000 | 20,000 | 190,000 | 20,000 | 170,000",/Users/jinwoo/Documents/Codex/2026-05-30/new-chat/policy-tracker/data/images/268/sk7.jpg
268,sk7,7GB,auto_candidate,20000,170000,,2025-01-21 10:23:39,케이엘모바일_부성정책_ 1월 21일_ 2-8차 정책,"컬 함 568 | ite 알뜰 (768+/ 통 화 맘껏) | 48400 | 19,140 | 무제한 | Fate | 300% | 768 | 1Mbps | 50000 | 170,000 | 20,000 | 170,000 | 20,000 | 150,000",/Users/jinwoo/Documents/Codex/2026-05-30/new-chat/policy-tracker/data/images/268/sk7.jpg
268,skylife,11GB,auto_candidate,45000,185000,,2025-01-21 10:23:39,케이엘모바일_부성정책_ 1월 21일_ 2-8차 정책,"모 두 충분 1168+( 밀 리 의 서재) | 33.000 | 무제한 | 무제한 | 300 분 |1106+ 일 208 34665 | 45000 | 185,000 | 34500 79,500",/Users/jinwoo/Documents/Codex/2026-05-30/new-chat/policy-tracker/data/images/268/skylife.jpg
268,skylife,7GB,auto_candidate,45000,160000,,2025-01-21 10:23:39,케이엘모바일_부성정책_ 1월 21일_ 2-8차 정책,"2588 768+( 밀 리 의 서재) | 16200 | 무제한 | 무제한 | 300 분 70 | 71065 | 45,000 | 160,000 | 34500 54,500",/Users/jinwoo/Documents/Codex/2026-05-30/new-chat/policy-tracker/data/images/268/skylife.jpg
268,umobile,11GB,auto_candidate,44000,197000,,2025-01-21 10:23:39,케이엘모바일_부성정책_ 1월 21일_ 2-8차 정책,"LTE USIM 스페셜           33,900           무제한          무제한 | 300% | 1168+일268 | 3Mbps | 44,000 | 197,000 | 44,000 | 197,000",/Users/jinwoo/Documents/Codex/2026-05-30/new-chat/policy-tracker/data/images/268/umobile.jpg
269,ktm,11GB,auto_candidate,120000,140000,,2025-01-23 10:22:11,케이엘모바일_부성정책_ 1월 23일_ 2-9차 정책,"2008 보 프 리 미 원 1168 44900 eae | Fae nics+aizcs| saps | 40000 | 120,000 | 140000 | 40000 | 100.000 | 120,00",/Users/jinwoo/Documents/Codex/2026-05-30/new-chat/policy-tracker/data/images/269/ktm.jpg
269,skylife,11GB,auto_candidate,45000,185000,,2025-01-23 10:22:11,케이엘모바일_부성정책_ 1월 23일_ 2-9차 정책,"모 두 충분 1168+( 밀 리 의 서재) | 33.000 | 무제한 | 무제한 | 300 분 |1106+ 일 208 34665 | 45000 | 185,000 | 34500 79,500",/Users/jinwoo/Documents/Codex/2026-05-30/new-chat/policy-tracker/data/images/269/skylife.jpg
269,skylife,7GB,auto_candidate,45000,160000,,2025-01-23 10:22:11,케이엘모바일_부성정책_ 1월 23일_ 2-9차 정책,"2588 768+( 밀 리 의 서재) | 16200 | 무제한 | 무제한 | 300 분 70 | 71065 | 45,000 | 160,000 | 34500 54,500",/Users/jinwoo/Documents/Codex/2026-05-30/new-chat/policy-tracker/data/images/269/skylife.jpg
269,umobile,11GB,auto_candidate,44000,197000,,2025-01-23 10:22:11,케이엘모바일_부성정책_ 1월 23일_ 2-9차 정책,"LTE USIM 스페셜           33,900           무제한          무제한 | 300% | 1168+일268 | 3Mbps | 44,000 | 197,000 | 44,000 | 197,000",/Users/jinwoo/Documents/Codex/2026-05-30/new-chat/policy-tracker/data/images/269/umobile.jpg
270,hello,11GB,auto_candidate,30000,70000,,2025-01-24 11:26:34,케이엘모바일_부성정책_ 1월 24일_ 3차 정책,"THE 착한 데이터 유심 11GB | 49,390 | 15,400 | 33,990 | 무제한 | 무제한 | 3008 | 1168 | @2GB+3Mbps | 30,000 | 70,000 | 30,000 | 70,000",/Users/jinwoo/Documents/Codex/2026-05-30/new-chat/policy-tracker/data/images/270/hello.jpg
270,skylife,11GB,auto_candidate,45000,185000,,2025-01-24 11:26:34,케이엘모바일_부성정책_ 1월 24일_ 3차 정책,"모 두 충분 1168+( 밀 리 의 서재) | 33.000 | 무제한 | 무제한 | 300 분 |1106+ 일 208 34665 | 45000 | 185,000 | 34500 79,500",/Users/jinwoo/Documents/Codex/2026-05-30/new-chat/policy-tracker/data/images/270/skylife.jpg
270,skylife,7GB,auto_candidate,45000,160000,,2025-01-24 11:26:34,케이엘모바일_부성정책_ 1월 24일_ 3차 정책,"2588 768+( 밀 리 의 서재) | 16200 | 무제한 | 무제한 | 300 분 70 | 71065 | 45,000 | 160,000 | 34500 54,500",/Users/jinwoo/Documents/Codex/2026-05-30/new-chat/policy-tracker/data/images/270/skylife.jpg
271,hello,11GB,auto_candidate,30000,70000,,2025-01-24 12:15:49,케이엘모바일_부성정책_ 1월 24일_ 3-1차 정책,"THE 착한 데이터 유심 11GB | 49,390 | 15,400 | 33,990 | 무제한 | 무제한 | 3008 | 1168 | @2GB+3Mbps | 30,000 | 70,000 | 30,000 | 70,000",/Users/jinwoo/Documents/Codex/2026-05-30/new-chat/policy-tracker/data/images/271/hello.jpg
271,skylife,11GB,auto_candidate,45000,185000,,2025-01-24 12:15:49,케이엘모바일_부성정책_ 1월 24일_ 3-1차 정책,"모 두 충분 1168+( 밀 리 의 서재) | 33.000 | 무제한 | 무제한 | 300 분 |1106+ 일 208 34665 | 45000 | 185,000 | 34500 79,500",/Users/jinwoo/Documents/Codex/2026-05-30/new-chat/policy-tracker/data/images/271/skylife.jpg
271,skylife,7GB,auto_candidate,45000,160000,,2025-01-24 12:15:49,케이엘모바일_부성정책_ 1월 24일_ 3-1차 정책,"2588 768+( 밀 리 의 서재) | 16200 | 무제한 | 무제한 | 300 분 70 | 71065 | 45,000 | 160,000 | 34500 54,500",/Users/jinwoo/Documents/Codex/2026-05-30/new-chat/policy-tracker/data/images/271/skylife.jpg
272,hello,11GB,auto_candidate,30000,110000,,2025-02-01 12:14:12,케이엘모바일_부성정책_ 2월 1일_ 1차 정책,"The 착한 데이터 유심 11GB ㅣ 49,390 | 15,400 | 33,990 ㅣ 무 제한 | 무제한 | 300 | 11.0GB) Y2GB+3Mbps | 30,000 | 110,000 | 30,000 | 90,000",/Users/jinwoo/Documents/Codex/2026-05-30/new-chat/policy-tracker/data/images/272/hello.png
272,hello,7GB,auto_candidate,30000,130000,,2025-02-01 12:14:12,케이엘모바일_부성정책_ 2월 1일_ 1차 정책,"DATA 걱 정 없는 유심 766 45,100 | 27,600 | 17,500 | 무제한 | 무제한 | 300 분 | 768 1Mbps 30,000 | 130,000 | 30,000 | 110,000",/Users/jinwoo/Documents/Codex/2026-05-30/new-chat/policy-tracker/data/images/272/hello.png
272,sk7,11GB,auto_candidate,40000,170000,,2025-02-01 12:14:12,케이엘모바일_부성정책_ 2월 1일_ 1차 정책,"결 함 2008 00406 (1168+) 54560 | 41200 | 무제한 | 무제한 | 300 분 | 1168 | 일 208+30609 40000 | 170,000",/Users/jinwoo/Documents/Codex/2026-05-30/new-chat/policy-tracker/data/images/272/sk7.jpg
272,sk7,7GB,auto_candidate,40000,150000,,2025-02-01 12:14:12,케이엘모바일_부성정책_ 2월 1일_ 1차 정책,"결 함 568 00406 (768+) 3900 | 24200 | 무제한 | 무제한 | 300 분 | 768 | 145 40000 | 150,000",/Users/jinwoo/Documents/Codex/2026-05-30/new-chat/policy-tracker/data/images/272/sk7.jpg
272,skylife,11GB,auto_candidate,45000,140000,,2025-02-01 12:14:12,케이엘모바일_부성정책_ 2월 1일_ 1차 정책,[ [see 1168+( 일 리 의 서제) [33000 | 무제한 | 무제한 | .300 분  |1100 일 208. 34605 | 45000 | 140000 | 34500 | 114.500 |,/Users/jinwoo/Documents/Codex/2026-05-30/new-chat/policy-tracker/data/images/272/skylife.jpg
272,umobile,11GB,auto_candidate,44000,153000,,2025-02-01 12:14:12,케이엘모바일_부성정책_ 2월 1일_ 1차 정책,"284 we LTE USIM 스폐셜 무제한 무 제 한 | 300 분 |1168+ 일 268| 3Mbps _|44,000 | 153,000 / 44,000 | 153,000",/Users/jinwoo/Documents/Codex/2026-05-30/new-chat/policy-tracker/data/images/272/umobile.png
274,hello,11GB,auto_candidate,30000,110000,,2025-02-05 10:42:12,케이엘모바일_부성정책_ 2월 5일_ 1-1차 정책,"The 착한 데이터 유심 11GB | 49,390 | 15,400 | 33,990 ㅣ 무 제한 | 무제한 | 300 | 11.0GB) Y2GB+3Mbps | 30,000 | 110,000 | 30,000 | 90,000",/Users/jinwoo/Documents/Codex/2026-05-30/new-chat/policy-tracker/data/images/274/hello.png
274,hello,7GB,auto_candidate,30000,130000,,2025-02-05 10:42:12,케이엘모바일_부성정책_ 2월 5일_ 1-1차 정책,"DATA 걱 정 없는 유심 766 45,100 | 27,600 | 17,500 | 무제한 | 무제한 | 300 분 | 768 1Mbps 30,000 | 130,000 | 30,000 | 110,000",/Users/jinwoo/Documents/Codex/2026-05-30/new-chat/policy-tracker/data/images/274/hello.png
274,skylife,11GB,auto_candidate,45000,140000,,2025-02-05 10:42:12,케이엘모바일_부성정책_ 2월 5일_ 1-1차 정책,[ [see 1168+( 일 리 의 서제) [33000 | 무제한 | 무제한 | .300 분  |1100 일 208. 34605 | 45000 | 140000 | 34500 | 114.500 |,/Users/jinwoo/Documents/Codex/2026-05-30/new-chat/policy-tracker/data/images/274/skylife.jpg
274,umobile,11GB,auto_candidate,44000,153000,,2025-02-05 10:42:12,케이엘모바일_부성정책_ 2월 5일_ 1-1차 정책,"284 we LTE USIM 스폐셜 무제한 무 제 한 | 300 분 |1168+ 일 268| 3Mbps _|44,000 | 153,000 / 44,000 | 153,000",/Users/jinwoo/Documents/Codex/2026-05-30/new-chat/policy-tracker/data/images/274/umobile.png
275,hello,11GB,auto_candidate,30000,120000,,2025-02-07 10:35:51,케이엘모바일_부성정책_ 2월 7일_ 2차 정책,"보편 안심 유심 1GB 1008 22,000 22,000 | 100% | 10021 168 ‘Mbps 30,000 | 120,000 | 30,000 | 100,000",/Users/jinwoo/Documents/Codex/2026-05-30/new-chat/policy-tracker/data/images/275/hello.jpg
275,skylife,11GB,auto_candidate,45000,140000,,2025-02-07 10:35:51,케이엘모바일_부성정책_ 2월 7일_ 2차 정책,[ [see 1168+( 일 리 의 서제) [33000 | 무제한 | 무제한 | .300 분  |1100 일 208. 34605 | 45000 | 140000 | 34500 | 114.500 |,/Users/jinwoo/Documents/Codex/2026-05-30/new-chat/policy-tracker/data/images/275/skylife.jpg
275,umobile,11GB,auto_candidate,44000,143000,,2025-02-07 10:35:51,케이엘모바일_부성정책_ 2월 7일_ 2차 정책,"aan e3l LTE USIM 스페셜 무제한 무 제 한 | 300 분 | 1168+ 일 268 3Mbps 44,000 143,000 | 44,000 143,000",/Users/jinwoo/Documents/Codex/2026-05-30/new-chat/policy-tracker/data/images/275/umobile.jpg
275,umobile,7GB,auto_candidate,44000,121000,,2025-02-07 10:35:51,케이엘모바일_부성정책_ 2월 7일_ 2차 정책,"LTE USIM (768+/ 통 화 기 본) 무제한 무 제 한 | 300 분 768 ‘Mbps. 44,000 121,000 | 44,000 121,000",/Users/jinwoo/Documents/Codex/2026-05-30/new-chat/policy-tracker/data/images/275/umobile.jpg
276,hello,11GB,auto_candidate,30000,120000,,2025-02-08 15:54:10,케이엘모바일_부성정책_ 2월 8일_ 2-1차 정책,"보편 안심 유심 1GB 1008 22,000 22,000 | 100% | 10021 168 ‘Mbps 30,000 | 120,000 | 30,000 | 100,000",/Users/jinwoo/Documents/Codex/2026-05-30/new-chat/policy-tracker/data/images/276/hello.jpg
276,sk7,11GB,auto_candidate,40000,140000,,2025-02-08 15:54:10,케이엘모바일_부성정책_ 2월 8일_ 2-1차 정책,"결 함 2068 | LTE 알뜰 (1168+/ 통 화 맘껏) | 49,060 | 36,140 | 무제한 | 무제한 | 300% | 11GB |B2GB+3Mbps| 60,000 | 140,000 | 40,000 | 140,000 | 40,000 | 140,000",/Users/jinwoo/Documents/Codex/2026-05-30/new-chat/policy-tracker/data/images/276/sk7.jpg
276,sk7,7GB,auto_candidate,40000,120000,,2025-02-08 15:54:10,케이엘모바일_부성정책_ 2월 8일_ 2-1차 정책,"결 함 566 | LTE SH (768+/ 통 화 맘껏) | 48,400 | 19,140 | 무제한 | 무제한 | 300% | 708 iMbps | 60,000 | 120,000 | 40,000 | 120,000 | 40,000 | 120,000",/Users/jinwoo/Documents/Codex/2026-05-30/new-chat/policy-tracker/data/images/276/sk7.jpg
276,skylife,11GB,auto_candidate,45000,140000,,2025-02-08 15:54:10,케이엘모바일_부성정책_ 2월 8일_ 2-1차 정책,[ [see 1168+( 일 리 의 서제) [33000 | 무제한 | 무제한 | .300 분  |1100 일 208. 34605 | 45000 | 140000 | 34500 | 114.500 |,/Users/jinwoo/Documents/Codex/2026-05-30/new-chat/policy-tracker/data/images/276/skylife.jpg
276,umobile,11GB,auto_candidate,44000,143000,,2025-02-08 15:54:10,케이엘모바일_부성정책_ 2월 8일_ 2-1차 정책,"aan e3l LTE USIM 스페셜 무제한 무 제 한 | 300 분 | 1168+ 일 268 3Mbps 44,000 143,000 | 44,000 143,000",/Users/jinwoo/Documents/Codex/2026-05-30/new-chat/policy-tracker/data/images/276/umobile.jpg
276,umobile,7GB,auto_candidate,44000,121000,,2025-02-08 15:54:10,케이엘모바일_부성정책_ 2월 8일_ 2-1차 정책,"LTE USIM (768+/ 통 화 기 본) 무제한 무 제 한 | 300 분 768 ‘Mbps. 44,000 121,000 | 44,000 121,000",/Users/jinwoo/Documents/Codex/2026-05-30/new-chat/policy-tracker/data/images/276/umobile.jpg
277,sk7,11GB,auto_candidate,40000,140000,,2025-02-18 10:43:54,케이엘모바일_부성정책_ 2월 18일_ 3차 정책,"결 함 2068 | LTE 알뜰 (1168+/ 통 화 맘껏) | 49,060 | 36,140 | 무제한 | 무제한 | 300% | 11GB |B2GB+3Mbps| 60,000 | 140,000 | 40,000 | 140,000 | 40,000 | 140,000",/Users/jinwoo/Documents/Codex/2026-05-30/new-chat/policy-tracker/data/images/277/sk7.jpg
277,sk7,7GB,auto_candidate,40000,120000,,2025-02-18 10:43:54,케이엘모바일_부성정책_ 2월 18일_ 3차 정책,"결 함 566 | LTE SH (768+/ 통 화 맘껏) | 48,400 | 19,140 | 무제한 | 무제한 | 300% | 708 iMbps | 60,000 | 120,000 | 40,000 | 120,000 | 40,000 | 120,000",/Users/jinwoo/Documents/Codex/2026-05-30/new-chat/policy-tracker/data/images/277/sk7.jpg
277,skylife,11GB,auto_candidate,45000,140000,,2025-02-18 10:43:54,케이엘모바일_부성정책_ 2월 18일_ 3차 정책,[ [see 1168+( 일 리 의 서제) [33000 | 무제한 | 무제한 | .300 분  |1100 일 208. 34605 | 45000 | 140000 | 34500 | 114.500 |,/Users/jinwoo/Documents/Codex/2026-05-30/new-chat/policy-tracker/data/images/277/skylife.jpg
277,umobile,11GB,auto_candidate,44000,143000,,2025-02-18 10:43:54,케이엘모바일_부성정책_ 2월 18일_ 3차 정책,"34,900 무제한 무 제 한 | 300 분 | 1168+ 일 268 | 34665 | 44,000 | 143,000 | 44,000 | 143.000",/Users/jinwoo/Documents/Codex/2026-05-30/new-chat/policy-tracker/data/images/277/umobile.jpg
278,sk7,11GB,auto_candidate,40000,140000,,2025-02-19 10:29:27,케이엘모바일_부성정책_ 2월 19일_ 3-1차 정책,"결 함 2068 | 106 알뜰 (1168+/ 통 화 맘껏) | 49060 | 36.140 | exe | 무제한 | 300% | 1168 | 일 208+34689 60,000 | 140,000 | 40,000 | 140,000 | 40,000 | 140,000",/Users/jinwoo/Documents/Codex/2026-05-30/new-chat/policy-tracker/data/images/278/sk7.jpg
278,sk7,7GB,auto_candidate,40000,120000,,2025-02-19 10:29:27,케이엘모바일_부성정책_ 2월 19일_ 3-1차 정책,"wasce 06 알뜰 (768+/ 맘껏) 48400 19,140 무제한 무 저 한 300 768 10685 60,000 120.000 40,000 120,000 40,000 120,000",/Users/jinwoo/Documents/Codex/2026-05-30/new-chat/policy-tracker/data/images/278/sk7.jpg
278,skylife,11GB,auto_candidate,45000,140000,,2025-02-19 10:29:27,케이엘모바일_부성정책_ 2월 19일_ 3-1차 정책,[ [see 1168+( 일 리 의 서제) [33000 | 무제한 | 무제한 | .300 분  |1100 일 208. 34605 | 45000 | 140000 | 34500 | 114.500 |,/Users/jinwoo/Documents/Codex/2026-05-30/new-chat/policy-tracker/data/images/278/skylife.jpg
278,umobile,11GB,auto_candidate,44000,143000,,2025-02-19 10:29:27,케이엘모바일_부성정책_ 2월 19일_ 3-1차 정책,"34,900 무제한 무 제 한 | 300 분 | 1168+ 일 268 | 34665 | 44,000 | 143,000 | 44,000 | 143.000",/Users/jinwoo/Documents/Codex/2026-05-30/new-chat/policy-tracker/data/images/278/umobile.jpg
279,hello,11GB,auto_candidate,30000,110000,,2025-03-01 12:08:07,케이엘모바일_부성정책_ 3월 1일_1차 정책,"The 착한 데이터 유심 1168 | 49,390 | 15.400 | 33,990 ㅣ 무제한 | 무제한 | 300% | 10GB) @aGB+3Mbps | 30,000 | 110,000 | 30,000 | 90,000",/Users/jinwoo/Documents/Codex/2026-05-30/new-chat/policy-tracker/data/images/279/hello.jpg
279,sk7,11GB,auto_candidate,50000,120000,,2025-03-01 12:08:07,케이엘모바일_부성정책_ 3월 1일_1차 정책,"결 함 2008 00406 (1168+) 54560 | 41200 | 무제한 | 무제한 | 300 분 | 1168 | g2ce+3Mbpy 50000 | 120,000",/Users/jinwoo/Documents/Codex/2026-05-30/new-chat/policy-tracker/data/images/279/sk7.jpg
279,sk7,7GB,auto_candidate,50000,100000,,2025-03-01 12:08:07,케이엘모바일_부성정책_ 3월 1일_1차 정책,"걸 함 568 00406 (768+) 3900 | 24200 | 무제한 | 무제한 | 300 분 | 708 | 105 50000 | 100,000",/Users/jinwoo/Documents/Codex/2026-05-30/new-chat/policy-tracker/data/images/279/sk7.jpg
279,umobile,11GB,auto_candidate,55000,121000,,2025-03-01 12:08:07,케이엘모바일_부성정책_ 3월 1일_1차 정책,"LTE 스폐셜 34,900 무제한 무 제 한 | 300 분 | 1168+ 일 268 | 3Mbps | 55,000 | 121,000 | 44,000 | 121,000",/Users/jinwoo/Documents/Codex/2026-05-30/new-chat/policy-tracker/data/images/279/umobile.jpg
279,umobile,7GB,auto_candidate,44000,99000,,2025-03-01 12:08:07,케이엘모바일_부성정책_ 3월 1일_1차 정책,"LTE (768+/ 통 화 기 본) ㅣ 18,500 무제한 무 제 한 | 300 분 | 768 74605 | 44,000 | 99,000 | 44,000 | 99,000",/Users/jinwoo/Documents/Codex/2026-05-30/new-chat/policy-tracker/data/images/279/umobile.jpg
280,hello,11GB,auto_candidate,30000,110000,,2025-03-03 11:39:08,케이엘모바일_부성정책_ 3월 3일_1-1차 정책,"The 착한 데이터 유심 1168 | 49,390 | 15.400 | 33,990 ㅣ 무제한 | 무제한 | 300% | 10GB) @aGB+3Mbps | 30,000 | 110,000 | 30,000 | 90,000",/Users/jinwoo/Documents/Codex/2026-05-30/new-chat/policy-tracker/data/images/280/hello.jpg
280,skylife,11GB,auto_candidate,45000,115000,,2025-03-03 11:39:08,케이엘모바일_부성정책_ 3월 3일_1-1차 정책,"모 두 충분 1168+(04) 33.000 | 48 | 무제한 | 300 분  |106+ 일 208 3066 | 45,000 | 115,000 | 34500 | 97,000",/Users/jinwoo/Documents/Codex/2026-05-30/new-chat/policy-tracker/data/images/280/skylife.jpg
280,skylife,7GB,auto_candidate,45000,110000,,2025-03-03 11:39:08,케이엘모바일_부성정책_ 3월 3일_1-1차 정책,"모 두 충분 768+( 밀 리 의 서재) | 16200 | Fae | 무제한 | 300 분 7686 | 1068 | 45000 | 110,000 | 34500 | 86000",/Users/jinwoo/Documents/Codex/2026-05-30/new-chat/policy-tracker/data/images/280/skylife.jpg
280,umobile,11GB,auto_candidate,55000,121000,,2025-03-03 11:39:08,케이엘모바일_부성정책_ 3월 3일_1-1차 정책,"LTE 스페셜 34,900 무제한 무 제 한 | 300% | 1168+ 일 268| 3Mbps | 55,000 | 121,000 121,000",/Users/jinwoo/Documents/Codex/2026-05-30/new-chat/policy-tracker/data/images/280/umobile.jpg
280,umobile,7GB,auto_candidate,44000,99000,,2025-03-03 11:39:08,케이엘모바일_부성정책_ 3월 3일_1-1차 정책,"LTE (768+/ 통 화 기 본) 18,500 무제한 무 제 한 | 300 분 768 Mbps | 44,000 | 99,000 99,000",/Users/jinwoo/Documents/Codex/2026-05-30/new-chat/policy-tracker/data/images/280/umobile.jpg
282,hello,11GB,auto_candidate,30000,110000,,2025-03-05 11:17:08,케이엘모바일_부성정책_ 3월 5일_1-2차 정책,"The 착한 데이터 유심 1168 | 49,390 | 15,400 | 33,990 | 무제한 | 무제한 | 300% | 10GB) aGB+3Mbps | 30,000 | 110,000 | 30,000 | 90,000",/Users/jinwoo/Documents/Codex/2026-05-30/new-chat/policy-tracker/data/images/282/hello.jpg
282,skylife,11GB,auto_candidate,45000,115000,,2025-03-05 11:17:08,케이엘모바일_부성정책_ 3월 5일_1-2차 정책,"모 두 충분 1168+(04) 33.000 | 48 | 무제한 | 300 분  |106+ 일 208 3066 | 45,000 | 115,000 | 34500 | 97,000",/Users/jinwoo/Documents/Codex/2026-05-30/new-chat/policy-tracker/data/images/282/skylife.jpg
282,skylife,7GB,auto_candidate,45000,110000,,2025-03-05 11:17:08,케이엘모바일_부성정책_ 3월 5일_1-2차 정책,"모 두 충분 768+( 밀 리 의 서재) | 16200 | Fae | 무제한 | 300 분 7686 | 1068 | 45000 | 110,000 | 34500 | 86000",/Users/jinwoo/Documents/Codex/2026-05-30/new-chat/policy-tracker/data/images/282/skylife.jpg
282,umobile,11GB,auto_candidate,55000,121000,,2025-03-05 11:17:08,케이엘모바일_부성정책_ 3월 5일_1-2차 정책,"LTE 스페셜 34,900 무제한 무 제 한 | 300% | 1168+ 일 268| 3Mbps | 55,000 | 121,000 121,000",/Users/jinwoo/Documents/Codex/2026-05-30/new-chat/policy-tracker/data/images/282/umobile.jpg
282,umobile,7GB,auto_candidate,44000,99000,,2025-03-05 11:17:08,케이엘모바일_부성정책_ 3월 5일_1-2차 정책,"LTE (768+/ 통 화 기 본) 18,500 무제한 무 제 한 | 300 분 768 Mbps | 44,000 | 99,000 99,000",/Users/jinwoo/Documents/Codex/2026-05-30/new-chat/policy-tracker/data/images/282/umobile.jpg
283,hello,11GB,auto_candidate,30000,110000,,2025-03-06 11:58:36,케이엘모바일_부성정책_ 3월 6일_1-3차 정책,"The 착한 데이터 유심 1168 | 49,390 | 15,400 | 33,990 | 무제한 | 무제한 | 300% | 10GB) aGB+3Mbps | 30,000 | 110,000 | 30,000 | 90,000",/Users/jinwoo/Documents/Codex/2026-05-30/new-chat/policy-tracker/data/images/283/hello.jpg
283,skylife,11GB,auto_candidate,45000,115000,,2025-03-06 11:58:36,케이엘모바일_부성정책_ 3월 6일_1-3차 정책,"모 두 충분 1168+(04) 33.000 | 48 | 무제한 | 300 분  |106+ 일 208 3066 | 45,000 | 115,000 | 34500 | 97,000",/Users/jinwoo/Documents/Codex/2026-05-30/new-chat/policy-tracker/data/images/283/skylife.jpg
283,skylife,7GB,auto_candidate,45000,110000,,2025-03-06 11:58:36,케이엘모바일_부성정책_ 3월 6일_1-3차 정책,"모 두 충분 768+( 밀 리 의 서재) | 16200 | Fae | 무제한 | 300 분 7686 | 1068 | 45000 | 110,000 | 34500 | 86000",/Users/jinwoo/Documents/Codex/2026-05-30/new-chat/policy-tracker/data/images/283/skylife.jpg
283,umobile,11GB,auto_candidate,55000,121000,,2025-03-06 11:58:36,케이엘모바일_부성정책_ 3월 6일_1-3차 정책,"LTE 스페셜 34,900 무제한 무 제 한 | 300% | 1168+ 일 268| 3Mbps | 55,000 | 121,000 121,000",/Users/jinwoo/Documents/Codex/2026-05-30/new-chat/policy-tracker/data/images/283/umobile.jpg
283,umobile,7GB,auto_candidate,44000,99000,,2025-03-06 11:58:36,케이엘모바일_부성정책_ 3월 6일_1-3차 정책,"LTE (768+/ 통 화 기 본) 18,500 무제한 무 제 한 | 300 분 768 Mbps | 44,000 | 99,000 99,000",/Users/jinwoo/Documents/Codex/2026-05-30/new-chat/policy-tracker/data/images/283/umobile.jpg
284,hello,11GB,auto_candidate,30000,110000,,2025-03-07 10:22:39,케이엘모바일_부성정책_ 3월 7일_1-4차 정책,"The 착한 데이터 유심 1168 | 49,390 | 15,400 | 33,990 | 무제한 | 무제한 | 300% | 10GB) aGB+3Mbps | 30,000 | 110,000 | 30,000 | 90,000",/Users/jinwoo/Documents/Codex/2026-05-30/new-chat/policy-tracker/data/images/284/hello.jpg
284,ktm,11GB,auto_candidate,33500,40000,,2025-03-07 10:22:39,케이엘모바일_부성정책_ 3월 7일_1-4차 정책,"2068  M xziolg 1168  a0 | 33500    sae | 202 |rcs+acs| | 3495         40,000",/Users/jinwoo/Documents/Codex/2026-05-30/new-chat/policy-tracker/data/images/284/ktm.jpg
284,skylife,11GB,auto_candidate,45000,115000,,2025-03-07 10:22:39,케이엘모바일_부성정책_ 3월 7일_1-4차 정책,"모 두 충분 1168+(04) 33.000 | 48 | 무제한 | 300 분  |106+ 일 208 3066 | 45,000 | 115,000 | 34500 | 97,000",/Users/jinwoo/Documents/Codex/2026-05-30/new-chat/policy-tracker/data/images/284/skylife.jpg
284,skylife,7GB,auto_candidate,45000,110000,,2025-03-07 10:22:39,케이엘모바일_부성정책_ 3월 7일_1-4차 정책,"모 두 충분 768+( 밀 리 의 서재) | 16200 | Fae | 무제한 | 300 분 7686 | 1068 | 45000 | 110,000 | 34500 | 86000",/Users/jinwoo/Documents/Codex/2026-05-30/new-chat/policy-tracker/data/images/284/skylife.jpg
284,umobile,11GB,auto_candidate,55000,121000,,2025-03-07 10:22:39,케이엘모바일_부성정책_ 3월 7일_1-4차 정책,"LTE 스페셜 34,900 무제한 무 제 한 | 300% | 1168+ 일 268| 3Mbps | 55,000 | 121,000 121,000",/Users/jinwoo/Documents/Codex/2026-05-30/new-chat/policy-tracker/data/images/284/umobile.jpg
284,umobile,7GB,auto_candidate,44000,99000,,2025-03-07 10:22:39,케이엘모바일_부성정책_ 3월 7일_1-4차 정책,"LTE (768+/ 통 화 기 본) 18,500 무제한 무 제 한 | 300 분 768 Mbps | 44,000 | 99,000 99,000",/Users/jinwoo/Documents/Codex/2026-05-30/new-chat/policy-tracker/data/images/284/umobile.jpg
285,hello,11GB,auto_candidate,30000,110000,,2025-03-17 10:57:24,케이엘모바일_부성정책_ 3월 17일_1-5차 정책,"The 착한 데이터 유심 1168 | 49,390 | 15.400 | 33,990 | 무제한 | 무제한 | 300% | 10GB) QacB+3Mbps | 30,000 | 110,000 | 30,000 | 90,000",/Users/jinwoo/Documents/Codex/2026-05-30/new-chat/policy-tracker/data/images/285/hello.jpg
285,ktm,11GB,auto_candidate,33500,40000,,2025-03-17 10:57:24,케이엘모바일_부성정책_ 3월 17일_1-5차 정책,"2068  M xziolg 1168  a0 | 33500    sae | 202 |rcs+acs| | 3495         40,000",/Users/jinwoo/Documents/Codex/2026-05-30/new-chat/policy-tracker/data/images/285/ktm.jpg
285,skylife,11GB,auto_candidate,45000,115000,,2025-03-17 10:57:24,케이엘모바일_부성정책_ 3월 17일_1-5차 정책,"모 두 충분 1168+(04) 33.000 | 48 | 무제한 | 300 분  |106+ 일 208 3066 | 45,000 | 115,000 | 34500 | 97,000",/Users/jinwoo/Documents/Codex/2026-05-30/new-chat/policy-tracker/data/images/285/skylife.jpg
285,skylife,7GB,auto_candidate,45000,110000,,2025-03-17 10:57:24,케이엘모바일_부성정책_ 3월 17일_1-5차 정책,"모 두 충분 768+( 밀 리 의 서재) | 16200 | Fae | 무제한 | 300 분 7686 | 1068 | 45000 | 110,000 | 34500 | 86000",/Users/jinwoo/Documents/Codex/2026-05-30/new-chat/policy-tracker/data/images/285/skylife.jpg
285,umobile,11GB,auto_candidate,55000,121000,,2025-03-17 10:57:24,케이엘모바일_부성정책_ 3월 17일_1-5차 정책,"LTE 스페셜 34,900 무제한 무 제 한 | 300% | 1168+ 일 268| 3Mbps | 55,000 | 121,000 121,000",/Users/jinwoo/Documents/Codex/2026-05-30/new-chat/policy-tracker/data/images/285/umobile.jpg
285,umobile,7GB,auto_candidate,44000,99000,,2025-03-17 10:57:24,케이엘모바일_부성정책_ 3월 17일_1-5차 정책,"LTE (768+/ 통 화 기 본) 18,500 무제한 무 제 한 | 300 분 768 Mbps | 44,000 | 99,000 99,000",/Users/jinwoo/Documents/Codex/2026-05-30/new-chat/policy-tracker/data/images/285/umobile.jpg
286,hello,11GB,auto_candidate,30000,110000,,2025-03-21 10:27:31,케이엘모바일_부성정책_ 3월 21일_1-6차 정책,"The 착한 데이터 유심 1168 | 49,390 | 15.400 | 33,990 | 무제한 | 무제한 | 300% | 10GB) QacB+3Mbps | 30,000 | 110,000 | 30,000 | 90,000",/Users/jinwoo/Documents/Codex/2026-05-30/new-chat/policy-tracker/data/images/286/hello.jpg
286,ktm,11GB,auto_candidate,33500,40000,,2025-03-21 10:27:31,케이엘모바일_부성정책_ 3월 21일_1-6차 정책,"2068  M xziolg 1168  a0 | 33500    sae | 202 |rcs+acs| | 3495         40,000",/Users/jinwoo/Documents/Codex/2026-05-30/new-chat/policy-tracker/data/images/286/ktm.jpg
286,skylife,11GB,auto_candidate,45000,115000,,2025-03-21 10:27:31,케이엘모바일_부성정책_ 3월 21일_1-6차 정책,"모 두 충분 1168+(04) 33.000 | 48 | 무제한 | 300 분  |106+ 일 208 3066 | 45,000 | 115,000 | 34500 | 97,000",/Users/jinwoo/Documents/Codex/2026-05-30/new-chat/policy-tracker/data/images/286/skylife.jpg
286,skylife,7GB,auto_candidate,45000,110000,,2025-03-21 10:27:31,케이엘모바일_부성정책_ 3월 21일_1-6차 정책,"모 두 충분 768+( 밀 리 의 서재) | 16200 | Fae | 무제한 | 300 분 7686 | 1068 | 45000 | 110,000 | 34500 | 86000",/Users/jinwoo/Documents/Codex/2026-05-30/new-chat/policy-tracker/data/images/286/skylife.jpg
286,umobile,11GB,auto_candidate,55000,121000,,2025-03-21 10:27:31,케이엘모바일_부성정책_ 3월 21일_1-6차 정책,"LTE 스페셜 34,900 무제한 무 제 한 | 300% | 1168+ 일 268| 3Mbps | 55,000 | 121,000 121,000",/Users/jinwoo/Documents/Codex/2026-05-30/new-chat/policy-tracker/data/images/286/umobile.jpg
286,umobile,7GB,auto_candidate,44000,99000,,2025-03-21 10:27:31,케이엘모바일_부성정책_ 3월 21일_1-6차 정책,"LTE (768+/ 통 화 기 본) 18,500 무제한 무 제 한 | 300 분 768 Mbps | 44,000 | 99,000 99,000",/Users/jinwoo/Documents/Codex/2026-05-30/new-chat/policy-tracker/data/images/286/umobile.jpg
287,ktm,11GB,auto_candidate,33500,40000,,2025-03-22 11:04:04,케이엘모바일_부성정책_ 3월 22일_1-7차 정책,"2068  M xziolg 1168  a0 | 33500    sae | 202 |rcs+acs| | 3495         40,000",/Users/jinwoo/Documents/Codex/2026-05-30/new-chat/policy-tracker/data/images/287/ktm.jpg
287,skylife,11GB,auto_candidate,45000,115000,,2025-03-22 11:04:04,케이엘모바일_부성정책_ 3월 22일_1-7차 정책,"모 두 충분 1168+(04) 33.000 | 48 | 무제한 | 300 분  |106+ 일 208 3066 | 45,000 | 115,000 | 34500 | 97,000",/Users/jinwoo/Documents/Codex/2026-05-30/new-chat/policy-tracker/data/images/287/skylife.jpg
287,skylife,7GB,auto_candidate,45000,110000,,2025-03-22 11:04:04,케이엘모바일_부성정책_ 3월 22일_1-7차 정책,"모 두 충분 768+( 밀 리 의 서재) | 16200 | Fae | 무제한 | 300 분 7686 | 1068 | 45000 | 110,000 | 34500 | 86000",/Users/jinwoo/Documents/Codex/2026-05-30/new-chat/policy-tracker/data/images/287/skylife.jpg
287,umobile,11GB,auto_candidate,55000,121000,,2025-03-22 11:04:04,케이엘모바일_부성정책_ 3월 22일_1-7차 정책,"LTE 스페셜 34,900 무제한 무 제 한 | 300% | 1168+ 일 268| 3Mbps | 55,000 | 121,000 121,000",/Users/jinwoo/Documents/Codex/2026-05-30/new-chat/policy-tracker/data/images/287/umobile.jpg
287,umobile,7GB,auto_candidate,44000,99000,,2025-03-22 11:04:04,케이엘모바일_부성정책_ 3월 22일_1-7차 정책,"LTE (768+/ 통 화 기 본) 18,500 무제한 무 제 한 | 300 분 768 Mbps | 44,000 | 99,000 99,000",/Users/jinwoo/Documents/Codex/2026-05-30/new-chat/policy-tracker/data/images/287/umobile.jpg
288,ktm,11GB,auto_candidate,33500,40000,,2025-03-28 10:18:04,케이엘모바일_부성정책_ 3월 28일_1-8차 정책,"2068  M xziolg 1168  a0 | 33500    sae | 202 |rcs+acs| | 3495         40,000",/Users/jinwoo/Documents/Codex/2026-05-30/new-chat/policy-tracker/data/images/288/ktm.jpg
288,sk7,11GB,auto_candidate,50000,50000,,2025-03-28 10:18:04,케이엘모바일_부성정책_ 3월 28일_1-8차 정책,"결 함 2068 | LTE 알뜰 (1168+/ 통 화 맘껏) | 49.060 | 36140 | 무제한 | 무 져 한 | 300K 1168 | 2#2GB+3Mbps| 50,000 50,000 50,000",/Users/jinwoo/Documents/Codex/2026-05-30/new-chat/policy-tracker/data/images/288/sk7.jpg
288,sk7,7GB,auto_candidate,50000,50000,,2025-03-28 10:18:04,케이엘모바일_부성정책_ 3월 28일_1-8차 정책,"결 함 568 | LTE BE (768+/ 통 화 맘껏) | 48400 | 19,140 | 무제한 | 무제한 | 300% 768 ‘Mbps: 50,000 50,000 50,000",/Users/jinwoo/Documents/Codex/2026-05-30/new-chat/policy-tracker/data/images/288/sk7.jpg
288,skylife,11GB,auto_candidate,45000,115000,,2025-03-28 10:18:04,케이엘모바일_부성정책_ 3월 28일_1-8차 정책,"모 두 충분 1168+(04) 33.000 | 48 | 무제한 | 300 분  |106+ 일 208 3066 | 45,000 | 115,000 | 34500 | 97,000",/Users/jinwoo/Documents/Codex/2026-05-30/new-chat/policy-tracker/data/images/288/skylife.jpg
288,skylife,7GB,auto_candidate,45000,110000,,2025-03-28 10:18:04,케이엘모바일_부성정책_ 3월 28일_1-8차 정책,"모 두 충분 768+( 밀 리 의 서재) | 16200 | Fae | 무제한 | 300 분 7686 | 1068 | 45000 | 110,000 | 34500 | 86000",/Users/jinwoo/Documents/Codex/2026-05-30/new-chat/policy-tracker/data/images/288/skylife.jpg
288,umobile,11GB,auto_candidate,55000,121000,,2025-03-28 10:18:04,케이엘모바일_부성정책_ 3월 28일_1-8차 정책,"LTE 스페셜 34,900 무제한 무 제 한 | 300% | 1168+ 일 268| 3Mbps | 55,000 | 121,000 121,000",/Users/jinwoo/Documents/Codex/2026-05-30/new-chat/policy-tracker/data/images/288/umobile.jpg
288,umobile,7GB,auto_candidate,44000,99000,,2025-03-28 10:18:04,케이엘모바일_부성정책_ 3월 28일_1-8차 정책,"LTE (768+/ 통 화 기 본) 18,500 무제한 무 제 한 | 300 분 768 Mbps | 44,000 | 99,000 99,000",/Users/jinwoo/Documents/Codex/2026-05-30/new-chat/policy-tracker/data/images/288/umobile.jpg
289,hello,11GB,auto_candidate,30000,100000,,2025-04-01 11:14:16,케이엘모바일_부성정책_ 4월 1일_ 1차 정책,"The 착한 데이터 유심 1168 | 49,390 | 15.400 | 33,990 | 무제한 | 무제한 | 300% | 10GB) aGB+3Mbps | 30,000 | 100,000 | 30,000 | 80,000",/Users/jinwoo/Documents/Codex/2026-05-30/new-chat/policy-tracker/data/images/289/hello.jpg
289,sk7,11GB,auto_candidate,50000,110000,,2025-04-01 11:14:16,케이엘모바일_부성정책_ 4월 1일_ 1차 정책,"결 함 2008 00406 (1168+) 54560 | 41.200 | 무제한 | 무제한 | soo | 1168 | g2ce+aMbpd 50000 | 110,000",/Users/jinwoo/Documents/Codex/2026-05-30/new-chat/policy-tracker/data/images/289/sk7.jpg
289,sk7,7GB,auto_candidate,50000,90000,,2025-04-01 11:14:16,케이엘모바일_부성정책_ 4월 1일_ 1차 정책,"결 할 568 | cre 알뜰 (768+/ 통 화 맘껏) | 48400 | 19,140 | 무제한 | eae | 300% | 768 | 1Mbps | 50000 | 90,000 | 50,000 | 90000 | 50,000 | 90,000",/Users/jinwoo/Documents/Codex/2026-05-30/new-chat/policy-tracker/data/images/289/sk7.jpg
289,skylife,11GB,auto_candidate,45000,115000,,2025-04-01 11:14:16,케이엘모바일_부성정책_ 4월 1일_ 1차 정책,"모 두 충분 1168+ (CU) 33000 | 무제한 | 무제한 | 300%  |1166+ 일 208 34665 | 45,000 | 115.000 | 34500 | 104500",/Users/jinwoo/Documents/Codex/2026-05-30/new-chat/policy-tracker/data/images/289/skylife.jpg
289,skylife,7GB,auto_candidate,45000,90000,,2025-04-01 11:14:16,케이엘모바일_부성정책_ 4월 1일_ 1차 정책,"모 두 충분 768+( 밀 리 의 서재) | 16200 | 무제한 | 우 제한 | 300 분 766 | 1065 | 45000 90,000 34,500 79,500",/Users/jinwoo/Documents/Codex/2026-05-30/new-chat/policy-tracker/data/images/289/skylife.jpg
289,umobile,11GB,auto_candidate,55000,99000,,2025-04-01 11:14:16,케이엘모바일_부성정책_ 4월 1일_ 1차 정책,"LTE 스페셜 34,900 무제한 무 제 한 | 300% | 1168+ 일 268 | 3Mbps | 55.000 | 99,000 55,000 99,000",/Users/jinwoo/Documents/Codex/2026-05-30/new-chat/policy-tracker/data/images/289/umobile.jpg
289,umobile,7GB,auto_candidate,55000,77000,,2025-04-01 11:14:16,케이엘모바일_부성정책_ 4월 1일_ 1차 정책,"LTE (768+/ 통 화 기 본) 18,500 무제한 무 제 한 | 300 분 768 Mbps | 55,000 | 77,000 55,000 77,000",/Users/jinwoo/Documents/Codex/2026-05-30/new-chat/policy-tracker/data/images/289/umobile.jpg
292,hello,11GB,auto_candidate,30000,110000,,2025-04-03 11:00:43,케이엘모바일_부성정책_ 4월 3일_ 2차 정책,"보편 안심 유심 166 100% — | 22,000 22,000 | 100% | 10021 168 7485 30,000 | 110,000 | 30,000 | 90,000",/Users/jinwoo/Documents/Codex/2026-05-30/new-chat/policy-tracker/data/images/292/hello.jpg
292,sk7,7GB,auto_candidate,50000,90000,,2025-04-03 11:00:43,케이엘모바일_부성정책_ 4월 3일_ 2차 정책,"결 함 568 00406 (768+) 3900 | 24200 | 무제한 | 무제한 | 300 분 | 768 | 1405 50,000 | 90,000",/Users/jinwoo/Documents/Codex/2026-05-30/new-chat/policy-tracker/data/images/292/sk7.jpg
292,skylife,11GB,auto_candidate,45000,115000,,2025-04-03 11:00:43,케이엘모바일_부성정책_ 4월 3일_ 2차 정책,"모 두 충분 1168+(04) 33.000 | 무제한 | 무제한 | 300% |11660+ 일 208 34066 | 45000 | 115,000 | 34500 | 104500",/Users/jinwoo/Documents/Codex/2026-05-30/new-chat/policy-tracker/data/images/292/skylife.jpg
292,umobile,11GB,auto_candidate,55000,99000,,2025-04-03 11:00:43,케이엘모바일_부성정책_ 4월 3일_ 2차 정책,"LTE 스페셜 34,900 무제한 무 제 한 | 300 분 | 1168+ 일 268 | 3Mbps | 55,000 | 99,000 | 55,000 | 99,000",/Users/jinwoo/Documents/Codex/2026-05-30/new-chat/policy-tracker/data/images/292/umobile.jpg
292,umobile,7GB,auto_candidate,55000,77000,,2025-04-03 11:00:43,케이엘모바일_부성정책_ 4월 3일_ 2차 정책,"LTE (768+/ 통 화 기 본) 18,500 무제한 무 제 한 | 300 분 768 ‘Mbps | 55,000 | 77,000 | 55,000 ‘77,000",/Users/jinwoo/Documents/Codex/2026-05-30/new-chat/policy-tracker/data/images/292/umobile.jpg
293,hello,11GB,auto_candidate,30000,110000,,2025-04-04 10:16:37,케이엘모바일_부성정책_ 4월 4일_ 2-1차 정책,"보편 안심 유심 166 100% — | 22,000 22,000 | 100% | 10021 168 7485 30,000 | 110,000 | 30,000 | 90,000",/Users/jinwoo/Documents/Codex/2026-05-30/new-chat/policy-tracker/data/images/293/hello.jpg
293,sk7,7GB,auto_candidate,50000,90000,,2025-04-04 10:16:37,케이엘모바일_부성정책_ 4월 4일_ 2-1차 정책,"결 함 568 00406 (768+) 3900 | 24200 | 무제한 | 무제한 | 300 분 | 768 | 1405 50,000 | 90,000",/Users/jinwoo/Documents/Codex/2026-05-30/new-chat/policy-tracker/data/images/293/sk7.jpg
293,skylife,11GB,auto_candidate,45000,115000,,2025-04-04 10:16:37,케이엘모바일_부성정책_ 4월 4일_ 2-1차 정책,모 두 충분 1168+(04) 33.000 | 무제한 | 무제한 | 300%  |1166+ 일 208 34066 | 45000 | 115000 | 34500 | 104500,/Users/jinwoo/Documents/Codex/2026-05-30/new-chat/policy-tracker/data/images/293/skylife.jpg
293,skylife,7GB,auto_candidate,45000,90000,,2025-04-04 10:16:37,케이엘모바일_부성정책_ 4월 4일_ 2-1차 정책,모 두 충분 768+( 일 리 의 서재) | 16200 | 무제한 | 무제한 | 3008 | 7c8 | imps | 45000 | 90000 | 34500 | 79500,/Users/jinwoo/Documents/Codex/2026-05-30/new-chat/policy-tracker/data/images/293/skylife.jpg
299,hello,11GB,auto_candidate,30000,110000,,2025-04-08 10:26:10,케이엘모바일_부성정책_ 4월 8일_ 2-2차 정책_수정(유모비추가),"보편 안심 유심 166 100% — | 22,000 22,000 | 100% | 10021 168 7485 30,000 | 110,000 | 30,000 | 90,000",/Users/jinwoo/Documents/Codex/2026-05-30/new-chat/policy-tracker/data/images/299/hello.jpg
299,skylife,11GB,auto_candidate,45000,115000,,2025-04-08 10:26:10,케이엘모바일_부성정책_ 4월 8일_ 2-2차 정책_수정(유모비추가),모 두 충분 1168+(04) 33.000 | 무제한 | 무제한 | 300%  |1166+ 일 208 34066 | 45000 | 115000 | 34500 | 104500,/Users/jinwoo/Documents/Codex/2026-05-30/new-chat/policy-tracker/data/images/299/skylife.jpg
299,skylife,7GB,auto_candidate,45000,90000,,2025-04-08 10:26:10,케이엘모바일_부성정책_ 4월 8일_ 2-2차 정책_수정(유모비추가),모 두 충분 768+( 일 리 의 서재) | 16200 | 무제한 | 무제한 | 3008 | 7c8 | imps | 45000 | 90000 | 34500 | 79500,/Users/jinwoo/Documents/Codex/2026-05-30/new-chat/policy-tracker/data/images/299/skylife.jpg
300,hello,11GB,auto_candidate,30000,110000,,2025-04-09 14:22:58,케이엘모바일_부성정책_ 4월 9일_ 2-3차 정책,"보편 안심 유심 166 100% — | 22,000 22,000 | 100% | 10021 168 7485 30,000 | 110,000 | 30,000 | 90,000",/Users/jinwoo/Documents/Codex/2026-05-30/new-chat/policy-tracker/data/images/300/hello.jpg
300,sk7,11GB,auto_candidate,60000,120000,,2025-04-09 14:22:58,케이엘모바일_부성정책_ 4월 9일_ 2-3차 정책,"결 함 2068 | 106 알뜰 (1168+/ 통 화 맘껏) | 49060 | 36,140 | exe | 무제한 | 300% | 1168 | 일 268+34689 60,000 | 120,000 | 60,000 | 120,000 | 60,000 | 120,000",/Users/jinwoo/Documents/Codex/2026-05-30/new-chat/policy-tracker/data/images/300/sk7.jpg
300,sk7,7GB,auto_candidate,60000,100000,,2025-04-09 14:22:58,케이엘모바일_부성정책_ 4월 9일_ 2-3차 정책,"컬 함 568 | 106 알뜰 (768+/ 통 화 맘껏) | 48400 | 19,140 | 무 저 한 | 무 저 한 | 300% | 768 | . 106 | 60000 | 100,000 | 60,000 | 100,000 | 60,000 | 100,000",/Users/jinwoo/Documents/Codex/2026-05-30/new-chat/policy-tracker/data/images/300/sk7.jpg
300,skylife,11GB,auto_candidate,45000,115000,,2025-04-09 14:22:58,케이엘모바일_부성정책_ 4월 9일_ 2-3차 정책,모 두 충분 1168+(04) 33.000 | 무제한 | 무제한 | 300%  |1166+ 일 208 34066 | 45000 | 115000 | 34500 | 104500,/Users/jinwoo/Documents/Codex/2026-05-30/new-chat/policy-tracker/data/images/300/skylife.jpg
300,skylife,7GB,auto_candidate,45000,90000,,2025-04-09 14:22:58,케이엘모바일_부성정책_ 4월 9일_ 2-3차 정책,모 두 충분 768+( 일 리 의 서재) | 16200 | 무제한 | 무제한 | 3008 | 7c8 | imps | 45000 | 90000 | 34500 | 79500,/Users/jinwoo/Documents/Codex/2026-05-30/new-chat/policy-tracker/data/images/300/skylife.jpg
301,hello,11GB,auto_candidate,30000,110000,,2025-04-12 10:43:23,케이엘모바일_부성정책_ 4월 12일_ 2-4차 정책,"보편 안심 유심 166 100% — | 22,000 22,000 | 100% | 10021 168 7485 30,000 | 110,000 | 30,000 | 90,000",/Users/jinwoo/Documents/Codex/2026-05-30/new-chat/policy-tracker/data/images/301/hello.jpg
301,sk7,11GB,auto_candidate,60000,120000,,2025-04-12 10:43:23,케이엘모바일_부성정책_ 4월 12일_ 2-4차 정책,"결 함 2068 | 106 알뜰 (1168+/ 통 화 맘껏) | 49060 | 36,140 | exe | 무제한 | 300% | 1168 | 일 268+34689 60,000 | 120,000 | 60,000 | 120,000 | 60,000 | 120,000",/Users/jinwoo/Documents/Codex/2026-05-30/new-chat/policy-tracker/data/images/301/sk7.jpg
301,sk7,7GB,auto_candidate,60000,100000,,2025-04-12 10:43:23,케이엘모바일_부성정책_ 4월 12일_ 2-4차 정책,"컬 함 568 | 106 알뜰 (768+/ 통 화 맘껏) | 48400 | 19,140 | 무 저 한 | 무 저 한 | 300% | 768 | . 106 | 60000 | 100,000 | 60,000 | 100,000 | 60,000 | 100,000",/Users/jinwoo/Documents/Codex/2026-05-30/new-chat/policy-tracker/data/images/301/sk7.jpg
301,skylife,11GB,auto_candidate,45000,115000,,2025-04-12 10:43:23,케이엘모바일_부성정책_ 4월 12일_ 2-4차 정책,모 두 충분 1168+(04) 33.000 | 무제한 | 무제한 | 300%  |1166+ 일 208 34066 | 45000 | 115000 | 34500 | 104500,/Users/jinwoo/Documents/Codex/2026-05-30/new-chat/policy-tracker/data/images/301/skylife.jpg
301,skylife,7GB,auto_candidate,45000,90000,,2025-04-12 10:43:23,케이엘모바일_부성정책_ 4월 12일_ 2-4차 정책,모 두 충분 768+( 일 리 의 서재) | 16200 | 무제한 | 무제한 | 3008 | 7c8 | imps | 45000 | 90000 | 34500 | 79500,/Users/jinwoo/Documents/Codex/2026-05-30/new-chat/policy-tracker/data/images/301/skylife.jpg
302,hello,11GB,auto_candidate,30000,110000,,2025-04-15 11:57:22,케이엘모바일_부성정책_ 4월 15일_ 2-5차 정책,"보편 안심 유심 166 100% — | 22,000 22,000 | 100% | 10021 168 7485 30,000 | 110,000 | 30,000 | 90,000",/Users/jinwoo/Documents/Codex/2026-05-30/new-chat/policy-tracker/data/images/302/hello.jpg
302,sk7,11GB,auto_candidate,60000,110000,,2025-04-15 11:57:22,케이엘모바일_부성정책_ 4월 15일_ 2-5차 정책,"weiz068 | CMLink (1168+) | 54560 | 41200 | 무제한 | 무제한 300% | 1168. | 2G8+3Mbps 60,000 110,000",/Users/jinwoo/Documents/Codex/2026-05-30/new-chat/policy-tracker/data/images/302/sk7.png
302,skylife,11GB,auto_candidate,45000,115000,,2025-04-15 11:57:22,케이엘모바일_부성정책_ 4월 15일_ 2-5차 정책,모 두 충분 1168+(04) 33.000 | 무제한 | 무제한 | 300%  |1166+ 일 208 34066 | 45000 | 115000 | 34500 | 104500,/Users/jinwoo/Documents/Codex/2026-05-30/new-chat/policy-tracker/data/images/302/skylife.jpg
302,skylife,7GB,auto_candidate,45000,90000,,2025-04-15 11:57:22,케이엘모바일_부성정책_ 4월 15일_ 2-5차 정책,모 두 충분 768+( 일 리 의 서재) | 16200 | 무제한 | 무제한 | 3008 | 7c8 | imps | 45000 | 90000 | 34500 | 79500,/Users/jinwoo/Documents/Codex/2026-05-30/new-chat/policy-tracker/data/images/302/skylife.jpg
303,hello,11GB,auto_candidate,30000,110000,,2025-04-18 12:23:15,케이엘모바일_부성정책_ 4월 18일_ 2-6차 정책,"보편 안심 유심 166 100% — | 22,000 22,000 | 100% | 10021 168 7485 30,000 | 110,000 | 30,000 | 90,000",/Users/jinwoo/Documents/Codex/2026-05-30/new-chat/policy-tracker/data/images/303/hello.jpg
303,skylife,11GB,auto_candidate,45000,115000,,2025-04-18 12:23:15,케이엘모바일_부성정책_ 4월 18일_ 2-6차 정책,모 두 충분 1168+(04) 33.000 | 무제한 | 무제한 | 300%  |1166+ 일 208 34066 | 45000 | 115000 | 34500 | 104500,/Users/jinwoo/Documents/Codex/2026-05-30/new-chat/policy-tracker/data/images/303/skylife.jpg
303,skylife,7GB,auto_candidate,45000,90000,,2025-04-18 12:23:15,케이엘모바일_부성정책_ 4월 18일_ 2-6차 정책,모 두 충분 768+( 일 리 의 서재) | 16200 | 무제한 | 무제한 | 3008 | 7c8 | imps | 45000 | 90000 | 34500 | 79500,/Users/jinwoo/Documents/Codex/2026-05-30/new-chat/policy-tracker/data/images/303/skylife.jpg
303,umobile,11GB,auto_candidate,55000,110000,,2025-04-18 12:23:15,케이엘모바일_부성정책_ 4월 18일_ 2-6차 정책,"&3 | 이 동 의 즐거움 - 패 스 (7168+ 동 화 기 본) | 33,990 무제한 무 제 한 | 300 분 | 1168+ 일 208 | 3Mbps | 55,000 | 110,000 | 55,000 | 110,000",/Users/jinwoo/Documents/Codex/2026-05-30/new-chat/policy-tracker/data/images/303/umobile.jpg
303,umobile,7GB,auto_candidate,55000,100000,,2025-04-18 12:23:15,케이엘모바일_부성정책_ 4월 18일_ 2-6차 정책,"인 | 이 동 의 즐거움 (- 패 스 (768+ 통 화 기 본) | 16,900 무제한 무 제 한 | 300 분 708 ‘1Mbps | 55,000 | 100,000 | 55,000 | 100,000",/Users/jinwoo/Documents/Codex/2026-05-30/new-chat/policy-tracker/data/images/303/umobile.jpg
304,hello,11GB,auto_candidate,30000,110000,,2025-04-23 10:34:01,케이엘모바일_부성정책_ 4월 23일_ 2-7차 정책,"보편 안심 유심 166 100% — | 22,000 22,000 | 100% | 10021 168 7485 30,000 | 110,000 | 30,000 | 90,000",/Users/jinwoo/Documents/Codex/2026-05-30/new-chat/policy-tracker/data/images/304/hello.jpg
304,sk7,11GB,auto_candidate,60000,110000,,2025-04-23 10:34:01,케이엘모바일_부성정책_ 4월 23일_ 2-7차 정책,"결 함 2068 | 16 알뜰 (1168+/ 통 화 맘껏) | 49060 | 36,140 | 무 져 한 | 무제한 | 300 분 | 1168 | 일 208+34609 110,000 | 60,000 | 110,000 | 60,000 | 110,000",/Users/jinwoo/Documents/Codex/2026-05-30/new-chat/policy-tracker/data/images/304/sk7.jpg
304,sk7,7GB,auto_candidate,60000,100000,,2025-04-23 10:34:01,케이엘모바일_부성정책_ 4월 23일_ 2-7차 정책,"컬 함 568 | 16 알뜰 (768+/ 통 화 맘껏) | 48400 | 19,140 | 무제한 | 무제한 | 300 분 | 768 ㅣ tMbps 100,000 | 60,000 | 100,000 | 60,000 | 100,000",/Users/jinwoo/Documents/Codex/2026-05-30/new-chat/policy-tracker/data/images/304/sk7.jpg
304,skylife,11GB,auto_candidate,45000,115000,,2025-04-23 10:34:01,케이엘모바일_부성정책_ 4월 23일_ 2-7차 정책,모 두 충분 1168+(04) 33.000 | 무제한 | 무제한 | 300%  |1166+ 일 208 34066 | 45000 | 115000 | 34500 | 104500,/Users/jinwoo/Documents/Codex/2026-05-30/new-chat/policy-tracker/data/images/304/skylife.jpg
304,skylife,7GB,auto_candidate,45000,90000,,2025-04-23 10:34:01,케이엘모바일_부성정책_ 4월 23일_ 2-7차 정책,모 두 충분 768+( 일 리 의 서재) | 16200 | 무제한 | 무제한 | 3008 | 7c8 | imps | 45000 | 90000 | 34500 | 79500,/Users/jinwoo/Documents/Codex/2026-05-30/new-chat/policy-tracker/data/images/304/skylife.jpg
304,umobile,11GB,auto_candidate,55000,110000,,2025-04-23 10:34:01,케이엘모바일_부성정책_ 4월 23일_ 2-7차 정책,"&3 | 이 동 의 즐거움 - 패 스 (7168+ 동 화 기 본) | 33,990 무제한 무 제 한 | 300 분 | 1168+ 일 208 | 3Mbps | 55,000 | 110,000 | 55,000 | 110,000",/Users/jinwoo/Documents/Codex/2026-05-30/new-chat/policy-tracker/data/images/304/umobile.jpg
304,umobile,7GB,auto_candidate,55000,100000,,2025-04-23 10:34:01,케이엘모바일_부성정책_ 4월 23일_ 2-7차 정책,"인 | 이 동 의 즐거움 (- 패 스 (768+ 통 화 기 본) | 16,900 무제한 무 제 한 | 300 분 708 ‘1Mbps | 55,000 | 100,000 | 55,000 | 100,000",/Users/jinwoo/Documents/Codex/2026-05-30/new-chat/policy-tracker/data/images/304/umobile.jpg
305,hello,11GB,auto_candidate,30000,110000,,2025-04-26 11:02:51,케이엘모바일_부성정책_ 4월 26일_ 2-8차 정책,"보편 안심 유심 166 100% — | 22,000 22,000 | 100% | 10021 168 7485 30,000 | 110,000 | 30,000 | 90,000",/Users/jinwoo/Documents/Codex/2026-05-30/new-chat/policy-tracker/data/images/305/hello.jpg
305,skylife,11GB,auto_candidate,45000,115000,,2025-04-26 11:02:51,케이엘모바일_부성정책_ 4월 26일_ 2-8차 정책,모 두 충분 1168+(04) 33.000 | 무제한 | 무제한 | 300%  |1166+ 일 208 34066 | 45000 | 115000 | 34500 | 104500,/Users/jinwoo/Documents/Codex/2026-05-30/new-chat/policy-tracker/data/images/305/skylife.jpg
305,skylife,7GB,auto_candidate,45000,90000,,2025-04-26 11:02:51,케이엘모바일_부성정책_ 4월 26일_ 2-8차 정책,모 두 충분 768+( 일 리 의 서재) | 16200 | 무제한 | 무제한 | 3008 | 7c8 | imps | 45000 | 90000 | 34500 | 79500,/Users/jinwoo/Documents/Codex/2026-05-30/new-chat/policy-tracker/data/images/305/skylife.jpg
305,umobile,11GB,auto_candidate,55000,110000,,2025-04-26 11:02:51,케이엘모바일_부성정책_ 4월 26일_ 2-8차 정책,"&3 | 이 동 의 즐거움 - 패 스 (7168+ 동 화 기 본) | 33,990 무제한 무 제 한 | 300 분 | 1168+ 일 208 | 3Mbps | 55,000 | 110,000 | 55,000 | 110,000",/Users/jinwoo/Documents/Codex/2026-05-30/new-chat/policy-tracker/data/images/305/umobile.jpg
305,umobile,7GB,auto_candidate,55000,100000,,2025-04-26 11:02:51,케이엘모바일_부성정책_ 4월 26일_ 2-8차 정책,"인 | 이 동 의 즐거움 (- 패 스 (768+ 통 화 기 본) | 16,900 무제한 무 제 한 | 300 분 708 ‘1Mbps | 55,000 | 100,000 | 55,000 | 100,000",/Users/jinwoo/Documents/Codex/2026-05-30/new-chat/policy-tracker/data/images/305/umobile.jpg
306,hello,11GB,auto_candidate,30000,100000,,2025-05-01 11:27:28,케이엘모바일_부성정책_ 5월 1일_ 1차 정책,"The 착한 데이터 유심 1168 | 49,390 | 15,400 | 33,990 | 무제한 | 무제한 | 300% | 10GB) @2GB+3Mbps | 30,000 | 100,000 | 30,000 | 80,000",/Users/jinwoo/Documents/Codex/2026-05-30/new-chat/policy-tracker/data/images/306/hello.jpg
306,sk7,11GB,auto_candidate,70000,140000,,2025-05-01 11:27:28,케이엘모바일_부성정책_ 5월 1일_ 1차 정책,"걸 함 2068 | 106 알뜰 (1168+/ 통 화 맘껏) | 49060 | 36.140 | exe | 무제한 | 300% | 1168 | 일 208+34689 70,000 | 140,000 | 70,000 | 140,000 | 70,000 | 140,000",/Users/jinwoo/Documents/Codex/2026-05-30/new-chat/policy-tracker/data/images/306/sk7.jpg
306,sk7,7GB,auto_candidate,70000,130000,,2025-05-01 11:27:28,케이엘모바일_부성정책_ 5월 1일_ 1차 정책,"결 함 568 | LTE 알뜰 (768+/ 통 화 맘껏) | 48400 | 19,140 | 무제한 | 무제한 | 3008 768 ‘Mbps 70,000 | 130,000 | 70,000 | 130,000 | 70,000 | 130,000",/Users/jinwoo/Documents/Codex/2026-05-30/new-chat/policy-tracker/data/images/306/sk7.jpg
306,skylife,11GB,auto_candidate,45000,105000,,2025-05-01 11:27:28,케이엘모바일_부성정책_ 5월 1일_ 1차 정책,"모 두 충분 1168+(04) 33000 | 2x2 | 무제한 | 300% |1166+ 일 208 amps | 45000 | 105,000 | 34500 | 94,500",/Users/jinwoo/Documents/Codex/2026-05-30/new-chat/policy-tracker/data/images/306/skylife.jpg
306,skylife,7GB,auto_candidate,45000,60000,,2025-05-01 11:27:28,케이엘모바일_부성정책_ 5월 1일_ 1차 정책,"모 두 충분 768+( 밀 리 의 서재) | 16200 | 무제한 | 무제한 | 300 분 766 | imbps | 45,000 | 60000 | 34500 | 69,500",/Users/jinwoo/Documents/Codex/2026-05-30/new-chat/policy-tracker/data/images/306/skylife.jpg
306,umobile,11GB,auto_candidate,55000,110000,,2025-05-01 11:27:28,케이엘모바일_부성정책_ 5월 1일_ 1차 정책,"11 스페셜 34.900 무제한 무 제 한 | 300 분 | 1168+ 일 208 | aMbps | 55.000 | 110000 | 55000 | 110,000",/Users/jinwoo/Documents/Codex/2026-05-30/new-chat/policy-tracker/data/images/306/umobile.jpg
306,umobile,7GB,auto_candidate,55000,100000,,2025-05-01 11:27:28,케이엘모바일_부성정책_ 5월 1일_ 1차 정책,"LTE (768+/B2712) 무제한 무 제 한 | 300% 768 imbps | 55,000 | 100,000 | 55000 | 100,000",/Users/jinwoo/Documents/Codex/2026-05-30/new-chat/policy-tracker/data/images/306/umobile.jpg
307,hello,11GB,auto_candidate,30000,100000,,2025-05-03 10:47:53,케이엘모바일_부성정책_ 5월 3일_ 1-1차 정책,"The 착한 데이터 유심 1168 | 49,390 | 15,400 | 33,990 | 무제한 | 무제한 | 300% | 10GB) @2GB+3Mbps | 30,000 | 100,000 | 30,000 | 80,000",/Users/jinwoo/Documents/Codex/2026-05-30/new-chat/policy-tracker/data/images/307/hello.jpg
307,sk7,11GB,auto_candidate,70000,140000,,2025-05-03 10:47:53,케이엘모바일_부성정책_ 5월 3일_ 1-1차 정책,"걸 함 2068 | 106 알뜰 (1168+/ 통 화 맘껏) | 49060 | 36.140 | exe | 무제한 | 300% | 1168 | 일 208+34689 70,000 | 140,000 | 70,000 | 140,000 | 70,000 | 140,000",/Users/jinwoo/Documents/Codex/2026-05-30/new-chat/policy-tracker/data/images/307/sk7.jpg
307,sk7,7GB,auto_candidate,70000,130000,,2025-05-03 10:47:53,케이엘모바일_부성정책_ 5월 3일_ 1-1차 정책,"결 함 568 | LTE 알뜰 (768+/ 통 화 맘껏) | 48400 | 19,140 | 무제한 | 무제한 | 3008 768 ‘Mbps 70,000 | 130,000 | 70,000 | 130,000 | 70,000 | 130,000",/Users/jinwoo/Documents/Codex/2026-05-30/new-chat/policy-tracker/data/images/307/sk7.jpg
307,skylife,11GB,auto_candidate,45000,105000,,2025-05-03 10:47:53,케이엘모바일_부성정책_ 5월 3일_ 1-1차 정책,"모 두 충분 1168+(04) 33000 | 2x2 | 무제한 | 300% |1166+ 일 208 amps | 45000 | 105,000 | 34500 | 94,500",/Users/jinwoo/Documents/Codex/2026-05-30/new-chat/policy-tracker/data/images/307/skylife.jpg
307,skylife,7GB,auto_candidate,45000,60000,,2025-05-03 10:47:53,케이엘모바일_부성정책_ 5월 3일_ 1-1차 정책,"모 두 충분 768+( 밀 리 의 서재) | 16200 | 무제한 | 무제한 | 300 분 766 | imbps | 45,000 | 60000 | 34500 | 69,500",/Users/jinwoo/Documents/Codex/2026-05-30/new-chat/policy-tracker/data/images/307/skylife.jpg
311,hello,11GB,auto_candidate,30000,90000,,2025-06-01 12:50:40,케이엘모바일_부성정책_ 6월 1일_ 1차 정책,"The 착한 데이터 유심 1168 | 49,390 | 15.400 | 33,990 | 무제한 | 무제한 | 300% | 10GB) 2GB+3Mbps | 30,000 | 90,000 | 30,000 | 70,000",/Users/jinwoo/Documents/Codex/2026-05-30/new-chat/policy-tracker/data/images/311/hello.jpg
311,ktm,11GB,auto_candidate,70000,100000,,2025-06-01 12:50:40,케이엘모바일_부성정책_ 6월 1일_ 1차 정책,"2008 Mm 프리미엄 1168, 4990 | 33500 | sxe | ene | 2% |rcs-wecs] 3068 | 70000 | 100.000 | 70000 | 100,000",/Users/jinwoo/Documents/Codex/2026-05-30/new-chat/policy-tracker/data/images/311/ktm.jpg
311,ktm,7GB,auto_candidate,70000,90000,,2025-06-01 12:50:40,케이엘모바일_부성정책_ 6월 1일_ 1차 정책,"568 M 스페셜 768( 일 리 의 서제) 3100 | 17900 | sae | mm | sce | 79 | 109 | 70000 | 90000 | 7000 90,000",/Users/jinwoo/Documents/Codex/2026-05-30/new-chat/policy-tracker/data/images/311/ktm.jpg
311,sk7,11GB,auto_candidate,70000,130000,,2025-06-01 12:50:40,케이엘모바일_부성정책_ 6월 1일_ 1차 정책,"컬 함 2068 | 106 알뜰 (1168+/ 통 화 맘껏) | 49060 | 36,140 | xe | 무제한 | 300% | 1168 | 일 268+34689 70,000 | 130,000 | 70,000 | 130,000 | 70,000 | 130,000",/Users/jinwoo/Documents/Codex/2026-05-30/new-chat/policy-tracker/data/images/311/sk7.jpg
311,sk7,7GB,auto_candidate,70000,120000,,2025-06-01 12:50:40,케이엘모바일_부성정책_ 6월 1일_ 1차 정책,"결 함 568 | LTE 알뜰 (768+/ 통 화 맘껏) | 48400 | 19,140 | 무제한 | 무제한 | 300% 768 ‘Mbps 70,000 | 120,000 | 70,000 | 120,000 | 70,000 | 120,000",/Users/jinwoo/Documents/Codex/2026-05-30/new-chat/policy-tracker/data/images/311/sk7.jpg
311,skylife,11GB,auto_candidate,45000,95000,,2025-06-01 12:50:40,케이엘모바일_부성정책_ 6월 1일_ 1차 정책,"ESSE 1168+(00) 33,000 3008 ]1108+ 월 209 34686 | 45,000 | 95,000 | 45,000 | 95,000",/Users/jinwoo/Documents/Codex/2026-05-30/new-chat/policy-tracker/data/images/311/skylife.jpg
311,skylife,7GB,auto_candidate,45000,80000,,2025-06-01 12:50:40,케이엘모바일_부성정책_ 6월 1일_ 1차 정책,"모 두 층 분 768+( 일 리 의 서제) | 16,200 Baa | 300 분 | 768 | 1495 | 45000 | 80000 | 45,000 | 00000",/Users/jinwoo/Documents/Codex/2026-05-30/new-chat/policy-tracker/data/images/311/skylife.jpg
311,umobile,11GB,auto_candidate,55000,100000,,2025-06-01 12:50:40,케이엘모바일_부성정책_ 6월 1일_ 1차 정책,"2008 116 스페셜 34.900 무제한 무 제 한 | 300 분 | 1168+ 일 208 | ambps | 55.000 | 100,000 | 55000 | 100,000",/Users/jinwoo/Documents/Codex/2026-05-30/new-chat/policy-tracker/data/images/311/umobile.jpg
311,umobile,7GB,auto_candidate,55000,90000,,2025-06-01 12:50:40,케이엘모바일_부성정책_ 6월 1일_ 1차 정책,"508 LTE (768+/ 통 화 기 본) 18.600 무제한 무 제 한 | 300 분 768 ‘Mbps | 55.000 | 90,000 | 55,000 | 90,000",/Users/jinwoo/Documents/Codex/2026-05-30/new-chat/policy-tracker/data/images/311/umobile.jpg
312,hello,11GB,auto_candidate,30000,90000,,2025-06-02 15:16:54,케이엘모바일_부성정책_ 6월 2일_ 1-1차 정책,"The 착한 데이터 유심 1168 | 49,390 | 15.400 | 33,990 | 무제한 | 무제한 | 300% | 10GB) 2GB+3Mbps | 30,000 | 90,000 | 30,000 | 70,000",/Users/jinwoo/Documents/Codex/2026-05-30/new-chat/policy-tracker/data/images/312/hello.jpg
312,ktm,11GB,auto_candidate,50000,100000,,2025-06-02 15:16:54,케이엘모바일_부성정책_ 6월 2일_ 1-1차 정책,"2008 M 프리미엄 1168 4900 | 33.500 | sue | sxct | 200% [ricevzzcs] ame | 50.000 | 100,000 | 50,000 100,000",/Users/jinwoo/Documents/Codex/2026-05-30/new-chat/policy-tracker/data/images/312/ktm.jpg
312,ktm,7GB,auto_candidate,90000,90000,,2025-06-02 15:16:54,케이엘모바일_부성정책_ 6월 2일_ 1-1차 정책,"568 M 스페셜 76814) 31000 | 20200 | eae | sae | 3008 7 | 1mbps_| 5000 | 90,000 | 5000 90,000",/Users/jinwoo/Documents/Codex/2026-05-30/new-chat/policy-tracker/data/images/312/ktm.jpg
312,sk7,11GB,auto_candidate,70000,70000,,2025-06-02 15:16:54,케이엘모바일_부성정책_ 6월 2일_ 1-1차 정책,"‘anzoce | ure we creaeresiay | 49000 | 36.140 | 무제한 | 무제한 | aooe | 1168 |a2cerambod 70000 70,000 70,000",/Users/jinwoo/Documents/Codex/2026-05-30/new-chat/policy-tracker/data/images/312/sk7.jpg
312,skylife,11GB,auto_candidate,45000,95000,,2025-06-02 15:16:54,케이엘모바일_부성정책_ 6월 2일_ 1-1차 정책,"모 두 충분 1168+(04) 33,000 무제한 무제한 300 분  |1168+ 일 208| 30665 45,000, 95,000 45,000, 95,000",/Users/jinwoo/Documents/Codex/2026-05-30/new-chat/policy-tracker/data/images/312/skylife.jpg
312,skylife,7GB,auto_candidate,45000,80000,,2025-06-02 15:16:54,케이엘모바일_부성정책_ 6월 2일_ 1-1차 정책,"모 두 충분 768+( 밀 리 의 서재) | 16200 | 무제한 | 무제한 | 300 분 766 | 10665 | 45,000 80000 | 45,000 80000",/Users/jinwoo/Documents/Codex/2026-05-30/new-chat/policy-tracker/data/images/312/skylife.jpg
312,umobile,11GB,auto_candidate,55000,100000,,2025-06-02 15:16:54,케이엘모바일_부성정책_ 6월 2일_ 1-1차 정책,"2008 116 스페셜 34.900 무제한 무 제 한 | 300 분 | 1168+ 일 208 | ambps | 55.000 | 100,000 | 55000 | 100,000",/Users/jinwoo/Documents/Codex/2026-05-30/new-chat/policy-tracker/data/images/312/umobile.jpg
312,umobile,7GB,auto_candidate,55000,90000,,2025-06-02 15:16:54,케이엘모바일_부성정책_ 6월 2일_ 1-1차 정책,"508 LTE (768+/ 통 화 기 본) 18.600 무제한 무 제 한 | 300 분 768 ‘Mbps | 55.000 | 90,000 | 55,000 | 90,000",/Users/jinwoo/Documents/Codex/2026-05-30/new-chat/policy-tracker/data/images/312/umobile.jpg
313,hello,11GB,auto_candidate,30000,90000,,2025-06-05 10:20:56,케이엘모바일_부성정책_ 6월 5일_ 1-2차 정책,"The 착한 데이터 유심 1168 | 49,390 | 15.400 | 33,990 | 무제한 | 무제한 | 300% | 10GB) 2GB+3Mbps | 30,000 | 90,000 | 30,000 | 70,000",/Users/jinwoo/Documents/Codex/2026-05-30/new-chat/policy-tracker/data/images/313/hello.jpg
313,ktm,11GB,auto_candidate,70000,100000,,2025-06-05 10:20:56,케이엘모바일_부성정책_ 6월 5일_ 1-2차 정책,"208 ww Be[a) 1168 4499 | 33500 | suet | eax | 200% |rrce+a2c8] mons | 70.000 | 100.000 | 70.000 | 100,000",/Users/jinwoo/Documents/Codex/2026-05-30/new-chat/policy-tracker/data/images/313/ktm.jpg
313,sk7,11GB,auto_candidate,70000,70000,,2025-06-05 10:20:56,케이엘모바일_부성정책_ 6월 5일_ 1-2차 정책,"‘anzoce | ure we creaeresiay | 49000 | 36.140 | 무제한 | 무제한 | aooe | 1168 |a2cerambod 70000 70,000 70,000",/Users/jinwoo/Documents/Codex/2026-05-30/new-chat/policy-tracker/data/images/313/sk7.jpg
313,skylife,11GB,auto_candidate,45000,95000,,2025-06-05 10:20:56,케이엘모바일_부성정책_ 6월 5일_ 1-2차 정책,"모 두 충분 1168+(04) 33,000 무제한 무제한 300 분  |1168+ 일 208| 30665 45,000, 95,000 45,000, 95,000",/Users/jinwoo/Documents/Codex/2026-05-30/new-chat/policy-tracker/data/images/313/skylife.jpg
313,skylife,7GB,auto_candidate,45000,80000,,2025-06-05 10:20:56,케이엘모바일_부성정책_ 6월 5일_ 1-2차 정책,"모 두 충분 768+( 밀 리 의 서재) | 16200 | 무제한 | 무제한 | 300 분 766 | 10665 | 45,000 80000 | 45,000 80000",/Users/jinwoo/Documents/Codex/2026-05-30/new-chat/policy-tracker/data/images/313/skylife.jpg
313,umobile,11GB,auto_candidate,55000,100000,,2025-06-05 10:20:56,케이엘모바일_부성정책_ 6월 5일_ 1-2차 정책,"2008 116 스페셜 34.900 무제한 무 제 한 | 300 분 | 1168+ 일 208 | ambps | 55.000 | 100,000 | 55000 | 100,000",/Users/jinwoo/Documents/Codex/2026-05-30/new-chat/policy-tracker/data/images/313/umobile.jpg
313,umobile,7GB,auto_candidate,55000,90000,,2025-06-05 10:20:56,케이엘모바일_부성정책_ 6월 5일_ 1-2차 정책,"508 LTE (768+/ 통 화 기 본) 18.600 무제한 무 제 한 | 300 분 768 ‘Mbps | 55.000 | 90,000 | 55,000 | 90,000",/Users/jinwoo/Documents/Codex/2026-05-30/new-chat/policy-tracker/data/images/313/umobile.jpg
314,hello,11GB,auto_candidate,30000,90000,,2025-06-12 10:33:11,케이엘모바일_부성정책_ 6월 12일_ 1-3차 정책,"The 착한 데이터 유심 1168 | 49,390 | 15.400 | 33,990 | 무제한 | 무제한 | 300% | 10GB) 2GB+3Mbps | 30,000 | 90,000 | 30,000 | 70,000",/Users/jinwoo/Documents/Codex/2026-05-30/new-chat/policy-tracker/data/images/314/hello.jpg
314,ktm,11GB,auto_candidate,70000,70000,,2025-06-12 10:33:11,케이엘모바일_부성정책_ 6월 12일_ 1-3차 정책,"2008 보 프리미엄 1168, 4900 | 33500 | ome | - 무 져 한 | 200% | |168+ 일 208] sabes | 70,000 00,000 | 70,000 100,000",/Users/jinwoo/Documents/Codex/2026-05-30/new-chat/policy-tracker/data/images/314/ktm.jpg
314,ktm,7GB,auto_candidate,70000,70000,,2025-06-12 10:33:11,케이엘모바일_부성정책_ 6월 12일_ 1-3차 정책,"508 M 스페셜 768 플러스 36000 | 17400 | eae | sxe | s00% | tcs+ecs | tmbes | 70,000 70,000",/Users/jinwoo/Documents/Codex/2026-05-30/new-chat/policy-tracker/data/images/314/ktm.jpg
314,sk7,11GB,auto_candidate,70000,70000,,2025-06-12 10:33:11,케이엘모바일_부성정책_ 6월 12일_ 1-3차 정책,"‘anzoce | ure we creaeresiay | 49000 | 36.140 | 무제한 | 무제한 | aooe | 1168 |a2cerambod 70000 70,000 70,000",/Users/jinwoo/Documents/Codex/2026-05-30/new-chat/policy-tracker/data/images/314/sk7.jpg
314,skylife,11GB,auto_candidate,45000,95000,,2025-06-12 10:33:11,케이엘모바일_부성정책_ 6월 12일_ 1-3차 정책,"모 두 충분 1168+(04) 33,000 무제한 무제한 300 분  |1168+ 일 208| 30665 45,000, 95,000 45,000, 95,000",/Users/jinwoo/Documents/Codex/2026-05-30/new-chat/policy-tracker/data/images/314/skylife.jpg
314,skylife,7GB,auto_candidate,45000,80000,,2025-06-12 10:33:11,케이엘모바일_부성정책_ 6월 12일_ 1-3차 정책,"모 두 충분 768+( 밀 리 의 서재) | 16200 | 무제한 | 무제한 | 300 분 766 | 10665 | 45,000 80000 | 45,000 80000",/Users/jinwoo/Documents/Codex/2026-05-30/new-chat/policy-tracker/data/images/314/skylife.jpg
314,umobile,11GB,auto_candidate,55000,100000,,2025-06-12 10:33:11,케이엘모바일_부성정책_ 6월 12일_ 1-3차 정책,"2008 116 스페셜 34.900 무제한 무 제 한 | 300 분 | 1168+ 일 208 | ambps | 55.000 | 100,000 | 55000 | 100,000",/Users/jinwoo/Documents/Codex/2026-05-30/new-chat/policy-tracker/data/images/314/umobile.jpg
314,umobile,7GB,auto_candidate,55000,90000,,2025-06-12 10:33:11,케이엘모바일_부성정책_ 6월 12일_ 1-3차 정책,"508 LTE (768+/ 통 화 기 본) 18.600 무제한 무 제 한 | 300 분 768 ‘Mbps | 55.000 | 90,000 | 55,000 | 90,000",/Users/jinwoo/Documents/Codex/2026-05-30/new-chat/policy-tracker/data/images/314/umobile.jpg
315,ktm,11GB,auto_candidate,70000,70000,,2025-06-13 12:07:49,케이엘모바일_부성정책_ 6월 13일_ 1-4차 정책,"2008 보 프리미엄 1168, 4900 | 33500 | ome | - 무 져 한 | 200% | |168+ 일 208] sabes | 70,000 00,000 | 70,000 100,000",/Users/jinwoo/Documents/Codex/2026-05-30/new-chat/policy-tracker/data/images/315/ktm.jpg
315,ktm,7GB,auto_candidate,70000,70000,,2025-06-13 12:07:49,케이엘모바일_부성정책_ 6월 13일_ 1-4차 정책,"508 M 스페셜 768 플러스 36000 | 17400 | eae | sxe | s00% | tcs+ecs | tmbes | 70,000 70,000",/Users/jinwoo/Documents/Codex/2026-05-30/new-chat/policy-tracker/data/images/315/ktm.jpg
315,sk7,11GB,auto_candidate,70000,70000,,2025-06-13 12:07:49,케이엘모바일_부성정책_ 6월 13일_ 1-4차 정책,"‘anzoce | ure we creaeresiay | 49000 | 36.140 | 무제한 | 무제한 | aooe | 1168 |a2cerambod 70000 70,000 70,000",/Users/jinwoo/Documents/Codex/2026-05-30/new-chat/policy-tracker/data/images/315/sk7.jpg
315,skylife,11GB,auto_candidate,45000,95000,,2025-06-13 12:07:49,케이엘모바일_부성정책_ 6월 13일_ 1-4차 정책,"모 두 충분 1168+(04) 33,000 무제한 무제한 300 분  |1168+ 일 208| 30665 45,000, 95,000 45,000, 95,000",/Users/jinwoo/Documents/Codex/2026-05-30/new-chat/policy-tracker/data/images/315/skylife.jpg
315,skylife,7GB,auto_candidate,45000,80000,,2025-06-13 12:07:49,케이엘모바일_부성정책_ 6월 13일_ 1-4차 정책,"모 두 충분 768+( 밀 리 의 서재) | 16200 | 무제한 | 무제한 | 300 분 766 | 10665 | 45,000 80000 | 45,000 80000",/Users/jinwoo/Documents/Codex/2026-05-30/new-chat/policy-tracker/data/images/315/skylife.jpg
315,umobile,11GB,auto_candidate,55000,100000,,2025-06-13 12:07:49,케이엘모바일_부성정책_ 6월 13일_ 1-4차 정책,"2008 116 스페셜 34.900 무제한 무 제 한 | 300 분 | 1168+ 일 208 | ambps | 55.000 | 100,000 | 55000 | 100,000",/Users/jinwoo/Documents/Codex/2026-05-30/new-chat/policy-tracker/data/images/315/umobile.jpg
315,umobile,7GB,auto_candidate,55000,90000,,2025-06-13 12:07:49,케이엘모바일_부성정책_ 6월 13일_ 1-4차 정책,"508 LTE (768+/ 통 화 기 본) 18.600 무제한 무 제 한 | 300 분 768 ‘Mbps | 55.000 | 90,000 | 55,000 | 90,000",/Users/jinwoo/Documents/Codex/2026-05-30/new-chat/policy-tracker/data/images/315/umobile.jpg
316,ktm,11GB,auto_candidate,70000,70000,,2025-06-13 16:34:29,케이엘모바일_부성정책_ 6월 13일_ 1-4차 정책(수정),"2008 보 프리미엄 1168, 4900 | 33500 | ome | - 무 져 한 | 200% | |168+ 일 208] sabes | 70,000 00,000 | 70,000 100,000",/Users/jinwoo/Documents/Codex/2026-05-30/new-chat/policy-tracker/data/images/316/ktm.jpg
316,ktm,7GB,auto_candidate,70000,70000,,2025-06-13 16:34:29,케이엘모바일_부성정책_ 6월 13일_ 1-4차 정책(수정),"508 M 스페셜 768 플러스 36000 | 17400 | eae | sxe | s00% | tcs+ecs | tmbes | 70,000 70,000",/Users/jinwoo/Documents/Codex/2026-05-30/new-chat/policy-tracker/data/images/316/ktm.jpg
316,sk7,11GB,auto_candidate,70000,70000,,2025-06-13 16:34:29,케이엘모바일_부성정책_ 6월 13일_ 1-4차 정책(수정),"‘anzoce | ure we creaeresiay | 49000 | 36.140 | 무제한 | 무제한 | aooe | 1168 |a2cerambod 70000 70,000 70,000",/Users/jinwoo/Documents/Codex/2026-05-30/new-chat/policy-tracker/data/images/316/sk7.jpg
316,skylife,11GB,auto_candidate,45000,95000,,2025-06-13 16:34:29,케이엘모바일_부성정책_ 6월 13일_ 1-4차 정책(수정),"모 두 충분 1168+(04) 33,000 무제한 무제한 300 분  |1168+ 일 208| 30665 45,000, 95,000 45,000, 95,000",/Users/jinwoo/Documents/Codex/2026-05-30/new-chat/policy-tracker/data/images/316/skylife.jpg
316,skylife,7GB,auto_candidate,45000,80000,,2025-06-13 16:34:29,케이엘모바일_부성정책_ 6월 13일_ 1-4차 정책(수정),"모 두 충분 768+( 밀 리 의 서재) | 16200 | 무제한 | 무제한 | 300 분 766 | 10665 | 45,000 80000 | 45,000 80000",/Users/jinwoo/Documents/Codex/2026-05-30/new-chat/policy-tracker/data/images/316/skylife.jpg
317,ktm,11GB,auto_candidate,70000,70000,,2025-06-18 11:05:20,케이엘모바일_부성정책_ 6월 18일_ 1-5차 정책,"2008 보 프리미엄 1168, 4900 | 33500 | ome | - 무 져 한 | 200% | |168+ 일 208] sabes | 70,000 00,000 | 70,000 100,000",/Users/jinwoo/Documents/Codex/2026-05-30/new-chat/policy-tracker/data/images/317/ktm.jpg
317,ktm,7GB,auto_candidate,70000,70000,,2025-06-18 11:05:20,케이엘모바일_부성정책_ 6월 18일_ 1-5차 정책,"508 M 스페셜 768 플러스 36000 | 17400 | eae | sxe | s00% | tcs+ecs | tmbes | 70,000 70,000",/Users/jinwoo/Documents/Codex/2026-05-30/new-chat/policy-tracker/data/images/317/ktm.jpg
317,sk7,11GB,auto_candidate,70000,70000,,2025-06-18 11:05:20,케이엘모바일_부성정책_ 6월 18일_ 1-5차 정책,"‘anzoce | ure we creaeresiay | 49000 | 36.140 | 무제한 | 무제한 | aooe | 1168 |a2cerambod 70000 70,000 70,000",/Users/jinwoo/Documents/Codex/2026-05-30/new-chat/policy-tracker/data/images/317/sk7.jpg
317,skylife,11GB,auto_candidate,45000,95000,,2025-06-18 11:05:20,케이엘모바일_부성정책_ 6월 18일_ 1-5차 정책,"모 두 충분 1168+(04) 33,000 무제한 무제한 300 분  |1168+ 일 208| 30665 45,000, 95,000 45,000, 95,000",/Users/jinwoo/Documents/Codex/2026-05-30/new-chat/policy-tracker/data/images/317/skylife.jpg
317,skylife,7GB,auto_candidate,45000,80000,,2025-06-18 11:05:20,케이엘모바일_부성정책_ 6월 18일_ 1-5차 정책,"모 두 충분 768+( 밀 리 의 서재) | 16200 | 무제한 | 무제한 | 300 분 766 | 10665 | 45,000 80000 | 45,000 80000",/Users/jinwoo/Documents/Codex/2026-05-30/new-chat/policy-tracker/data/images/317/skylife.jpg
317,umobile,11GB,auto_candidate,55000,55000,,2025-06-18 11:05:20,케이엘모바일_부성정책_ 6월 18일_ 1-5차 정책,"2068 34,900 무제한 무 제 한 | 300 분 | 1168+ 일 208 | 3Mbps | 55,000 55,000",/Users/jinwoo/Documents/Codex/2026-05-30/new-chat/policy-tracker/data/images/317/umobile.jpg
317,umobile,7GB,auto_candidate,55000,55000,,2025-06-18 11:05:20,케이엘모바일_부성정책_ 6월 18일_ 1-5차 정책,"508 18600 무제한  | 무 제 한 | 300 분 768 1Mbps_| 55,000 55,000",/Users/jinwoo/Documents/Codex/2026-05-30/new-chat/policy-tracker/data/images/317/umobile.jpg
318,hello,11GB,auto_candidate,30000,100000,,2025-06-19 11:26:09,케이엘모바일_부성정책_ 6월 19일_ 2차 정책,"The 착한 데이터 유심 11GB ㅣ 49,390 | 15.400 | 33,990 | 무제한 | 무제한 | 300% | 11.0c8| @2cB+3Mbps | 30,000 | 100,000 | 30,000",/Users/jinwoo/Documents/Codex/2026-05-30/new-chat/policy-tracker/data/images/318/hello.jpg
318,ktm,11GB,auto_candidate,70000,70000,,2025-06-19 11:26:09,케이엘모바일_부성정책_ 6월 19일_ 2차 정책,"2008 보 프리미엄 1168, 4900 | 33500 | ome | - 무 져 한 | 200% | |168+ 일 208] sabes | 70,000 00,000 | 70,000 100,000",/Users/jinwoo/Documents/Codex/2026-05-30/new-chat/policy-tracker/data/images/318/ktm.jpg
318,ktm,7GB,auto_candidate,70000,70000,,2025-06-19 11:26:09,케이엘모바일_부성정책_ 6월 19일_ 2차 정책,"508 M 스페셜 768 플러스 36000 | 17400 | eae | sxe | s00% | tcs+ecs | tmbes | 70,000 70,000",/Users/jinwoo/Documents/Codex/2026-05-30/new-chat/policy-tracker/data/images/318/ktm.jpg
318,sk7,11GB,auto_candidate,70000,70000,,2025-06-19 11:26:09,케이엘모바일_부성정책_ 6월 19일_ 2차 정책,"‘anzoce | ure we creaeresiay | 49000 | 36.140 | 무제한 | 무제한 | aooe | 1168 |a2cerambod 70000 70,000 70,000",/Users/jinwoo/Documents/Codex/2026-05-30/new-chat/policy-tracker/data/images/318/sk7.jpg
318,skylife,11GB,auto_candidate,45000,95000,,2025-06-19 11:26:09,케이엘모바일_부성정책_ 6월 19일_ 2차 정책,"모 두 충분 1168+(04) 33,000 무제한 무제한 300 분  |1168+ 일 208| 30665 45,000, 95,000 45,000, 95,000",/Users/jinwoo/Documents/Codex/2026-05-30/new-chat/policy-tracker/data/images/318/skylife.jpg
318,skylife,7GB,auto_candidate,45000,80000,,2025-06-19 11:26:09,케이엘모바일_부성정책_ 6월 19일_ 2차 정책,"모 두 충분 768+( 밀 리 의 서재) | 16200 | 무제한 | 무제한 | 300 분 766 | 10665 | 45,000 80000 | 45,000 80000",/Users/jinwoo/Documents/Codex/2026-05-30/new-chat/policy-tracker/data/images/318/skylife.jpg
318,umobile,11GB,auto_candidate,55000,55000,,2025-06-19 11:26:09,케이엘모바일_부성정책_ 6월 19일_ 2차 정책,"2068 34,900 무제한 무 제 한 | 300 분 | 1168+ 일 208 | 3Mbps | 55,000 55,000",/Users/jinwoo/Documents/Codex/2026-05-30/new-chat/policy-tracker/data/images/318/umobile.jpg
318,umobile,7GB,auto_candidate,55000,55000,,2025-06-19 11:26:09,케이엘모바일_부성정책_ 6월 19일_ 2차 정책,"508 18600 무제한  | 무 제 한 | 300 분 768 1Mbps_| 55,000 55,000",/Users/jinwoo/Documents/Codex/2026-05-30/new-chat/policy-tracker/data/images/318/umobile.jpg
319,hello,11GB,auto_candidate,30000,100000,,2025-06-24 10:13:02,케이엘모바일_부성정책_ 6월 24일_ 2-1차 정책,"The 착한 데이터 유심 11GB ㅣ 49,390 | 15.400 | 33,990 | 무제한 | 무제한 | 300% | 11.0c8| @2cB+3Mbps | 30,000 | 100,000 | 30,000",/Users/jinwoo/Documents/Codex/2026-05-30/new-chat/policy-tracker/data/images/319/hello.jpg
319,ktm,11GB,auto_candidate,70000,70000,,2025-06-24 10:13:02,케이엘모바일_부성정책_ 6월 24일_ 2-1차 정책,"2008 보 프리미엄 1168, 4900 | 33500 | ome | - 무 져 한 | 200% | |168+ 일 208] sabes | 70,000 00,000 | 70,000 100,000",/Users/jinwoo/Documents/Codex/2026-05-30/new-chat/policy-tracker/data/images/319/ktm.jpg
319,ktm,7GB,auto_candidate,70000,70000,,2025-06-24 10:13:02,케이엘모바일_부성정책_ 6월 24일_ 2-1차 정책,"508 M 스페셜 768 플러스 36000 | 17400 | eae | sxe | s00% | tcs+ecs | tmbes | 70,000 70,000",/Users/jinwoo/Documents/Codex/2026-05-30/new-chat/policy-tracker/data/images/319/ktm.jpg
319,sk7,11GB,auto_candidate,70000,70000,,2025-06-24 10:13:02,케이엘모바일_부성정책_ 6월 24일_ 2-1차 정책,"‘anzoce | ure we creaeresiay | 49000 | 36.140 | 무제한 | 무제한 | aooe | 1168 |a2cerambod 70000 70,000 70,000",/Users/jinwoo/Documents/Codex/2026-05-30/new-chat/policy-tracker/data/images/319/sk7.jpg
319,skylife,11GB,auto_candidate,45000,95000,,2025-06-24 10:13:02,케이엘모바일_부성정책_ 6월 24일_ 2-1차 정책,"모 두 충분 1168+(04) 33,000 무제한 무제한 300 분  |1168+ 일 208| 30665 45,000, 95,000 45,000, 95,000",/Users/jinwoo/Documents/Codex/2026-05-30/new-chat/policy-tracker/data/images/319/skylife.jpg
319,skylife,7GB,auto_candidate,45000,80000,,2025-06-24 10:13:02,케이엘모바일_부성정책_ 6월 24일_ 2-1차 정책,"모 두 충분 768+( 밀 리 의 서재) | 16200 | 무제한 | 무제한 | 300 분 766 | 10665 | 45,000 80000 | 45,000 80000",/Users/jinwoo/Documents/Codex/2026-05-30/new-chat/policy-tracker/data/images/319/skylife.jpg
319,umobile,11GB,auto_candidate,55000,55000,,2025-06-24 10:13:02,케이엘모바일_부성정책_ 6월 24일_ 2-1차 정책,"2068 34,900 무제한 무 제 한 | 300 분 | 1168+ 일 208 | 3Mbps | 55,000 55,000",/Users/jinwoo/Documents/Codex/2026-05-30/new-chat/policy-tracker/data/images/319/umobile.jpg
319,umobile,7GB,auto_candidate,55000,55000,,2025-06-24 10:13:02,케이엘모바일_부성정책_ 6월 24일_ 2-1차 정책,"508 18600 무제한  | 무 제 한 | 300 분 768 1Mbps_| 55,000 55,000",/Users/jinwoo/Documents/Codex/2026-05-30/new-chat/policy-tracker/data/images/319/umobile.jpg
320,hello,11GB,auto_candidate,30000,100000,,2025-06-28 10:34:31,케이엘모바일_부성정책_ 6월 28일_ 3차 정책,"The 착한 데이터 유심 11GB ㅣ 49,390 | 15.400 | 33,990 | 무제한 | 무제한 | 300% | 11.0c8| @2cB+3Mbps | 30,000 | 100,000 | 30,000",/Users/jinwoo/Documents/Codex/2026-05-30/new-chat/policy-tracker/data/images/320/hello.jpg
320,ktm,11GB,auto_candidate,70000,70000,,2025-06-28 10:34:31,케이엘모바일_부성정책_ 6월 28일_ 3차 정책,"2008 보 프리미엄 1168, 4900 | 33500 | ome | - 무 져 한 | 200% | |168+ 일 208] sabes | 70,000 00,000 | 70,000 100,000",/Users/jinwoo/Documents/Codex/2026-05-30/new-chat/policy-tracker/data/images/320/ktm.jpg
320,ktm,7GB,auto_candidate,70000,70000,,2025-06-28 10:34:31,케이엘모바일_부성정책_ 6월 28일_ 3차 정책,"508 M 스페셜 768 플러스 36000 | 17400 | eae | sxe | s00% | tcs+ecs | tmbes | 70,000 70,000",/Users/jinwoo/Documents/Codex/2026-05-30/new-chat/policy-tracker/data/images/320/ktm.jpg
320,sk7,11GB,auto_candidate,70000,70000,,2025-06-28 10:34:31,케이엘모바일_부성정책_ 6월 28일_ 3차 정책,"‘anzoce | ure we creaeresiay | 49000 | 36.140 | 무제한 | 무제한 | aooe | 1168 |a2cerambod 70000 70,000 70,000",/Users/jinwoo/Documents/Codex/2026-05-30/new-chat/policy-tracker/data/images/320/sk7.jpg
320,skylife,11GB,auto_candidate,45000,95000,,2025-06-28 10:34:31,케이엘모바일_부성정책_ 6월 28일_ 3차 정책,"모 두 충분 1168+(04) 33,000 무제한 무제한 300 분  |1168+ 일 208| 30665 45,000, 95,000 45,000, 95,000",/Users/jinwoo/Documents/Codex/2026-05-30/new-chat/policy-tracker/data/images/320/skylife.jpg
320,skylife,7GB,auto_candidate,45000,80000,,2025-06-28 10:34:31,케이엘모바일_부성정책_ 6월 28일_ 3차 정책,"모 두 충분 768+( 밀 리 의 서재) | 16200 | 무제한 | 무제한 | 300 분 766 | 10665 | 45,000 80000 | 45,000 80000",/Users/jinwoo/Documents/Codex/2026-05-30/new-chat/policy-tracker/data/images/320/skylife.jpg
320,umobile,7GB,auto_candidate,55000,55000,,2025-06-28 10:34:31,케이엘모바일_부성정책_ 6월 28일_ 3차 정책,"500 18,600 무제한 무 제 한 | 300 분 768 Mbps | 55000 55,000",/Users/jinwoo/Documents/Codex/2026-05-30/new-chat/policy-tracker/data/images/320/umobile.jpg
321,skylife,11GB,auto_candidate,50000,120000,,2025-07-01 13:29:25,케이엘모바일_부성정책_ 7월 1일_ 1차 정책,"SKY 모두 충분 1168+( 서재) 무제한 무제한 300 분  |1168+ 일 208| 34665 50,000 120,000, 50,000 120,000,",/Users/jinwoo/Documents/Codex/2026-05-30/new-chat/policy-tracker/data/images/321/skylife.jpg
321,skylife,7GB,auto_candidate,55000,90000,,2025-07-01 13:29:25,케이엘모바일_부성정책_ 7월 1일_ 1차 정책,"508 모 두 충분 768+( 일 리 의 서재) | 16.200 | 무제한 | 무제한 ㅣ 300 분 766 | 71005 | 55,000 90,000 55,000 90,000",/Users/jinwoo/Documents/Codex/2026-05-30/new-chat/policy-tracker/data/images/321/skylife.jpg
321,umobile,11GB,auto_candidate,55000,120000,,2025-07-01 13:29:25,케이엘모바일_부성정책_ 7월 1일_ 1차 정책,"2008 ure 스페셜 34900 gmat | 무 제 한 | 300 분 | 1168+ 일 208 | 30665 | 55.000 | 120000 | 55000 | 110,000",/Users/jinwoo/Documents/Codex/2026-05-30/new-chat/policy-tracker/data/images/321/umobile.jpg
321,umobile,7GB,auto_candidate,55000,110000,,2025-07-01 13:29:25,케이엘모바일_부성정책_ 7월 1일_ 1차 정책,"508 LTE 0768+/ 통 화 기 본) 16600 amet | 무 제 한 | 30 분 | 708 70685 | 55000 | 110.000 | 55,000 | 100,000",/Users/jinwoo/Documents/Codex/2026-05-30/new-chat/policy-tracker/data/images/321/umobile.jpg
323,skylife,11GB,auto_candidate,50000,120000,,2025-07-02 11:17:19,케이엘모바일_부성정책_ 7월 2일_ 1-1차 정책_최종,"SKY 모두 충분 1168+( 서재) 무제한 무제한 300 분  |1168+ 일 208| 34665 50,000 120,000, 50,000 120,000,",/Users/jinwoo/Documents/Codex/2026-05-30/new-chat/policy-tracker/data/images/323/skylife.jpg
323,skylife,7GB,auto_candidate,55000,90000,,2025-07-02 11:17:19,케이엘모바일_부성정책_ 7월 2일_ 1-1차 정책_최종,"508 모 두 충분 768+( 일 리 의 서재) | 16.200 | 무제한 | 무제한 ㅣ 300 분 766 | 71005 | 55,000 90,000 55,000 90,000",/Users/jinwoo/Documents/Codex/2026-05-30/new-chat/policy-tracker/data/images/323/skylife.jpg
323,umobile,11GB,auto_candidate,55000,55000,,2025-07-02 11:17:19,케이엘모바일_부성정책_ 7월 2일_ 1-1차 정책_최종,"2068 LTE 스페셜 34,900 무제한 무 제 한 | 300 분 | 1168+ 일 208 3Mbps_ | 55,000 55,000",/Users/jinwoo/Documents/Codex/2026-05-30/new-chat/policy-tracker/data/images/323/umobile.jpg
323,umobile,7GB,auto_candidate,55000,55000,,2025-07-02 11:17:19,케이엘모바일_부성정책_ 7월 2일_ 1-1차 정책_최종,"568 | 이 동 의 즐거움 (- 패 스 (768+ 통 화 기 본) | 18,600 무제한 쿠 제 한 | 300 분 768 | 55,000 55,000",/Users/jinwoo/Documents/Codex/2026-05-30/new-chat/policy-tracker/data/images/323/umobile.jpg
324,skylife,11GB,auto_candidate,50000,120000,,2025-07-03 11:31:53,케이엘모바일_부성정책_ 7월 3일_ 1-2차 정책,"SKY 모두 충분 1168+( 서재) 무제한 무제한 300 분  |1168+ 일 208| 34665 50,000 120,000, 50,000 120,000,",/Users/jinwoo/Documents/Codex/2026-05-30/new-chat/policy-tracker/data/images/324/skylife.jpg
324,skylife,7GB,auto_candidate,55000,90000,,2025-07-03 11:31:53,케이엘모바일_부성정책_ 7월 3일_ 1-2차 정책,"508 모 두 충분 768+( 일 리 의 서재) | 16.200 | 무제한 | 무제한 ㅣ 300 분 766 | 71005 | 55,000 90,000 55,000 90,000",/Users/jinwoo/Documents/Codex/2026-05-30/new-chat/policy-tracker/data/images/324/skylife.jpg
324,umobile,11GB,auto_candidate,55000,55000,,2025-07-03 11:31:53,케이엘모바일_부성정책_ 7월 3일_ 1-2차 정책,"2068 LTE 스페셜 34,900 무제한 무 제 한 | 300 분 | 1168+ 일 208 3Mbps_ | 55,000 55,000",/Users/jinwoo/Documents/Codex/2026-05-30/new-chat/policy-tracker/data/images/324/umobile.jpg
324,umobile,7GB,auto_candidate,55000,55000,,2025-07-03 11:31:53,케이엘모바일_부성정책_ 7월 3일_ 1-2차 정책,"568 | 이 동 의 즐거움 (- 패 스 (768+ 통 화 기 본) | 18,600 무제한 쿠 제 한 | 300 분 768 | 55,000 55,000",/Users/jinwoo/Documents/Codex/2026-05-30/new-chat/policy-tracker/data/images/324/umobile.jpg
326,skylife,11GB,auto_candidate,50000,120000,,2025-07-03 14:48:20,케이엘모바일_부성정책_ 7월 3일_ 2차 정책(금일 소급적용),"SKY 모두 충분 1168+( 서재) 무제한 무제한 300 분  |1168+ 일 208| 34665 50,000 120,000, 50,000 120,000,",/Users/jinwoo/Documents/Codex/2026-05-30/new-chat/policy-tracker/data/images/326/skylife.jpg
326,skylife,7GB,auto_candidate,55000,90000,,2025-07-03 14:48:20,케이엘모바일_부성정책_ 7월 3일_ 2차 정책(금일 소급적용),"508 모 두 충분 768+( 일 리 의 서재) | 16.200 | 무제한 | 무제한 ㅣ 300 분 766 | 71005 | 55,000 90,000 55,000 90,000",/Users/jinwoo/Documents/Codex/2026-05-30/new-chat/policy-tracker/data/images/326/skylife.jpg
326,umobile,11GB,auto_candidate,55000,55000,,2025-07-03 14:48:20,케이엘모바일_부성정책_ 7월 3일_ 2차 정책(금일 소급적용),"2068 116 스페셜 34,900 무제한 무 제 한 | 300% | 1168+ 일 268 | 3Mbps | 55,000 55,000",/Users/jinwoo/Documents/Codex/2026-05-30/new-chat/policy-tracker/data/images/326/umobile.jpg
326,umobile,7GB,auto_candidate,55000,55000,,2025-07-03 14:48:20,케이엘모바일_부성정책_ 7월 3일_ 2차 정책(금일 소급적용),"568 LTE (768+/ 통 화 기 본) 18.600 무제한 무 제 한 | 300 분 768 ‘Mbps | 55,000 55,000",/Users/jinwoo/Documents/Codex/2026-05-30/new-chat/policy-tracker/data/images/326/umobile.jpg
327,ktm,7GB,auto_candidate,90000,150000,,2025-07-04 12:06:53,케이엘모바일_부성정책_ 7월 4일_ 3차 정책,"soe             4 스페셜 768(지니뮤직)           31000 | 20,200        무제한         무제한;                                   개         90,000         150,000         미가일시          90,000    ",/Users/jinwoo/Documents/Codex/2026-05-30/new-chat/policy-tracker/data/images/327/ktm.jpg
327,skylife,11GB,auto_candidate,50000,100000,,2025-07-04 12:06:53,케이엘모바일_부성정책_ 7월 4일_ 3차 정책,"모 두 충분 1168+(04) 33.000 | 2x2 | eae | 300 분 |1166+ 일 208 34655 | 50000 | 100,000 | 50000 | 100,000",/Users/jinwoo/Documents/Codex/2026-05-30/new-chat/policy-tracker/data/images/327/skylife.jpg
327,skylife,7GB,auto_candidate,55000,90000,,2025-07-04 12:06:53,케이엘모바일_부성정책_ 7월 4일_ 3차 정책,"두 768+( 16200 300 7686 imbps 55,000 90,000",/Users/jinwoo/Documents/Codex/2026-05-30/new-chat/policy-tracker/data/images/327/skylife.jpg
327,umobile,11GB,auto_candidate,55000,55000,,2025-07-04 12:06:53,케이엘모바일_부성정책_ 7월 4일_ 3차 정책,"2068 116 스페셜 34,900 무제한 무 제 한 | 300% | 1168+ 일 268 | 3Mbps | 55,000 55,000",/Users/jinwoo/Documents/Codex/2026-05-30/new-chat/policy-tracker/data/images/327/umobile.jpg
327,umobile,7GB,auto_candidate,55000,55000,,2025-07-04 12:06:53,케이엘모바일_부성정책_ 7월 4일_ 3차 정책,"568 LTE (768+/ 통 화 기 본) 18.600 무제한 무 제 한 | 300 분 768 ‘Mbps | 55,000 55,000",/Users/jinwoo/Documents/Codex/2026-05-30/new-chat/policy-tracker/data/images/327/umobile.jpg
328,hello,11GB,auto_candidate,30000,120000,,2025-07-05 10:14:23,케이엘모바일_부성정책_ 7월 5일_ 4차 정책,"The 착한 데이터 유심 11GB 49,390 | 15,400 | 33,990 | 무제한 | 무제한 11.0GB| @2GB+3Mbps 30,000 | 120,000 | 30,000 | 120,000",/Users/jinwoo/Documents/Codex/2026-05-30/new-chat/policy-tracker/data/images/328/hello.png
328,hello,7GB,auto_candidate,30000,120000,,2025-07-05 10:14:23,케이엘모바일_부성정책_ 7월 5일_ 4차 정책,"DATA 걱 정 없는 유심 768 45,100 | 26,600 | 18,500 | 무제한 | 무제한 | 300 분 | 708 Mbps 30,000 | 120,000 | 30,000 | 120,000",/Users/jinwoo/Documents/Codex/2026-05-30/new-chat/policy-tracker/data/images/328/hello.png
328,ktm,7GB,auto_candidate,90000,150000,,2025-07-05 10:14:23,케이엘모바일_부성정책_ 7월 5일_ 4차 정책,"soe             4 스페셜 768(지니뮤직)           31000 | 20,200        무제한         무제한;                                   개         90,000         150,000         미가일시          90,000    ",/Users/jinwoo/Documents/Codex/2026-05-30/new-chat/policy-tracker/data/images/328/ktm.jpg
328,skylife,11GB,auto_candidate,50000,100000,,2025-07-05 10:14:23,케이엘모바일_부성정책_ 7월 5일_ 4차 정책,"모 두 충분 1168+(04) 33.000 | 2x2 | eae | 300 분 |1166+ 일 208 34655 | 50000 | 100,000 | 50000 | 100,000",/Users/jinwoo/Documents/Codex/2026-05-30/new-chat/policy-tracker/data/images/328/skylife.jpg
328,skylife,7GB,auto_candidate,55000,90000,,2025-07-05 10:14:23,케이엘모바일_부성정책_ 7월 5일_ 4차 정책,"두 768+( 16200 300 7686 imbps 55,000 90,000",/Users/jinwoo/Documents/Codex/2026-05-30/new-chat/policy-tracker/data/images/328/skylife.jpg
328,umobile,11GB,auto_candidate,77000,172000,,2025-07-05 10:14:23,케이엘모바일_부성정책_ 7월 5일_ 4차 정책,"2008 LTE 스폐셜 34,900 무제한 무 제 한 | 300 분 | 1168+ 일 208 314605 | 77,000 172,000 77,000 | 172,000",/Users/jinwoo/Documents/Codex/2026-05-30/new-chat/policy-tracker/data/images/328/umobile.png
328,umobile,7GB,auto_candidate,77000,162000,,2025-07-05 10:14:23,케이엘모바일_부성정책_ 7월 5일_ 4차 정책,"568 LTE (7GB+/S3}7|#) 18,600 무제한 무 제 한 | 300 분 768 1Mbps__| 77,000 | 162,000 77,000",/Users/jinwoo/Documents/Codex/2026-05-30/new-chat/policy-tracker/data/images/328/umobile.png
330,hello,11GB,auto_candidate,30000,120000,,2025-07-08 10:11:15,케이엘모바일_부성정책_ 7월 8일_ 5차 정책,"The 착한 데이터 유심 11GB 49,390 | 15,400 | 33,990 | 무제한 | 무제한 11.0GB| @2GB+3Mbps 30,000 | 120,000 | 30,000 | 120,000",/Users/jinwoo/Documents/Codex/2026-05-30/new-chat/policy-tracker/data/images/330/hello.png
330,hello,7GB,auto_candidate,30000,120000,,2025-07-08 10:11:15,케이엘모바일_부성정책_ 7월 8일_ 5차 정책,"DATA 걱 정 없는 유심 768 45,100 | 26,600 | 18,500 | 무제한 | 무제한 | 300 분 | 708 Mbps 30,000 | 120,000 | 30,000 | 120,000",/Users/jinwoo/Documents/Codex/2026-05-30/new-chat/policy-tracker/data/images/330/hello.png
330,ktm,11GB,auto_candidate,90000,160000,,2025-07-08 10:11:15,케이엘모바일_부성정책_ 7월 8일_ 5차 정책,"20GB M 프리미엄 1166( 밀 리 의 서재) 45,900 34,000 무제한 | 무제한 | 3008 11GB+22GB 3Mbps_ 90,000 160,000 90,000 160,000",/Users/jinwoo/Documents/Codex/2026-05-30/new-chat/policy-tracker/data/images/330/ktm.png
330,sk7,11GB,auto_candidate,70000,70000,,2025-07-08 10:11:15,케이엘모바일_부성정책_ 7월 8일_ 5차 정책,"결 합 2006 | LTE SS (1168+/ 통 화 맘껏) | 49,060 36,140 무제한 무제한 300 분 1168 |22GB+3Mbps| 70,000 70,000 70,000",/Users/jinwoo/Documents/Codex/2026-05-30/new-chat/policy-tracker/data/images/330/sk7.png
330,sk7,7GB,auto_candidate,70000,70000,,2025-07-08 10:11:15,케이엘모바일_부성정책_ 7월 8일_ 5차 정책,"결 합 566 | LTE SS (768+/ 통 화 맘껏) | 48,400 19,140 무제한 무제한 300 분 768 1Mbps 70,000 70,000 70,000",/Users/jinwoo/Documents/Codex/2026-05-30/new-chat/policy-tracker/data/images/330/sk7.png
330,skylife,11GB,auto_candidate,50000,100000,,2025-07-08 10:11:15,케이엘모바일_부성정책_ 7월 8일_ 5차 정책,"모 두 충분 1168+(04) 33.000 | 2x2 | eae | 300 분 |1166+ 일 208 34655 | 50000 | 100,000 | 50000 | 100,000",/Users/jinwoo/Documents/Codex/2026-05-30/new-chat/policy-tracker/data/images/330/skylife.jpg
330,skylife,7GB,auto_candidate,55000,90000,,2025-07-08 10:11:15,케이엘모바일_부성정책_ 7월 8일_ 5차 정책,"두 768+( 16200 300 7686 imbps 55,000 90,000",/Users/jinwoo/Documents/Codex/2026-05-30/new-chat/policy-tracker/data/images/330/skylife.jpg
330,umobile,11GB,auto_candidate,77000,172000,,2025-07-08 10:11:15,케이엘모바일_부성정책_ 7월 8일_ 5차 정책,"2008 LTE 스폐셜 34,900 무제한 무 제 한 | 300 분 | 1168+ 일 208 314605 | 77,000 172,000 77,000 | 172,000",/Users/jinwoo/Documents/Codex/2026-05-30/new-chat/policy-tracker/data/images/330/umobile.png
330,umobile,7GB,auto_candidate,77000,162000,,2025-07-08 10:11:15,케이엘모바일_부성정책_ 7월 8일_ 5차 정책,"568 LTE (7GB+/S3}7|#) 18,600 무제한 무 제 한 | 300 분 768 1Mbps__| 77,000 | 162,000 77,000",/Users/jinwoo/Documents/Codex/2026-05-30/new-chat/policy-tracker/data/images/330/umobile.png
331,hello,11GB,auto_candidate,30000,120000,,2025-07-11 11:02:15,케이엘모바일_부성정책_ 7월 11일_ 6차 정책,"The 착한 데이터 유심 11GB 49,390 | 15,400 | 33,990 | 무제한 | 무제한 11.0GB| @2GB+3Mbps 30,000 | 120,000 | 30,000 | 120,000",/Users/jinwoo/Documents/Codex/2026-05-30/new-chat/policy-tracker/data/images/331/hello.png
331,hello,7GB,auto_candidate,30000,120000,,2025-07-11 11:02:15,케이엘모바일_부성정책_ 7월 11일_ 6차 정책,"DATA 걱 정 없는 유심 768 45,100 | 26,600 | 18,500 | 무제한 | 무제한 | 300 분 | 708 Mbps 30,000 | 120,000 | 30,000 | 120,000",/Users/jinwoo/Documents/Codex/2026-05-30/new-chat/policy-tracker/data/images/331/hello.png
331,ktm,11GB,auto_candidate,90000,160000,,2025-07-11 11:02:15,케이엘모바일_부성정책_ 7월 11일_ 6차 정책,"20GB M 프리미엄 1166( 밀 리 의 서재) 45,900 34,000 무제한 | 무제한 | 3008 11GB+22GB 3Mbps_ 90,000 160,000 90,000 160,000",/Users/jinwoo/Documents/Codex/2026-05-30/new-chat/policy-tracker/data/images/331/ktm.png
331,sk7,11GB,auto_candidate,70000,70000,,2025-07-11 11:02:15,케이엘모바일_부성정책_ 7월 11일_ 6차 정책,"결 합 2006 | LTE SS (1168+/ 통 화 맘껏) | 49,060 36,140 무제한 무제한 300 분 1168 |22GB+3Mbps| 70,000 70,000 70,000",/Users/jinwoo/Documents/Codex/2026-05-30/new-chat/policy-tracker/data/images/331/sk7.png
331,sk7,7GB,auto_candidate,70000,70000,,2025-07-11 11:02:15,케이엘모바일_부성정책_ 7월 11일_ 6차 정책,"결 합 566 | LTE SS (768+/ 통 화 맘껏) | 48,400 19,140 무제한 무제한 300 분 768 1Mbps 70,000 70,000 70,000",/Users/jinwoo/Documents/Codex/2026-05-30/new-chat/policy-tracker/data/images/331/sk7.png
331,skylife,11GB,auto_candidate,50000,50000,,2025-07-11 11:02:15,케이엘모바일_부성정책_ 7월 11일_ 6차 정책,"20GB 무제한 무제한 300%  |1168+ 일 208|  3Mbps 50,000 50,000",/Users/jinwoo/Documents/Codex/2026-05-30/new-chat/policy-tracker/data/images/331/skylife.png
331,skylife,7GB,auto_candidate,55000,55000,,2025-07-11 11:02:15,케이엘모바일_부성정책_ 7월 11일_ 6차 정책,"5068 Sky 모두 충분 768+( 밀 리 의 서재) | 17,900 무제한 무제한 300 분 768 1Mbps 55,000 55,000",/Users/jinwoo/Documents/Codex/2026-05-30/new-chat/policy-tracker/data/images/331/skylife.png
331,umobile,11GB,auto_candidate,66000,66000,,2025-07-11 11:02:15,케이엘모바일_부성정책_ 7월 11일_ 6차 정책,"LTE 스 폐 셜 [ 약 정 형 ] 약정 9.900 원 무제한 무 제 한 | 300 분 | 1168+ 일 266 | 3Mbps | 66,000 2. 만 차감 | 66,000 2.2 만 차감",/Users/jinwoo/Documents/Codex/2026-05-30/new-chat/policy-tracker/data/images/331/umobile.png
332,hello,11GB,auto_candidate,30000,120000,,2025-07-15 10:17:48,케이엘모바일_부성정책_ 7월 15일_ 7차 정책,"The 착한 데이터 유심 11GB 49,390 | 15,400 | 33,990 | 무제한 | 무제한 11.0GB| @2GB+3Mbps 30,000 | 120,000 | 30,000 | 120,000",/Users/jinwoo/Documents/Codex/2026-05-30/new-chat/policy-tracker/data/images/332/hello.png
332,hello,7GB,auto_candidate,30000,120000,,2025-07-15 10:17:48,케이엘모바일_부성정책_ 7월 15일_ 7차 정책,"DATA 걱 정 없는 유심 768 45,100 | 26,600 | 18,500 | 무제한 | 무제한 | 300 분 | 708 Mbps 30,000 | 120,000 | 30,000 | 120,000",/Users/jinwoo/Documents/Codex/2026-05-30/new-chat/policy-tracker/data/images/332/hello.png
332,ktm,11GB,auto_candidate,90000,160000,,2025-07-15 10:17:48,케이엘모바일_부성정책_ 7월 15일_ 7차 정책,"20GB M 프리미엄 1166( 밀 리 의 서재) 45,900 34,000 무제한 3008 11GB+22GB 3Mbps_ 90,000 160,000 90,000 160,000",/Users/jinwoo/Documents/Codex/2026-05-30/new-chat/policy-tracker/data/images/332/ktm.png
332,ktm,7GB,auto_candidate,90000,150000,,2025-07-15 10:17:48,케이엘모바일_부성정책_ 7월 15일_ 7차 정책,"508 떠 스페셜 768( 윌 리 의 서재) 31000 17.900 무제한 3008 768 ‘Mbps 90,000 150,000 90,000 150,000",/Users/jinwoo/Documents/Codex/2026-05-30/new-chat/policy-tracker/data/images/332/ktm.png
332,skylife,11GB,auto_candidate,45000,95000,,2025-07-15 10:17:48,케이엘모바일_부성정책_ 7월 15일_ 7차 정책,"20GB 모 두 중 분 1168+( 밀 리 의 서재) 33,100 무제한 무제한 300%  |1168+ 일 268| 3Mbps 45,000 95,000 40,000 95,000",/Users/jinwoo/Documents/Codex/2026-05-30/new-chat/policy-tracker/data/images/332/skylife.png
332,umobile,11GB,auto_candidate,66000,66000,,2025-07-15 10:17:48,케이엘모바일_부성정책_ 7월 15일_ 7차 정책,"LTE 스 폐 셜 [ 약 정 형 ] 약정 9.900 원 무제한 무 제 한 | 300 분 | 1168+ 일 266 | 3Mbps | 66,000 2. 만 차감 | 66,000 2.2 만 차감",/Users/jinwoo/Documents/Codex/2026-05-30/new-chat/policy-tracker/data/images/332/umobile.png
333,hello,11GB,auto_candidate,30000,120000,,2025-07-17 10:10:18,케이엘모바일_부성정책_ 7월 17일_ 8차 정책,"The 착한 데이터 유심 11GB 49,390 | 15,400 | 33,990 | 무제한 | 무제한 11.0GB| @2GB+3Mbps 30,000 | 120,000 | 30,000 | 120,000",/Users/jinwoo/Documents/Codex/2026-05-30/new-chat/policy-tracker/data/images/333/hello.png
333,hello,7GB,auto_candidate,30000,120000,,2025-07-17 10:10:18,케이엘모바일_부성정책_ 7월 17일_ 8차 정책,"DATA 걱 정 없는 유심 768 45,100 | 26,600 | 18,500 | 무제한 | 무제한 | 300 분 | 708 Mbps 30,000 | 120,000 | 30,000 | 120,000",/Users/jinwoo/Documents/Codex/2026-05-30/new-chat/policy-tracker/data/images/333/hello.png
333,ktm,11GB,auto_candidate,90000,160000,,2025-07-17 10:10:18,케이엘모바일_부성정책_ 7월 17일_ 8차 정책,"20GB M 프리미엄 1166( 밀 리 의 서재) 45,900 34,000 무제한 | 무제한 | 3008 11GB+22GB 3Mbps_ 90,000 160,000 90,000 160,000",/Users/jinwoo/Documents/Codex/2026-05-30/new-chat/policy-tracker/data/images/333/ktm.png
333,skylife,11GB,auto_candidate,45000,95000,,2025-07-17 10:10:18,케이엘모바일_부성정책_ 7월 17일_ 8차 정책,"20GB 모 두 중 분 1168+( 밀 리 의 서재) 33,100 무제한 무제한 300%  |1168+ 일 268| 3Mbps 45,000 95,000 40,000 95,000",/Users/jinwoo/Documents/Codex/2026-05-30/new-chat/policy-tracker/data/images/333/skylife.png
333,umobile,11GB,auto_candidate,66000,66000,,2025-07-17 10:10:18,케이엘모바일_부성정책_ 7월 17일_ 8차 정책,"LTE 스 폐 셜 [ 약 정 형 ] 약정 9.900 원 무제한 무 제 한 | 300 분 | 1168+ 일 266 | 3Mbps | 66,000 2. 만 차감 | 66,000 2.2 만 차감",/Users/jinwoo/Documents/Codex/2026-05-30/new-chat/policy-tracker/data/images/333/umobile.png
334,hello,11GB,auto_candidate,30000,120000,,2025-07-23 12:09:52,케이엘모바일_부성정책_ 7월 23일_ 9차 정책,"The 착한 데이터 유심 11GB 49,390 | 15,400 | 33,990 | 무제한 | 무제한 11.0GB| @2GB+3Mbps 30,000 | 120,000 | 30,000 | 120,000",/Users/jinwoo/Documents/Codex/2026-05-30/new-chat/policy-tracker/data/images/334/hello.png
334,hello,7GB,auto_candidate,30000,120000,,2025-07-23 12:09:52,케이엘모바일_부성정책_ 7월 23일_ 9차 정책,"DATA 걱 정 없는 유심 768 45,100 | 26,600 | 18,500 | 무제한 | 무제한 | 300 분 | 708 Mbps 30,000 | 120,000 | 30,000 | 120,000",/Users/jinwoo/Documents/Codex/2026-05-30/new-chat/policy-tracker/data/images/334/hello.png
334,ktm,11GB,auto_candidate,90000,160000,,2025-07-23 12:09:52,케이엘모바일_부성정책_ 7월 23일_ 9차 정책,"20GB M 프리미엄 1166( 밀 리 의 서재) 45,900 34,000 무제한 | 무제한 | 3008 11GB+22GB 3Mbps_ 90,000 160,000 90,000 160,000",/Users/jinwoo/Documents/Codex/2026-05-30/new-chat/policy-tracker/data/images/334/ktm.png
334,skylife,11GB,auto_candidate,45000,95000,,2025-07-23 12:09:52,케이엘모바일_부성정책_ 7월 23일_ 9차 정책,"20GB 모 두 중 분 1168+( 밀 리 의 서재) 33,100 무제한 무제한 300%  |1168+ 일 268| 3Mbps 45,000 95,000 40,000 95,000",/Users/jinwoo/Documents/Codex/2026-05-30/new-chat/policy-tracker/data/images/334/skylife.png
334,umobile,11GB,auto_candidate,66000,66000,,2025-07-23 12:09:52,케이엘모바일_부성정책_ 7월 23일_ 9차 정책,"LTE 스 폐 셜 [ 약 정 형 ] 약정 9.900 원 무제한 무 제 한 | 300 분 | 1168+ 일 266 | 3Mbps | 66,000 2. 만 차감 | 66,000 2.2 만 차감",/Users/jinwoo/Documents/Codex/2026-05-30/new-chat/policy-tracker/data/images/334/umobile.png
335,hello,11GB,auto_candidate,30000,120000,,2025-08-01 12:00:59,케이엘모바일_부성정책_ 8월 1일_ 1차 정책,"The A! 데이터 유심 1168 292300 | 15400 | 33990 | 무제한 | 무제한 | 300 분 | 1.066| - 일 208+3466 | 30000 | 120,000 | 30.000 | 120,000",/Users/jinwoo/Documents/Codex/2026-05-30/new-chat/policy-tracker/data/images/335/hello.jpg
335,hello,7GB,auto_candidate,30000,120000,,2025-08-01 12:00:59,케이엘모바일_부성정책_ 8월 1일_ 1차 정책,"데이터 더 주는 유심 768(* 구 폰 팩 ) 45,100 | 23.600 | 21,500 | 무제한 | 무제한 | 300 분 | 708 ‘Mbps 30,000 | 120,000 | 30,000 | 120,000",/Users/jinwoo/Documents/Codex/2026-05-30/new-chat/policy-tracker/data/images/335/hello.jpg
335,sk7,11GB,auto_candidate,70000,110000,,2025-08-01 12:00:59,케이엘모바일_부성정책_ 8월 1일_ 1차 정책,"‘watzoce | LTE 알뜰 (168+/ 통 화 맘 껏 ) | 49060 | 36,140 | xe | 무제한 | 300% | 1168 | 일 208+34689 70,000 | 110,000 | 70,000 | 110,000 | 70,000 | 110,000",/Users/jinwoo/Documents/Codex/2026-05-30/new-chat/policy-tracker/data/images/335/sk7.jpg
335,sk7,7GB,auto_candidate,70000,100000,,2025-08-01 12:00:59,케이엘모바일_부성정책_ 8월 1일_ 1차 정책,"걸 함 568 | LTE 알뜰 (768+/ 통 화 맘껏) | 48400 | 19,140 | 무제한 | 무 저 한 | 300% | 768 | 1Mbps | 70000 | 100,000 | 70,000 | 100,000 | 70,000 | 100,000",/Users/jinwoo/Documents/Codex/2026-05-30/new-chat/policy-tracker/data/images/335/sk7.jpg
335,skylife,11GB,auto_candidate,90000,110000,,2025-08-01 12:00:59,케이엘모바일_부성정책_ 8월 1일_ 1차 정책,saves 충분 11684( 일 의사) | 34000 | 무지한 | Fae | 3000 [168-204 tes | 90000 | 110000 9000 | 10000,/Users/jinwoo/Documents/Codex/2026-05-30/new-chat/policy-tracker/data/images/335/skylife.jpg
335,umobile,7GB,auto_candidate,60000,90000,,2025-08-01 12:00:59,케이엘모바일_부성정책_ 8월 1일_ 1차 정책,LTE 068+/ 동 화 기 본) 16600 무제한 | 무 저 환 | soe] 768 10685 60000 90000 6000 0000,/Users/jinwoo/Documents/Codex/2026-05-30/new-chat/policy-tracker/data/images/335/umobile.jpg
336,hello,11GB,auto_candidate,30000,120000,,2025-08-02 10:47:18,케이엘모바일_부성정책_ 8월 2일_ 2차 정책,"The A! 데이터 유심 1168 292300 | 15400 | 33990 | 무제한 | 무제한 | 300 분 | 1.066| - 일 208+3466 | 30000 | 120,000 | 30.000 | 120,000",/Users/jinwoo/Documents/Codex/2026-05-30/new-chat/policy-tracker/data/images/336/hello.jpg
336,hello,7GB,auto_candidate,30000,120000,,2025-08-02 10:47:18,케이엘모바일_부성정책_ 8월 2일_ 2차 정책,"데이터 더 주는 유심 768(* 구 폰 팩 ) 45,100 | 23.600 | 21,500 | 무제한 | 무제한 | 300 분 | 708 ‘Mbps 30,000 | 120,000 | 30,000 | 120,000",/Users/jinwoo/Documents/Codex/2026-05-30/new-chat/policy-tracker/data/images/336/hello.jpg
336,skylife,7GB,auto_candidate,50000,80000,,2025-08-02 10:47:18,케이엘모바일_부성정책_ 8월 2일_ 2차 정책,"5GB 모 두 충분 768+( 밀 리 의 서재) 16,200 무제한 | 무제한 300 분 798 Mbps 50,000 80,000 50,000 80,000",/Users/jinwoo/Documents/Codex/2026-05-30/new-chat/policy-tracker/data/images/336/skylife.png
336,umobile,11GB,auto_candidate,60000,60000,,2025-08-02 10:47:18,케이엘모바일_부성정책_ 8월 2일_ 2차 정책,"LTE 스 폐 셜 [ 약 정 형 ] 32,990 무제한 [suet 3002 | 11GB+2!2GB 3Mbps 60,000 60,000",/Users/jinwoo/Documents/Codex/2026-05-30/new-chat/policy-tracker/data/images/336/umobile.png
336,umobile,7GB,auto_candidate,60000,60000,,2025-08-02 10:47:18,케이엘모바일_부성정책_ 8월 2일_ 2차 정책,"LTE (768+/ 통 화 기 본 )[ 약 정형] 15,900 무제한 “pate! 3008 7GB 1Mbps 60,000 60,000",/Users/jinwoo/Documents/Codex/2026-05-30/new-chat/policy-tracker/data/images/336/umobile.png
339,hello,11GB,auto_candidate,30000,120000,,2025-08-07 13:50:25,케이엘모바일_부성정책_ 8월 7일_ 3차 정책,"The A! 데이터 유심 1168 292300 | 15400 | 33990 | 무제한 | 무제한 | 300 분 | 1.066| - 일 208+3466 | 30000 | 120,000 | 30.000 | 120,000",/Users/jinwoo/Documents/Codex/2026-05-30/new-chat/policy-tracker/data/images/339/hello.jpg
339,hello,7GB,auto_candidate,30000,120000,,2025-08-07 13:50:25,케이엘모바일_부성정책_ 8월 7일_ 3차 정책,"데이터 더 주는 유심 768(* 구 폰 팩 ) 45,100 | 23.600 | 21,500 | 무제한 | 무제한 | 300 분 | 708 ‘Mbps 30,000 | 120,000 | 30,000 | 120,000",/Users/jinwoo/Documents/Codex/2026-05-30/new-chat/policy-tracker/data/images/339/hello.jpg
339,sk7,11GB,auto_candidate,70000,140000,,2025-08-07 13:50:25,케이엘모바일_부성정책_ 8월 7일_ 3차 정책,"결 함 2068｜ LTE 알 를 (1168+/ 통 화 맘껏) | 49060 | 36.140 | 무제한 | 무제한 | 300 분 7168 | 22GB+3Mbps| 70,000 | 140,000 | 70,000 | 140,000 | 70,000 | 140,000",/Users/jinwoo/Documents/Codex/2026-05-30/new-chat/policy-tracker/data/images/339/sk7.jpg
339,sk7,7GB,auto_candidate,70000,130000,,2025-08-07 13:50:25,케이엘모바일_부성정책_ 8월 7일_ 3차 정책,"함 568 | LTE 알 를 (768+/ 통 화 맘껏) | 49400 | 19,140 | FMS | 무제한 | 3008 7068 76505 70.000 | 130,000 | 70,000 | 130,000 | 70,000 | 130,000",/Users/jinwoo/Documents/Codex/2026-05-30/new-chat/policy-tracker/data/images/339/sk7.jpg
339,skylife,7GB,auto_candidate,50000,80000,,2025-08-07 13:50:25,케이엘모바일_부성정책_ 8월 7일_ 3차 정책,"5GB 모 두 충분 768+( 밀 리 의 서재) 16,200 무제한 | 무제한 300 분 798 Mbps 50,000 80,000 50,000 80,000",/Users/jinwoo/Documents/Codex/2026-05-30/new-chat/policy-tracker/data/images/339/skylife.png
339,umobile,11GB,auto_candidate,60000,60000,,2025-08-07 13:50:25,케이엘모바일_부성정책_ 8월 7일_ 3차 정책,"LTE 스 폐 셜 [ 약 정 형 ] 32,990 무제한 [suet 3002 | 11GB+2!2GB 3Mbps 60,000 60,000",/Users/jinwoo/Documents/Codex/2026-05-30/new-chat/policy-tracker/data/images/339/umobile.png
339,umobile,7GB,auto_candidate,60000,60000,,2025-08-07 13:50:25,케이엘모바일_부성정책_ 8월 7일_ 3차 정책,"LTE (768+/ 통 화 기 본 )[ 약 정형] 15,900 무제한 “pate! 3008 7GB 1Mbps 60,000 60,000",/Users/jinwoo/Documents/Codex/2026-05-30/new-chat/policy-tracker/data/images/339/umobile.png
340,hello,11GB,auto_candidate,30000,120000,,2025-08-13 12:50:24,케이엘모바일_부성정책_ 8월 13일_ 4차 정책,"The A! 데이터 유심 1168 292300 | 15400 | 33990 | 무제한 | 무제한 | 300 분 | 1.066| - 일 208+3466 | 30000 | 120,000 | 30.000 | 120,000",/Users/jinwoo/Documents/Codex/2026-05-30/new-chat/policy-tracker/data/images/340/hello.jpg
340,hello,7GB,auto_candidate,30000,120000,,2025-08-13 12:50:24,케이엘모바일_부성정책_ 8월 13일_ 4차 정책,"데이터 더 주는 유심 768(* 구 폰 팩 ) 45,100 | 23.600 | 21,500 | 무제한 | 무제한 | 300 분 | 708 ‘Mbps 30,000 | 120,000 | 30,000 | 120,000",/Users/jinwoo/Documents/Codex/2026-05-30/new-chat/policy-tracker/data/images/340/hello.jpg
340,sk7,11GB,auto_candidate,70000,140000,,2025-08-13 12:50:24,케이엘모바일_부성정책_ 8월 13일_ 4차 정책,"결 함 2068｜ LTE 알 를 (1168+/ 통 화 맘껏) | 49060 | 36.140 | 무제한 | 무제한 | 300 분 7168 | 22GB+3Mbps| 70,000 | 140,000 | 70,000 | 140,000 | 70,000 | 140,000",/Users/jinwoo/Documents/Codex/2026-05-30/new-chat/policy-tracker/data/images/340/sk7.jpg
340,sk7,7GB,auto_candidate,70000,130000,,2025-08-13 12:50:24,케이엘모바일_부성정책_ 8월 13일_ 4차 정책,"함 568 | LTE 알 를 (768+/ 통 화 맘껏) | 49400 | 19,140 | FMS | 무제한 | 3008 7068 76505 70.000 | 130,000 | 70,000 | 130,000 | 70,000 | 130,000",/Users/jinwoo/Documents/Codex/2026-05-30/new-chat/policy-tracker/data/images/340/sk7.jpg
340,skylife,7GB,auto_candidate,50000,80000,,2025-08-13 12:50:24,케이엘모바일_부성정책_ 8월 13일_ 4차 정책,"5GB 모 두 충분 768+( 밀 리 의 서재) 16,200 무제한 | 무제한 300 분 798 Mbps 50,000 80,000 50,000 80,000",/Users/jinwoo/Documents/Codex/2026-05-30/new-chat/policy-tracker/data/images/340/skylife.png
340,umobile,11GB,auto_candidate,60000,60000,,2025-08-13 12:50:24,케이엘모바일_부성정책_ 8월 13일_ 4차 정책,"20GB LTE 스폐셜 | 34,900 무제한 무 제 한 | 300 분 | 11GB+22GB 3Mbps 60,000 60,000",/Users/jinwoo/Documents/Codex/2026-05-30/new-chat/policy-tracker/data/images/340/umobile.png
340,umobile,7GB,auto_candidate,60000,60000,,2025-08-13 12:50:24,케이엘모바일_부성정책_ 8월 13일_ 4차 정책,"5GB 이 동 의 즐거움 - 패 스 (768+ 통 화 기 본 ) | 18,600 무제한 무제한 | 300 분 7068 Mbps 60,000 60,000",/Users/jinwoo/Documents/Codex/2026-05-30/new-chat/policy-tracker/data/images/340/umobile.png
341,hello,11GB,auto_candidate,30000,120000,,2025-08-14 12:14:56,케이엘모바일_부성정책_ 8월 14일_ 5차 정책,"The 착한 데이터 유심 11GB 49,390 | 540 | 3990 | ewe | eet] 2008 | 11.0GB 2GB+3Mbps 30,000 | 120,000 | 30,000 120,000",/Users/jinwoo/Documents/Codex/2026-05-30/new-chat/policy-tracker/data/images/341/hello.jpg
341,hello,7GB,auto_candidate,30000,120000,,2025-08-14 12:14:56,케이엘모바일_부성정책_ 8월 14일_ 5차 정책,"쿠 폰 팩 데이터 더 주는 유심 766 45,100 | 22,100 | 23,000 7GB 1Mbps 30,000 | 120,000 | 30,000 | 120,000",/Users/jinwoo/Documents/Codex/2026-05-30/new-chat/policy-tracker/data/images/341/hello.jpg
341,sk7,11GB,auto_candidate,70000,140000,,2025-08-14 12:14:56,케이엘모바일_부성정책_ 8월 14일_ 5차 정책,"결 함 2068｜ LTE 알 를 (1168+/ 통 화 맘껏) | 49060 | 36.140 | 무제한 | 무제한 | 300 분 7168 | 22GB+3Mbps| 70,000 | 140,000 | 70,000 | 140,000 | 70,000 | 140,000",/Users/jinwoo/Documents/Codex/2026-05-30/new-chat/policy-tracker/data/images/341/sk7.jpg
341,sk7,7GB,auto_candidate,70000,130000,,2025-08-14 12:14:56,케이엘모바일_부성정책_ 8월 14일_ 5차 정책,"함 568 | LTE 알 를 (768+/ 통 화 맘껏) | 49400 | 19,140 | FMS | 무제한 | 3008 7068 76505 70.000 | 130,000 | 70,000 | 130,000 | 70,000 | 130,000",/Users/jinwoo/Documents/Codex/2026-05-30/new-chat/policy-tracker/data/images/341/sk7.jpg
341,skylife,7GB,auto_candidate,50000,80000,,2025-08-14 12:14:56,케이엘모바일_부성정책_ 8월 14일_ 5차 정책,"5GB 모 두 충분 768+( 밀 리 의 서재) 16,200 무제한 | 무제한 300 분 798 Mbps 50,000 80,000 50,000 80,000",/Users/jinwoo/Documents/Codex/2026-05-30/new-chat/policy-tracker/data/images/341/skylife.png
341,umobile,11GB,auto_candidate,60000,60000,,2025-08-14 12:14:56,케이엘모바일_부성정책_ 8월 14일_ 5차 정책,"20GB LTE 스폐셜 34,900 무제한 무 제 한 | 300H | 11GB+22GB 3Mbps 60,000 60,000",/Users/jinwoo/Documents/Codex/2026-05-30/new-chat/policy-tracker/data/images/341/umobile.jpg
341,umobile,7GB,auto_candidate,60000,60000,,2025-08-14 12:14:56,케이엘모바일_부성정책_ 8월 14일_ 5차 정책,"5GB LTE (768+/ 통 화 기 본) 18,600 무제한 무 제 한 | 300 분 768 Mbps 60,000 60,000",/Users/jinwoo/Documents/Codex/2026-05-30/new-chat/policy-tracker/data/images/341/umobile.jpg
342,hello,11GB,auto_candidate,30000,120000,,2025-08-15 10:35:18,케이엘모바일_부성정책_ 8월 15일_ 6차 정책,"The 착한 데이터 유심 11GB 49,390 | 540 | 3990 | ewe | eet] 2008 | 11.0GB 2GB+3Mbps 30,000 | 120,000 | 30,000 120,000",/Users/jinwoo/Documents/Codex/2026-05-30/new-chat/policy-tracker/data/images/342/hello.jpg
342,hello,7GB,auto_candidate,30000,120000,,2025-08-15 10:35:18,케이엘모바일_부성정책_ 8월 15일_ 6차 정책,"쿠 폰 팩 데이터 더 주는 유심 766 45,100 | 22,100 | 23,000 7GB 1Mbps 30,000 | 120,000 | 30,000 | 120,000",/Users/jinwoo/Documents/Codex/2026-05-30/new-chat/policy-tracker/data/images/342/hello.jpg
342,ktm,7GB,auto_candidate,130000,130000,,2025-08-15 10:35:18,케이엘모바일_부성정책_ 8월 15일_ 6차 정책,"5068 MAMA 768( 밀 리 의 서재) 31,000 17,900 무제한 무제한 300 분 768 | 1Mbps )( 130,000 ¢ 130,000",/Users/jinwoo/Documents/Codex/2026-05-30/new-chat/policy-tracker/data/images/342/ktm.jpg
342,sk7,11GB,auto_candidate,70000,140000,,2025-08-15 10:35:18,케이엘모바일_부성정책_ 8월 15일_ 6차 정책,"결 함 2068｜ LTE 알 를 (1168+/ 통 화 맘껏) | 49060 | 36.140 | 무제한 | 무제한 | 300 분 7168 | 22GB+3Mbps| 70,000 | 140,000 | 70,000 | 140,000 | 70,000 | 140,000",/Users/jinwoo/Documents/Codex/2026-05-30/new-chat/policy-tracker/data/images/342/sk7.jpg
342,sk7,7GB,auto_candidate,70000,130000,,2025-08-15 10:35:18,케이엘모바일_부성정책_ 8월 15일_ 6차 정책,"함 568 | LTE 알 를 (768+/ 통 화 맘껏) | 49400 | 19,140 | FMS | 무제한 | 3008 7068 76505 70.000 | 130,000 | 70,000 | 130,000 | 70,000 | 130,000",/Users/jinwoo/Documents/Codex/2026-05-30/new-chat/policy-tracker/data/images/342/sk7.jpg
342,skylife,7GB,auto_candidate,50000,80000,,2025-08-15 10:35:18,케이엘모바일_부성정책_ 8월 15일_ 6차 정책,"5GB 모 두 충분 768+( 밀 리 의 서재) 16,200 무제한 | 무제한 300 분 798 Mbps 50,000 80,000 50,000 80,000",/Users/jinwoo/Documents/Codex/2026-05-30/new-chat/policy-tracker/data/images/342/skylife.png
342,umobile,11GB,auto_candidate,60000,60000,,2025-08-15 10:35:18,케이엘모바일_부성정책_ 8월 15일_ 6차 정책,"20GB LTE 스폐셜 34,900 무제한 무 제 한 | 300H | 11GB+22GB 3Mbps 60,000 60,000",/Users/jinwoo/Documents/Codex/2026-05-30/new-chat/policy-tracker/data/images/342/umobile.jpg
342,umobile,7GB,auto_candidate,60000,60000,,2025-08-15 10:35:18,케이엘모바일_부성정책_ 8월 15일_ 6차 정책,"5GB LTE (768+/ 통 화 기 본) 18,600 무제한 무 제 한 | 300 분 768 Mbps 60,000 60,000",/Users/jinwoo/Documents/Codex/2026-05-30/new-chat/policy-tracker/data/images/342/umobile.jpg
343,hello,11GB,auto_candidate,30000,120000,,2025-08-21 10:06:16,케이엘모바일_부성정책_ 8월 21일_ 7차 정책,"The 착한 데이터 유심 11GB 49,390 | 540 | 3990 | ewe | eet] 2008 | 11.0GB 2GB+3Mbps 30,000 | 120,000 | 30,000 120,000",/Users/jinwoo/Documents/Codex/2026-05-30/new-chat/policy-tracker/data/images/343/hello.jpg
343,hello,7GB,auto_candidate,30000,120000,,2025-08-21 10:06:16,케이엘모바일_부성정책_ 8월 21일_ 7차 정책,"쿠 폰 팩 데이터 더 주는 유심 766 45,100 | 22,100 | 23,000 7GB 1Mbps 30,000 | 120,000 | 30,000 | 120,000",/Users/jinwoo/Documents/Codex/2026-05-30/new-chat/policy-tracker/data/images/343/hello.jpg
343,ktm,7GB,auto_candidate,130000,130000,,2025-08-21 10:06:16,케이엘모바일_부성정책_ 8월 21일_ 7차 정책,"5068 MAMA 768( 밀 리 의 서재) 31,000 17,900 무제한 무제한 300 분 768 | 1Mbps )( 130,000 ¢ 130,000",/Users/jinwoo/Documents/Codex/2026-05-30/new-chat/policy-tracker/data/images/343/ktm.jpg
343,sk7,11GB,auto_candidate,70000,70000,,2025-08-21 10:06:16,케이엘모바일_부성정책_ 8월 21일_ 7차 정책,"결 합 2068 | LTE SS (1168+/ 통 화 맘껏) | 49,060 | 36,140 무제한 무제한 300 분 1168 |22GB+3Mbps| 70,000 70,000 70,000",/Users/jinwoo/Documents/Codex/2026-05-30/new-chat/policy-tracker/data/images/343/sk7.jpg
343,sk7,7GB,auto_candidate,70000,70000,,2025-08-21 10:06:16,케이엘모바일_부성정책_ 8월 21일_ 7차 정책,"결 합 566 | Te 알뜰 (768+/ 통 화 맘껏) | 48,400 | 19,140 | 무제한 | 무제한 ㅣ 300% | 7068 1Mbps 70,000 70,000 70,000",/Users/jinwoo/Documents/Codex/2026-05-30/new-chat/policy-tracker/data/images/343/sk7.jpg
343,skylife,7GB,auto_candidate,50000,80000,,2025-08-21 10:06:16,케이엘모바일_부성정책_ 8월 21일_ 7차 정책,"5GB 모 두 충분 768+( 밀 리 의 서재) 16,200 무제한 | 무제한 300 분 798 Mbps 50,000 80,000 50,000 80,000",/Users/jinwoo/Documents/Codex/2026-05-30/new-chat/policy-tracker/data/images/343/skylife.png
343,umobile,11GB,auto_candidate,60000,60000,,2025-08-21 10:06:16,케이엘모바일_부성정책_ 8월 21일_ 7차 정책,"20GB LTE 스폐셜 34,900 무제한 무 제 한 | 300H | 11GB+22GB 3Mbps 60,000 60,000",/Users/jinwoo/Documents/Codex/2026-05-30/new-chat/policy-tracker/data/images/343/umobile.jpg
343,umobile,7GB,auto_candidate,60000,60000,,2025-08-21 10:06:16,케이엘모바일_부성정책_ 8월 21일_ 7차 정책,"5GB LTE (768+/ 통 화 기 본) 18,600 무제한 무 제 한 | 300 분 768 Mbps 60,000 60,000",/Users/jinwoo/Documents/Codex/2026-05-30/new-chat/policy-tracker/data/images/343/umobile.jpg
344,hello,11GB,auto_candidate,30000,120000,,2025-08-21 12:27:28,케이엘모바일_부성정책_ 8월 21일_ 7차 정책(수정),"The 착한 데이터 유심 11GB 49,390 | 540 | 3990 | ewe | eet] 2008 | 11.0GB 2GB+3Mbps 30,000 | 120,000 | 30,000 120,000",/Users/jinwoo/Documents/Codex/2026-05-30/new-chat/policy-tracker/data/images/344/hello.jpg
344,hello,7GB,auto_candidate,30000,120000,,2025-08-21 12:27:28,케이엘모바일_부성정책_ 8월 21일_ 7차 정책(수정),"쿠 폰 팩 데이터 더 주는 유심 766 45,100 | 22,100 | 23,000 7GB 1Mbps 30,000 | 120,000 | 30,000 | 120,000",/Users/jinwoo/Documents/Codex/2026-05-30/new-chat/policy-tracker/data/images/344/hello.jpg
344,ktm,7GB,auto_candidate,130000,130000,,2025-08-21 12:27:28,케이엘모바일_부성정책_ 8월 21일_ 7차 정책(수정),"5068 MAMA 768( 밀 리 의 서재) 31,000 17,900 무제한 무제한 300 분 768 | 1Mbps )( 130,000 ¢ 130,000",/Users/jinwoo/Documents/Codex/2026-05-30/new-chat/policy-tracker/data/images/344/ktm.jpg
344,skylife,7GB,auto_candidate,50000,80000,,2025-08-21 12:27:28,케이엘모바일_부성정책_ 8월 21일_ 7차 정책(수정),"5GB 모 두 충분 768+( 밀 리 의 서재) 16,200 무제한 | 무제한 300 분 798 Mbps 50,000 80,000 50,000 80,000",/Users/jinwoo/Documents/Codex/2026-05-30/new-chat/policy-tracker/data/images/344/skylife.png
344,umobile,11GB,auto_candidate,60000,60000,,2025-08-21 12:27:28,케이엘모바일_부성정책_ 8월 21일_ 7차 정책(수정),"20GB LTE 스폐셜 34,900 무제한 무 제 한 | 300H | 11GB+22GB 3Mbps 60,000 60,000",/Users/jinwoo/Documents/Codex/2026-05-30/new-chat/policy-tracker/data/images/344/umobile.jpg
344,umobile,7GB,auto_candidate,60000,60000,,2025-08-21 12:27:28,케이엘모바일_부성정책_ 8월 21일_ 7차 정책(수정),"5GB LTE (768+/ 통 화 기 본) 18,600 무제한 무 제 한 | 300 분 768 Mbps 60,000 60,000",/Users/jinwoo/Documents/Codex/2026-05-30/new-chat/policy-tracker/data/images/344/umobile.jpg
345,hello,11GB,auto_candidate,30000,120000,,2025-08-22 11:01:52,케이엘모바일_부성정책_ 8월 22일_ 8차 정책,"The 착한 데이터 유심 11GB 49,390 | 540 | 3990 | ewe | eet] 2008 | 11.0GB 2GB+3Mbps 30,000 | 120,000 | 30,000 120,000",/Users/jinwoo/Documents/Codex/2026-05-30/new-chat/policy-tracker/data/images/345/hello.jpg
345,hello,7GB,auto_candidate,30000,120000,,2025-08-22 11:01:52,케이엘모바일_부성정책_ 8월 22일_ 8차 정책,"쿠 폰 팩 데이터 더 주는 유심 766 45,100 | 22,100 | 23,000 7GB 1Mbps 30,000 | 120,000 | 30,000 | 120,000",/Users/jinwoo/Documents/Codex/2026-05-30/new-chat/policy-tracker/data/images/345/hello.jpg
345,ktm,7GB,auto_candidate,130000,130000,,2025-08-22 11:01:52,케이엘모바일_부성정책_ 8월 22일_ 8차 정책,"5068 MAMA 768( 밀 리 의 서재) 31,000 17,900 무제한 무제한 300 분 768 | 1Mbps )( 130,000 ¢ 130,000",/Users/jinwoo/Documents/Codex/2026-05-30/new-chat/policy-tracker/data/images/345/ktm.jpg
345,skylife,7GB,auto_candidate,50000,80000,,2025-08-22 11:01:52,케이엘모바일_부성정책_ 8월 22일_ 8차 정책,"5GB 모 두 충분 768+( 밀 리 의 서재) 16,200 무제한 | 무제한 300 분 798 Mbps 50,000 80,000 50,000 80,000",/Users/jinwoo/Documents/Codex/2026-05-30/new-chat/policy-tracker/data/images/345/skylife.png
345,umobile,11GB,auto_candidate,60000,60000,,2025-08-22 11:01:52,케이엘모바일_부성정책_ 8월 22일_ 8차 정책,"2008 LTE 스폐셜 34,900 무제한 무 제 한 | 300 분 1168+ 일 268 | 3Mbps 60,000 60,000",/Users/jinwoo/Documents/Codex/2026-05-30/new-chat/policy-tracker/data/images/345/umobile.jpg
345,umobile,7GB,auto_candidate,60000,60000,,2025-08-22 11:01:52,케이엘모바일_부성정책_ 8월 22일_ 8차 정책,"5GB LTE (768+/ 통 화 기 본) 18.600 무제한 무 제 한 | 300 분 768 1Mbps 60,000 60,000",/Users/jinwoo/Documents/Codex/2026-05-30/new-chat/policy-tracker/data/images/345/umobile.jpg
346,hello,11GB,auto_candidate,30000,120000,,2025-08-27 12:22:56,케이엘모바일_부성정책_ 8월 27일_ 9차 정책,"The 착한 데이터 유심 11GB 49,390 | 540 | 3990 | ewe | eet] 2008 | 11.0GB 2GB+3Mbps 30,000 | 120,000 | 30,000 120,000",/Users/jinwoo/Documents/Codex/2026-05-30/new-chat/policy-tracker/data/images/346/hello.jpg
346,hello,7GB,auto_candidate,30000,120000,,2025-08-27 12:22:56,케이엘모바일_부성정책_ 8월 27일_ 9차 정책,"쿠 폰 팩 데이터 더 주는 유심 766 45,100 | 22,100 | 23,000 7GB 1Mbps 30,000 | 120,000 | 30,000 | 120,000",/Users/jinwoo/Documents/Codex/2026-05-30/new-chat/policy-tracker/data/images/346/hello.jpg
346,ktm,7GB,auto_candidate,130000,130000,,2025-08-27 12:22:56,케이엘모바일_부성정책_ 8월 27일_ 9차 정책,"5068 MAMA 768( 밀 리 의 서재) 31,000 17,900 무제한 무제한 300 분 768 | 1Mbps )( 130,000 ¢ 130,000",/Users/jinwoo/Documents/Codex/2026-05-30/new-chat/policy-tracker/data/images/346/ktm.jpg
346,sk7,11GB,auto_candidate,160000,160000,,2025-08-27 12:22:56,케이엘모바일_부성정책_ 8월 27일_ 9차 정책,"결 합 2068 | LTE 알뜰 (1168+/ 통 화 맘껏) | 49,060 | 36,140 | 무제한 | 무제한 | 300% | 11GB | 22GB+3Mbps 160,000 160,000 160,000",/Users/jinwoo/Documents/Codex/2026-05-30/new-chat/policy-tracker/data/images/346/sk7.jpg
346,skylife,7GB,auto_candidate,50000,80000,,2025-08-27 12:22:56,케이엘모바일_부성정책_ 8월 27일_ 9차 정책,"5GB 모 두 충분 768+( 밀 리 의 서재) 16,200 무제한 | 무제한 300 분 798 Mbps 50,000 80,000 50,000 80,000",/Users/jinwoo/Documents/Codex/2026-05-30/new-chat/policy-tracker/data/images/346/skylife.png
346,umobile,11GB,auto_candidate,60000,60000,,2025-08-27 12:22:56,케이엘모바일_부성정책_ 8월 27일_ 9차 정책,"2008 LTE 스폐셜 34,900 무제한 무 제 한 | 300 분 1168+ 일 268 | 3Mbps 60,000 60,000",/Users/jinwoo/Documents/Codex/2026-05-30/new-chat/policy-tracker/data/images/346/umobile.jpg
346,umobile,7GB,auto_candidate,60000,60000,,2025-08-27 12:22:56,케이엘모바일_부성정책_ 8월 27일_ 9차 정책,"5GB LTE (768+/ 통 화 기 본) 18.600 무제한 무 제 한 | 300 분 768 1Mbps 60,000 60,000",/Users/jinwoo/Documents/Codex/2026-05-30/new-chat/policy-tracker/data/images/346/umobile.jpg
347,hello,11GB,auto_candidate,30000,120000,,2025-08-28 13:06:30,케이엘모바일_부성정책_ 8월 28일_ 10차 정책,"The 착한 데이터 유심 11GB 49,390 | 540 | 3990 | ewe | eet] 2008 | 11.0GB 2GB+3Mbps 30,000 | 120,000 | 30,000 120,000",/Users/jinwoo/Documents/Codex/2026-05-30/new-chat/policy-tracker/data/images/347/hello.jpg
347,hello,7GB,auto_candidate,30000,120000,,2025-08-28 13:06:30,케이엘모바일_부성정책_ 8월 28일_ 10차 정책,"쿠 폰 팩 데이터 더 주는 유심 766 45,100 | 22,100 | 23,000 7GB 1Mbps 30,000 | 120,000 | 30,000 | 120,000",/Users/jinwoo/Documents/Codex/2026-05-30/new-chat/policy-tracker/data/images/347/hello.jpg
347,ktm,7GB,auto_candidate,130000,130000,,2025-08-28 13:06:30,케이엘모바일_부성정책_ 8월 28일_ 10차 정책,"5068 MAMA 768( 밀 리 의 서재) 31,000 17,900 무제한 무제한 300 분 768 | 1Mbps )( 130,000 ¢ 130,000",/Users/jinwoo/Documents/Codex/2026-05-30/new-chat/policy-tracker/data/images/347/ktm.jpg
347,sk7,11GB,auto_candidate,160000,160000,,2025-08-28 13:06:30,케이엘모바일_부성정책_ 8월 28일_ 10차 정책,"결 합 2068 | LTE 알뜰 (1168+/ 통 화 맘껏) | 49,060 | 36,140 | 무제한 | 무제한 | 300% | 11GB | 22GB+3Mbps 160,000 160,000 160,000",/Users/jinwoo/Documents/Codex/2026-05-30/new-chat/policy-tracker/data/images/347/sk7.jpg
347,skylife,7GB,auto_candidate,50000,80000,,2025-08-28 13:06:30,케이엘모바일_부성정책_ 8월 28일_ 10차 정책,"5GB 모 두 충분 768+( 밀 리 의 서재) 16,200 무제한 | 무제한 300 분 798 Mbps 50,000 80,000 50,000 80,000",/Users/jinwoo/Documents/Codex/2026-05-30/new-chat/policy-tracker/data/images/347/skylife.png
347,umobile,7GB,auto_candidate,60000,142000,,2025-08-28 13:06:30,케이엘모바일_부성정책_ 8월 28일_ 10차 정책,"| see | LTE (768+/ 통 화 기 본) 18,600 무제한 무 제 한 | 300 분 768 Mbps 60,000 142,000 | 60,000 132,000",/Users/jinwoo/Documents/Codex/2026-05-30/new-chat/policy-tracker/data/images/347/umobile.jpg
348,hello,11GB,auto_candidate,30000,120000,,2025-09-01 12:11:21,케이엘모바일_부성정책_ 9월 1일_ 1차 정책,"The 착한 데이터 유심 11GB 49,390 | 540 | 3990 | gare) gate | 208 | race | 22cB+3Mbps | 30,000 | 120,000 | 30,000 | 120,000",/Users/jinwoo/Documents/Codex/2026-05-30/new-chat/policy-tracker/data/images/348/hello.png
348,hello,7GB,auto_candidate,30000,130000,,2025-09-01 12:11:21,케이엘모바일_부성정책_ 9월 1일_ 1차 정책,"DATA 걱 정 없는 유심 768 26600 | 18,500 30,000 | 130.000 | 30,000 | 130,000",/Users/jinwoo/Documents/Codex/2026-05-30/new-chat/policy-tracker/data/images/348/hello.png
348,ktm,11GB,auto_candidate,75000,115000,,2025-09-01 12:11:21,케이엘모바일_부성정책_ 9월 1일_ 1차 정책,"2006 ㅣ 모 두 다 맘껏 1168+( 웨 이브 베이직) | 51000 | 36,600 무제한 무제한 300% | 1168+ 일 208|  3Mbps 75,000 115,000 75,000 115,000",/Users/jinwoo/Documents/Codex/2026-05-30/new-chat/policy-tracker/data/images/348/ktm.png
348,ktm,7GB,auto_candidate,65000,95000,,2025-09-01 12:11:21,케이엘모바일_부성정책_ 9월 1일_ 1차 정책,"M 라이트 768 플러스 30,000 14,000 무제한 무제한 30 분 768 400Kbps 65,000 95,000 65,000 95,000",/Users/jinwoo/Documents/Codex/2026-05-30/new-chat/policy-tracker/data/images/348/ktm.png
348,sk7,7GB,auto_candidate,100000,100000,,2025-09-01 12:11:21,케이엘모바일_부성정책_ 9월 1일_ 1차 정책,"결 합 568 CMLink (7GB+) 53,900 | 24,200 | 무제한 | 무제한 | 3008 | 768 Mbps 100,000 | 100,000",/Users/jinwoo/Documents/Codex/2026-05-30/new-chat/policy-tracker/data/images/348/sk7.png
348,skylife,11GB,auto_candidate,65000,110000,,2025-09-01 12:11:21,케이엘모바일_부성정책_ 9월 1일_ 1차 정책,"SKY 모두 SH 1168+( 밀 리 의 서재) | 34,000 무제한 무제한 300%  |1168+ 일 208|  3Mbps 65.000 110,000 65,000 90,000",/Users/jinwoo/Documents/Codex/2026-05-30/new-chat/policy-tracker/data/images/348/skylife.png
348,skylife,7GB,auto_candidate,55000,100000,,2025-09-01 12:11:21,케이엘모바일_부성정책_ 9월 1일_ 1차 정책,"SKY 모두 충분 768+( 밀 리 의 서재) 17,900 무제한 무제한 300 분 768 Mbps 55,000 100,000 55,000 80,000",/Users/jinwoo/Documents/Codex/2026-05-30/new-chat/policy-tracker/data/images/348/skylife.png
348,umobile,7GB,auto_candidate,70000,120000,,2025-09-01 12:11:21,케이엘모바일_부성정책_ 9월 1일_ 1차 정책,"| soo | LTE (766+/ 통 화 기 본) 18,600 무제한 무 제 한 | 300 분 768 Mbps. 70,000 120,000 70,000 110,000",/Users/jinwoo/Documents/Codex/2026-05-30/new-chat/policy-tracker/data/images/348/umobile.png
349,hello,11GB,auto_candidate,30000,120000,,2025-09-01 18:26:33,케이엘모바일_부성정책_ 9월 1일_ 1차 정책(수정),"The 착한 데이터 유심 11GB 49,390 | 540 | 3990 | gare) gate | 208 | race | 22cB+3Mbps | 30,000 | 120,000 | 30,000 | 120,000",/Users/jinwoo/Documents/Codex/2026-05-30/new-chat/policy-tracker/data/images/349/hello.png
349,hello,7GB,auto_candidate,30000,130000,,2025-09-01 18:26:33,케이엘모바일_부성정책_ 9월 1일_ 1차 정책(수정),"DATA 걱 정 없는 유심 768 26600 | 18,500 30,000 | 130.000 | 30,000 | 130,000",/Users/jinwoo/Documents/Codex/2026-05-30/new-chat/policy-tracker/data/images/349/hello.png
349,ktm,11GB,auto_candidate,90000,90000,,2025-09-01 18:26:33,케이엘모바일_부성정책_ 9월 1일_ 1차 정책(수정),"2008 M 프리미엄 1168( 밀 리 의 서재) 45900 | 34000 | - 무제한 무제한 300% | 1168+ 일 268| Mbps 90,000 90,000",/Users/jinwoo/Documents/Codex/2026-05-30/new-chat/policy-tracker/data/images/349/ktm.png
349,sk7,7GB,auto_candidate,100000,100000,,2025-09-01 18:26:33,케이엘모바일_부성정책_ 9월 1일_ 1차 정책(수정),"결 합 568 CMLink (7GB+) 53,900 | 24,200 | 무제한 | 무제한 | 3008 | 768 Mbps 100,000 | 100,000",/Users/jinwoo/Documents/Codex/2026-05-30/new-chat/policy-tracker/data/images/349/sk7.png
349,skylife,7GB,auto_candidate,55000,55000,,2025-09-01 18:26:33,케이엘모바일_부성정책_ 9월 1일_ 1차 정책(수정),"568 SKY 모두 충분 768+( 밀 리 의 서재) 17,900 무제한 무제한 300 분 768 ‘Mbps 55,000 55,000",/Users/jinwoo/Documents/Codex/2026-05-30/new-chat/policy-tracker/data/images/349/skylife.png
349,umobile,11GB,auto_candidate,70000,132000,,2025-09-01 18:26:33,케이엘모바일_부성정책_ 9월 1일_ 1차 정책(수정),"| LTE 스 폐 셜 [ 약 정 형 ] 32,990 무제한 무 제 한 | 300 분 | 11GB+22GB 3Mbps 70,000 132,000 70,000 121,000 |",/Users/jinwoo/Documents/Codex/2026-05-30/new-chat/policy-tracker/data/images/349/umobile.png
350,hello,11GB,auto_candidate,30000,120000,,2025-09-03 11:03:13,케이엘모바일_부성정책_ 9월 3일_ 2차 정책,"The 착한 데이터 유심 11GB 49,390 | 540 | 3990 | gare) gate | 208 | race | 22cB+3Mbps | 30,000 | 120,000 | 30,000 | 120,000",/Users/jinwoo/Documents/Codex/2026-05-30/new-chat/policy-tracker/data/images/350/hello.png
350,hello,7GB,auto_candidate,30000,130000,,2025-09-03 11:03:13,케이엘모바일_부성정책_ 9월 3일_ 2차 정책,"DATA 걱 정 없는 유심 768 26600 | 18,500 30,000 | 130.000 | 30,000 | 130,000",/Users/jinwoo/Documents/Codex/2026-05-30/new-chat/policy-tracker/data/images/350/hello.png
350,ktm,11GB,auto_candidate,90000,90000,,2025-09-03 11:03:13,케이엘모바일_부성정책_ 9월 3일_ 2차 정책,"2008 M 프리미엄 1168( 밀 리 의 서재) 45900 | 34000 | - 무제한 무제한 300% | 1168+ 일 268| Mbps 90,000 90,000",/Users/jinwoo/Documents/Codex/2026-05-30/new-chat/policy-tracker/data/images/350/ktm.png
350,sk7,11GB,auto_candidate,80000,80000,,2025-09-03 11:03:13,케이엘모바일_부성정책_ 9월 3일_ 2차 정책,"결 합 2068 | LTE 알뜰 (1168+/ 통 화 맘껏) | 49,060 | 36,140 | 무제한 | 무제한 | 300 | 11GB | 22GB+3Mbps| 80,000 80,000 80,000",/Users/jinwoo/Documents/Codex/2026-05-30/new-chat/policy-tracker/data/images/350/sk7.png
350,sk7,7GB,auto_candidate,80000,80000,,2025-09-03 11:03:13,케이엘모바일_부성정책_ 9월 3일_ 2차 정책,"결 함 566 | LTE 알뜰 (768+/ 통 화 맘껏) ㅣ 48,400 | 19,140 | 무제한 | 무제한 | 3008 768 Mbps 80,000 80,000 80,000",/Users/jinwoo/Documents/Codex/2026-05-30/new-chat/policy-tracker/data/images/350/sk7.png
350,skylife,7GB,auto_candidate,55000,55000,,2025-09-03 11:03:13,케이엘모바일_부성정책_ 9월 3일_ 2차 정책,"568 SKY 모두 충분 768+( 밀 리 의 서재) 17,900 무제한 무제한 300 분 768 ‘Mbps 55,000 55,000",/Users/jinwoo/Documents/Codex/2026-05-30/new-chat/policy-tracker/data/images/350/skylife.png
350,umobile,11GB,auto_candidate,70000,70000,,2025-09-03 11:03:13,케이엘모바일_부성정책_ 9월 3일_ 2차 정책,"LTE 스 폐 셜 [ 약 정 형 ] 32,990 무제한 무 제 한 | 3008 | 1168+ 일 208 3Mbps 70,000 70,000",/Users/jinwoo/Documents/Codex/2026-05-30/new-chat/policy-tracker/data/images/350/umobile.png
351,hello,11GB,auto_candidate,30000,120000,,2025-09-03 14:35:04,케이엘모바일_부성정책_ 9월 3일_ 2-1차 정책,"The 착한 데이터 유심 11GB 49,390 | 540 | 3990 | gare) gate | 208 | race | 22cB+3Mbps | 30,000 | 120,000 | 30,000 | 120,000",/Users/jinwoo/Documents/Codex/2026-05-30/new-chat/policy-tracker/data/images/351/hello.png
351,hello,7GB,auto_candidate,30000,130000,,2025-09-03 14:35:04,케이엘모바일_부성정책_ 9월 3일_ 2-1차 정책,"DATA 걱 정 없는 유심 768 26600 | 18,500 30,000 | 130.000 | 30,000 | 130,000",/Users/jinwoo/Documents/Codex/2026-05-30/new-chat/policy-tracker/data/images/351/hello.png
351,ktm,11GB,auto_candidate,90000,90000,,2025-09-03 14:35:04,케이엘모바일_부성정책_ 9월 3일_ 2-1차 정책,"2008 M 프리미엄 1168( 밀 리 의 서재) 45900 | 34000 | - 무제한 무제한 300% | 1168+ 일 268| Mbps 90,000 90,000",/Users/jinwoo/Documents/Codex/2026-05-30/new-chat/policy-tracker/data/images/351/ktm.png
351,sk7,11GB,auto_candidate,80000,80000,,2025-09-03 14:35:04,케이엘모바일_부성정책_ 9월 3일_ 2-1차 정책,"결 합 2068 | LTE 알뜰 (1168+/ 통 화 맘껏) | 49,060 | 36,140 | 무제한 | 무제한 | 300 | 11GB | 22GB+3Mbps| 80,000 80,000 80,000",/Users/jinwoo/Documents/Codex/2026-05-30/new-chat/policy-tracker/data/images/351/sk7.png
351,sk7,7GB,auto_candidate,80000,80000,,2025-09-03 14:35:04,케이엘모바일_부성정책_ 9월 3일_ 2-1차 정책,"결 함 566 | LTE 알뜰 (768+/ 통 화 맘껏) ㅣ 48,400 | 19,140 | 무제한 | 무제한 | 3008 768 Mbps 80,000 80,000 80,000",/Users/jinwoo/Documents/Codex/2026-05-30/new-chat/policy-tracker/data/images/351/sk7.png
351,skylife,7GB,auto_candidate,55000,55000,,2025-09-03 14:35:04,케이엘모바일_부성정책_ 9월 3일_ 2-1차 정책,"568 SKY 모두 충분 768+( 밀 리 의 서재) 17,900 무제한 무제한 300 분 768 ‘Mbps 55,000 55,000",/Users/jinwoo/Documents/Codex/2026-05-30/new-chat/policy-tracker/data/images/351/skylife.png
351,umobile,7GB,auto_candidate,70000,70000,,2025-09-03 14:35:04,케이엘모바일_부성정책_ 9월 3일_ 2-1차 정책,"508 LTE (768+/ 통 화 기 본) 18,600 무제한 무 제 한 | 300 분 708 1Mbps 70,000 70,000",/Users/jinwoo/Documents/Codex/2026-05-30/new-chat/policy-tracker/data/images/351/umobile.png
352,hello,11GB,auto_candidate,30000,120000,,2025-09-04 10:09:25,케이엘모바일_부성정책_ 9월 4일_ 3차 정책,"The 착한 데이터 유심 11GB 49,390 | 540 | 3990 | gare) gate | 208 | race | 22cB+3Mbps | 30,000 | 120,000 | 30,000 | 120,000",/Users/jinwoo/Documents/Codex/2026-05-30/new-chat/policy-tracker/data/images/352/hello.png
352,hello,7GB,auto_candidate,30000,130000,,2025-09-04 10:09:25,케이엘모바일_부성정책_ 9월 4일_ 3차 정책,"DATA 걱 정 없는 유심 768 26600 | 18,500 30,000 | 130.000 | 30,000 | 130,000",/Users/jinwoo/Documents/Codex/2026-05-30/new-chat/policy-tracker/data/images/352/hello.png
352,ktm,11GB,auto_candidate,90000,90000,,2025-09-04 10:09:25,케이엘모바일_부성정책_ 9월 4일_ 3차 정책,"2008 M 프리미엄 1168( 밀 리 의 서재) 45900 | 34000 | - 무제한 무제한 300% | 1168+ 일 268| Mbps 90,000 90,000",/Users/jinwoo/Documents/Codex/2026-05-30/new-chat/policy-tracker/data/images/352/ktm.png
352,sk7,11GB,auto_candidate,80000,80000,,2025-09-04 10:09:25,케이엘모바일_부성정책_ 9월 4일_ 3차 정책,"결 합 2068 | LTE 알뜰 (1168+/ 통 화 맘껏) | 49,060 | 36,140 | 무제한 | 무제한 | 300 | 11GB | 22GB+3Mbps| 80,000 80,000 80,000",/Users/jinwoo/Documents/Codex/2026-05-30/new-chat/policy-tracker/data/images/352/sk7.png
352,sk7,7GB,auto_candidate,80000,80000,,2025-09-04 10:09:25,케이엘모바일_부성정책_ 9월 4일_ 3차 정책,"결 함 566 | LTE 알뜰 (768+/ 통 화 맘껏) ㅣ 48,400 | 19,140 | 무제한 | 무제한 | 3008 768 Mbps 80,000 80,000 80,000",/Users/jinwoo/Documents/Codex/2026-05-30/new-chat/policy-tracker/data/images/352/sk7.png
352,skylife,7GB,auto_candidate,55000,55000,,2025-09-04 10:09:25,케이엘모바일_부성정책_ 9월 4일_ 3차 정책,"568 SKY 모두 충분 768+( 밀 리 의 서재) 17,900 무제한 무제한 300 분 768 ‘Mbps 55,000 55,000",/Users/jinwoo/Documents/Codex/2026-05-30/new-chat/policy-tracker/data/images/352/skylife.png
353,hello,11GB,auto_candidate,30000,120000,,2025-09-06 11:02:27,케이엘모바일_부성정책_ 9월 6일_ 4차 정책,"데이터 더 주는 유심 1166 49,390 | 12,400 | 36,990 | 무제한 300% | 11GB ‘2GB+3Mbps 30,000 | 120,000 30,000 | 120,000 ||",/Users/jinwoo/Documents/Codex/2026-05-30/new-chat/policy-tracker/data/images/353/hello.png
353,hello,7GB,auto_candidate,30000,120000,,2025-09-06 11:02:27,케이엘모바일_부성정책_ 9월 6일_ 4차 정책,"DATA 걱 정 없는 유심 768 45,100 | 26,600 | 18,500 1Mbps 30,000 | 120,000 30,000 | 120,000 |_|",/Users/jinwoo/Documents/Codex/2026-05-30/new-chat/policy-tracker/data/images/353/hello.png
353,ktm,11GB,auto_candidate,90000,90000,,2025-09-06 11:02:27,케이엘모바일_부성정책_ 9월 6일_ 4차 정책,"2008 M 프리미엄 1168( 지 니 뮤직) 45,900 36,900 무제한 무제한 300 분 | 1168+ 밀 208|  3Mbps 90,000 AAS 90,000 AAS",/Users/jinwoo/Documents/Codex/2026-05-30/new-chat/policy-tracker/data/images/353/ktm.png
353,ktm,7GB,auto_candidate,90000,90000,,2025-09-06 11:02:27,케이엘모바일_부성정책_ 9월 6일_ 4차 정책,"566 M 스페셜 768( 밀 리 의 서재) 31,000 17,900 무제한 무제한 300% 708 Mbps 90,000 90,000",/Users/jinwoo/Documents/Codex/2026-05-30/new-chat/policy-tracker/data/images/353/ktm.png
353,sk7,7GB,auto_candidate,100000,100000,,2025-09-06 11:02:27,케이엘모바일_부성정책_ 9월 6일_ 4차 정책,"결 합 566 | LTE 알뜰 (766+/ 통 화 맘껏) | 48,400 | 19,140 | 무제한 | 무제한 | 300 분 768 ‘1Mbps 100,000 100,000 100,000",/Users/jinwoo/Documents/Codex/2026-05-30/new-chat/policy-tracker/data/images/353/sk7.png
353,skylife,11GB,auto_candidate,55000,90000,,2025-09-06 11:02:27,케이엘모바일_부성정책_ 9월 6일_ 4차 정책,"모 두 충분 1168+( 밀 리 의 서재) 33,100 무제한 무제한 300%  |1168+ 일 208| 3Mbps 55,000 90,000 55,000 90,000",/Users/jinwoo/Documents/Codex/2026-05-30/new-chat/policy-tracker/data/images/353/skylife.png
353,skylife,7GB,auto_candidate,55000,55000,,2025-09-06 11:02:27,케이엘모바일_부성정책_ 9월 6일_ 4차 정책,"SKY 모두 SE 768+( 밀 리 의 서재) 17,900 무제한 무제한 300 분 768 Mbps. 55,000 55,000",/Users/jinwoo/Documents/Codex/2026-05-30/new-chat/policy-tracker/data/images/353/skylife.png
353,umobile,11GB,auto_candidate,70000,70000,,2025-09-06 11:02:27,케이엘모바일_부성정책_ 9월 6일_ 4차 정책,"2008 이 동 의 즐거움 - 패 스 (7168+ 통 화 기 본) 34,900 무제한 무 제 한 | 300 분 | 11GB+ 22GB 3Mbps 70,000 70,000",/Users/jinwoo/Documents/Codex/2026-05-30/new-chat/policy-tracker/data/images/353/umobile.png
355,hello,11GB,auto_candidate,30000,120000,,2025-09-17 11:15:27,케이엘모바일_부성정책_ 9월 17일_ 5차 정책,"The 착한 데이터 유심 11GB 49,390 | 15,400 | 3990 | eae | ae] 3005 | 11.0GB 12GB+3Mbps 30,000 | 120,000 | 30,000 | 120,000",/Users/jinwoo/Documents/Codex/2026-05-30/new-chat/policy-tracker/data/images/355/hello.jpg
355,hello,7GB,auto_candidate,30000,120000,,2025-09-17 11:15:27,케이엘모바일_부성정책_ 9월 17일_ 5차 정책,"DATA AMME 유심 768 45,100 | 26,600 | 18,500 무제한 | 3008 30,000 | 120,000 | 30,000 | 120,000",/Users/jinwoo/Documents/Codex/2026-05-30/new-chat/policy-tracker/data/images/355/hello.jpg
355,ktm,11GB,auto_candidate,90000,90000,,2025-09-17 11:15:27,케이엘모바일_부성정책_ 9월 17일_ 5차 정책,"2008 뻐 프리미엄 1168 44900 | 33,500 무제한 무제한 200 분 | 1108+ 밀 208| . 3665 90,000 0 90,000 101",/Users/jinwoo/Documents/Codex/2026-05-30/new-chat/policy-tracker/data/images/355/ktm.jpg
355,ktm,7GB,auto_candidate,80000,125000,,2025-09-17 11:15:27,케이엘모바일_부성정책_ 9월 17일_ 5차 정책,"M 라이트 768 플러스 30,000 14,000 무제한 무제한 30 분 768 400Kbps 80,000 125,000 80,000 125,000",/Users/jinwoo/Documents/Codex/2026-05-30/new-chat/policy-tracker/data/images/355/ktm.jpg
355,sk7,11GB,auto_candidate,100000,140000,,2025-09-17 11:15:27,케이엘모바일_부성정책_ 9월 17일_ 5차 정책,"결 합 2068 | LTE 알뜰 (1168+/ 통 화 맘껏) | 49,060 | 36,140 | 무제한 | 무제한 | 300% | 1168 | 22GB+3Mbps| 100,000 | 140,000 | 100,000 | 140,000 | 100,000 | 140,000",/Users/jinwoo/Documents/Codex/2026-05-30/new-chat/policy-tracker/data/images/355/sk7.jpg
355,sk7,7GB,auto_candidate,100000,130000,,2025-09-17 11:15:27,케이엘모바일_부성정책_ 9월 17일_ 5차 정책,"결 합 568 | LTE 알뜰 (768+/ 통 화 맘껏) | 48,400 | 19,140 | 무제한 | 무제한 | 3008 768 1Mbps | 100,000 | 130,000 | 100,000 | 130,000 | 100,000 | 130,000",/Users/jinwoo/Documents/Codex/2026-05-30/new-chat/policy-tracker/data/images/355/sk7.jpg
355,skylife,11GB,auto_candidate,55000,90000,,2025-09-17 11:15:27,케이엘모바일_부성정책_ 9월 17일_ 5차 정책,"모 두 충 분 1168+( 밀 리 의 서재) 33,100 무제한 2 300%  |1168+ 일 208  3Mbps 55,000 90,000 55,000 90,000",/Users/jinwoo/Documents/Codex/2026-05-30/new-chat/policy-tracker/data/images/355/skylife.jpg
355,skylife,7GB,auto_candidate,45000,80000,,2025-09-17 11:15:27,케이엘모바일_부성정책_ 9월 17일_ 5차 정책,"모 두 충 분 768+( 밀 리 의 서재) 16,200 무제한 무제한 300 분 768 009 45,000 80,000 45,000 80,000",/Users/jinwoo/Documents/Codex/2026-05-30/new-chat/policy-tracker/data/images/355/skylife.jpg
355,umobile,11GB,auto_candidate,70000,173000,,2025-09-17 11:15:27,케이엘모바일_부성정책_ 9월 17일_ 5차 정책,"LTE 스 페 셜 [ 약 정 형 ] 32,990 무제한 무 제 한 | 300 분 | 1168+ 일 2686 | 3Mbps 70,000 173,000 70,000 173,000",/Users/jinwoo/Documents/Codex/2026-05-30/new-chat/policy-tracker/data/images/355/umobile.jpg
355,umobile,7GB,auto_candidate,70000,162000,,2025-09-17 11:15:27,케이엘모바일_부성정책_ 9월 17일_ 5차 정책,"LTE (768+/ 통 화 기 본 )[ 약 정형] 15,900 무제한 무 제 한 | 300 분 708 1Mbps 70,000 162,000 70,000 162,000",/Users/jinwoo/Documents/Codex/2026-05-30/new-chat/policy-tracker/data/images/355/umobile.jpg
356,hello,11GB,auto_candidate,30000,120000,,2025-09-17 16:34:22,케이엘모바일_부성정책_ 9월 17일_ 6차 정책,"The 착한 데이터 유심 11GB 49,390 | 15,400 | 3990 | eae | ae] 3005 | 11.0GB 12GB+3Mbps 30,000 | 120,000 | 30,000 | 120,000",/Users/jinwoo/Documents/Codex/2026-05-30/new-chat/policy-tracker/data/images/356/hello.jpg
356,hello,7GB,auto_candidate,30000,120000,,2025-09-17 16:34:22,케이엘모바일_부성정책_ 9월 17일_ 6차 정책,"DATA AMME 유심 768 45,100 | 26,600 | 18,500 무제한 | 3008 30,000 | 120,000 | 30,000 | 120,000",/Users/jinwoo/Documents/Codex/2026-05-30/new-chat/policy-tracker/data/images/356/hello.jpg
356,ktm,11GB,auto_candidate,90000,90000,,2025-09-17 16:34:22,케이엘모바일_부성정책_ 9월 17일_ 6차 정책,"2008 뻐 프리미엄 1168 44900 | 33,500 무제한 무제한 200 분 | 1108+ 밀 208| . 3665 90,000 0 90,000 101",/Users/jinwoo/Documents/Codex/2026-05-30/new-chat/policy-tracker/data/images/356/ktm.jpg
356,ktm,7GB,auto_candidate,80000,125000,,2025-09-17 16:34:22,케이엘모바일_부성정책_ 9월 17일_ 6차 정책,"M 라이트 768 플러스 30,000 14,000 무제한 무제한 30 분 768 400Kbps 80,000 125,000 80,000 125,000",/Users/jinwoo/Documents/Codex/2026-05-30/new-chat/policy-tracker/data/images/356/ktm.jpg
356,sk7,11GB,auto_candidate,100000,140000,,2025-09-17 16:34:22,케이엘모바일_부성정책_ 9월 17일_ 6차 정책,"결 합 2068 | LTE 알뜰 (1168+/ 통 화 맘껏) | 49,060 | 36,140 | 무제한 | 무제한 | 300% | 1168 | 22GB+3Mbps| 100,000 | 140,000 | 100,000 | 140,000 | 100,000 | 140,000",/Users/jinwoo/Documents/Codex/2026-05-30/new-chat/policy-tracker/data/images/356/sk7.jpg
356,sk7,7GB,auto_candidate,100000,130000,,2025-09-17 16:34:22,케이엘모바일_부성정책_ 9월 17일_ 6차 정책,"결 합 568 | LTE 알뜰 (768+/ 통 화 맘껏) | 48,400 | 19,140 | 무제한 | 무제한 | 3008 768 1Mbps | 100,000 | 130,000 | 100,000 | 130,000 | 100,000 | 130,000",/Users/jinwoo/Documents/Codex/2026-05-30/new-chat/policy-tracker/data/images/356/sk7.jpg
356,skylife,11GB,auto_candidate,55000,90000,,2025-09-17 16:34:22,케이엘모바일_부성정책_ 9월 17일_ 6차 정책,"모 두 충 분 1168+( 밀 리 의 서재) 33,100 무제한 2 300%  |1168+ 일 208  3Mbps 55,000 90,000 55,000 90,000",/Users/jinwoo/Documents/Codex/2026-05-30/new-chat/policy-tracker/data/images/356/skylife.jpg
356,skylife,7GB,auto_candidate,45000,80000,,2025-09-17 16:34:22,케이엘모바일_부성정책_ 9월 17일_ 6차 정책,"모 두 충 분 768+( 밀 리 의 서재) 16,200 무제한 무제한 300 분 768 009 45,000 80,000 45,000 80,000",/Users/jinwoo/Documents/Codex/2026-05-30/new-chat/policy-tracker/data/images/356/skylife.jpg
356,umobile,7GB,auto_candidate,70000,70000,,2025-09-17 16:34:22,케이엘모바일_부성정책_ 9월 17일_ 6차 정책,"| soo | LTE (768+/ 통 화 기 본) 18,600 무제한 무 제 한 | 300 분 708 1Mbps 70,000 70,000",/Users/jinwoo/Documents/Codex/2026-05-30/new-chat/policy-tracker/data/images/356/umobile.png
359,hello,11GB,auto_candidate,30000,120000,,2025-09-18 10:45:40,케이엘모바일_부성정책_ 9월 18일_ 7차 정책,"데이터 더 주는 유심 1168 49,390 36,990 12GB+3Mbps 30,000 | 120,000 | 30,000 120,000",/Users/jinwoo/Documents/Codex/2026-05-30/new-chat/policy-tracker/data/images/359/hello.png
359,hello,7GB,auto_candidate,30000,120000,,2025-09-18 10:45:40,케이엘모바일_부성정책_ 9월 18일_ 7차 정책,"Data 걱 정 없는 유심 768 26600 | 18,500 30,000 | 120,000 | 30000 | 120000",/Users/jinwoo/Documents/Codex/2026-05-30/new-chat/policy-tracker/data/images/359/hello.png
359,ktm,11GB,auto_candidate,90000,90000,,2025-09-18 10:45:40,케이엘모바일_부성정책_ 9월 18일_ 7차 정책,"2008 Mm 프리미엄 1168( 밀 리 의 서재) 45.900 34,000 무제한 무제한 300 분 | 1168+ 일 268| — 3Mbps 90,000 90,000",/Users/jinwoo/Documents/Codex/2026-05-30/new-chat/policy-tracker/data/images/359/ktm.png
359,ktm,7GB,auto_candidate,80000,125000,,2025-09-18 10:45:40,케이엘모바일_부성정책_ 9월 18일_ 7차 정책,"M 라이트 7GB 플러스 30,000 14,000 무제한 무제한 30 분 768 4006665 80,000 125,000 80,000 125,000",/Users/jinwoo/Documents/Codex/2026-05-30/new-chat/policy-tracker/data/images/359/ktm.png
359,sk7,11GB,auto_candidate,100000,140000,,2025-09-18 10:45:40,케이엘모바일_부성정책_ 9월 18일_ 7차 정책,"결 합 2068 | LTE 알뜰 (1168+/ 통 화 맘껏) | 49,060 | 36,140 | 무제한 | 무제한 | 300% | 1168 | 22GB+3Mbps| 100,000 | 140,000 | 100,000 | 140,000 | 100,000 | 140,000",/Users/jinwoo/Documents/Codex/2026-05-30/new-chat/policy-tracker/data/images/359/sk7.jpg
359,sk7,7GB,auto_candidate,100000,130000,,2025-09-18 10:45:40,케이엘모바일_부성정책_ 9월 18일_ 7차 정책,"결 합 568 | LTE 알뜰 (768+/ 통 화 맘껏) | 48,400 | 19,140 | 무제한 | 무제한 | 3008 768 1Mbps | 100,000 | 130,000 | 100,000 | 130,000 | 100,000 | 130,000",/Users/jinwoo/Documents/Codex/2026-05-30/new-chat/policy-tracker/data/images/359/sk7.jpg
359,skylife,11GB,auto_candidate,55000,90000,,2025-09-18 10:45:40,케이엘모바일_부성정책_ 9월 18일_ 7차 정책,"모 두 충 분 1168+( 밀 리 의 서재) 33,100 무제한 2 300%  |1168+ 일 208  3Mbps 55,000 90,000 55,000 90,000",/Users/jinwoo/Documents/Codex/2026-05-30/new-chat/policy-tracker/data/images/359/skylife.jpg
359,skylife,7GB,auto_candidate,45000,80000,,2025-09-18 10:45:40,케이엘모바일_부성정책_ 9월 18일_ 7차 정책,"모 두 충 분 768+( 밀 리 의 서재) 16,200 무제한 무제한 300 분 768 009 45,000 80,000 45,000 80,000",/Users/jinwoo/Documents/Codex/2026-05-30/new-chat/policy-tracker/data/images/359/skylife.jpg
359,umobile,7GB,auto_candidate,70000,70000,,2025-09-18 10:45:40,케이엘모바일_부성정책_ 9월 18일_ 7차 정책,"| soo | LTE (768+/ 통 화 기 본) 18,600 무제한 무 제 한 | 300 분 708 1Mbps 70,000 70,000",/Users/jinwoo/Documents/Codex/2026-05-30/new-chat/policy-tracker/data/images/359/umobile.png
360,hello,11GB,auto_candidate,30000,120000,,2025-09-19 13:15:00,케이엘모바일_부성정책_ 9월 19일_ 8차 정책,"데이터 더 주는 유심 1168 49,390 36,990 12GB+3Mbps 30,000 | 120,000 | 30,000 120,000",/Users/jinwoo/Documents/Codex/2026-05-30/new-chat/policy-tracker/data/images/360/hello.png
360,hello,7GB,auto_candidate,30000,120000,,2025-09-19 13:15:00,케이엘모바일_부성정책_ 9월 19일_ 8차 정책,"Data 걱 정 없는 유심 768 26600 | 18,500 30,000 | 120,000 | 30000 | 120000",/Users/jinwoo/Documents/Codex/2026-05-30/new-chat/policy-tracker/data/images/360/hello.png
360,sk7,11GB,auto_candidate,100000,140000,,2025-09-19 13:15:00,케이엘모바일_부성정책_ 9월 19일_ 8차 정책,"결 합 2068 | LTE 알뜰 (1168+/ 통 화 맘껏) | 49,060 | 36,140 | 무제한 | 무제한 | 300% | 1168 | 22GB+3Mbps| 100,000 | 140,000 | 100,000 | 140,000 | 100,000 | 140,000",/Users/jinwoo/Documents/Codex/2026-05-30/new-chat/policy-tracker/data/images/360/sk7.jpg
360,sk7,7GB,auto_candidate,100000,130000,,2025-09-19 13:15:00,케이엘모바일_부성정책_ 9월 19일_ 8차 정책,"결 합 568 | LTE 알뜰 (768+/ 통 화 맘껏) | 48,400 | 19,140 | 무제한 | 무제한 | 3008 768 1Mbps | 100,000 | 130,000 | 100,000 | 130,000 | 100,000 | 130,000",/Users/jinwoo/Documents/Codex/2026-05-30/new-chat/policy-tracker/data/images/360/sk7.jpg
360,skylife,11GB,auto_candidate,55000,90000,,2025-09-19 13:15:00,케이엘모바일_부성정책_ 9월 19일_ 8차 정책,"모 두 충 분 1168+( 밀 리 의 서재) 33,100 무제한 2 300%  |1168+ 일 208  3Mbps 55,000 90,000 55,000 90,000",/Users/jinwoo/Documents/Codex/2026-05-30/new-chat/policy-tracker/data/images/360/skylife.jpg
360,skylife,7GB,auto_candidate,45000,80000,,2025-09-19 13:15:00,케이엘모바일_부성정책_ 9월 19일_ 8차 정책,"모 두 충 분 768+( 밀 리 의 서재) 16,200 무제한 무제한 300 분 768 009 45,000 80,000 45,000 80,000",/Users/jinwoo/Documents/Codex/2026-05-30/new-chat/policy-tracker/data/images/360/skylife.jpg
360,umobile,7GB,auto_candidate,70000,70000,,2025-09-19 13:15:00,케이엘모바일_부성정책_ 9월 19일_ 8차 정책,"| soo | LTE (768+/ 통 화 기 본) 18,600 무제한 무 제 한 | 300 분 708 1Mbps 70,000 70,000",/Users/jinwoo/Documents/Codex/2026-05-30/new-chat/policy-tracker/data/images/360/umobile.png
361,hello,11GB,auto_candidate,30000,120000,,2025-09-19 15:20:01,케이엘모바일_부성정책_ 9월 19일_ 9차 정책,"데이터 더 주는 유심 1168 49,390 36,990 12GB+3Mbps 30,000 | 120,000 | 30,000 120,000",/Users/jinwoo/Documents/Codex/2026-05-30/new-chat/policy-tracker/data/images/361/hello.png
361,hello,7GB,auto_candidate,30000,120000,,2025-09-19 15:20:01,케이엘모바일_부성정책_ 9월 19일_ 9차 정책,"Data 걱 정 없는 유심 768 26600 | 18,500 30,000 | 120,000 | 30000 | 120000",/Users/jinwoo/Documents/Codex/2026-05-30/new-chat/policy-tracker/data/images/361/hello.png
361,sk7,7GB,auto_candidate,100000,100000,,2025-09-19 15:20:01,케이엘모바일_부성정책_ 9월 19일_ 9차 정책,"wesce | we we acer/ene%) | 48400 | 19140 | 무제한 | 우 저 한 | soe | 768 | 1Mbps | 100.000 100,000 100,000",/Users/jinwoo/Documents/Codex/2026-05-30/new-chat/policy-tracker/data/images/361/sk7.jpg
361,skylife,11GB,auto_candidate,55000,90000,,2025-09-19 15:20:01,케이엘모바일_부성정책_ 9월 19일_ 9차 정책,"모 두 충 분 1168+( 밀 리 의 서재) 33,100 무제한 2 300%  |1168+ 일 208  3Mbps 55,000 90,000 55,000 90,000",/Users/jinwoo/Documents/Codex/2026-05-30/new-chat/policy-tracker/data/images/361/skylife.jpg
361,skylife,7GB,auto_candidate,45000,80000,,2025-09-19 15:20:01,케이엘모바일_부성정책_ 9월 19일_ 9차 정책,"모 두 충 분 768+( 밀 리 의 서재) 16,200 무제한 무제한 300 분 768 009 45,000 80,000 45,000 80,000",/Users/jinwoo/Documents/Codex/2026-05-30/new-chat/policy-tracker/data/images/361/skylife.jpg
361,umobile,7GB,auto_candidate,70000,70000,,2025-09-19 15:20:01,케이엘모바일_부성정책_ 9월 19일_ 9차 정책,"| soo | LTE (768+/ 통 화 기 본) 18,600 무제한 무 제 한 | 300 분 708 1Mbps 70,000 70,000",/Users/jinwoo/Documents/Codex/2026-05-30/new-chat/policy-tracker/data/images/361/umobile.png
362,hello,11GB,auto_candidate,30000,120000,,2025-09-20 10:11:04,케이엘모바일_부성정책_ 9월 20일_ 10차 정책,"데이터 더 주는 유심 1168 49,390 36,990 12GB+3Mbps 30,000 | 120,000 | 30,000 120,000",/Users/jinwoo/Documents/Codex/2026-05-30/new-chat/policy-tracker/data/images/362/hello.png
362,hello,7GB,auto_candidate,30000,120000,,2025-09-20 10:11:04,케이엘모바일_부성정책_ 9월 20일_ 10차 정책,"Data 걱 정 없는 유심 768 26600 | 18,500 30,000 | 120,000 | 30000 | 120000",/Users/jinwoo/Documents/Codex/2026-05-30/new-chat/policy-tracker/data/images/362/hello.png
362,ktm,11GB,auto_candidate,90000,90000,,2025-09-20 10:11:04,케이엘모바일_부성정책_ 9월 20일_ 10차 정책,"2008 M 프리미엄 1168(04 209 할 인) 51000 | 34000 | 무제한 ㅣ 무제한 300 분 | 1168+ 일 208| _aMbps 90,000 90,000",/Users/jinwoo/Documents/Codex/2026-05-30/new-chat/policy-tracker/data/images/362/ktm.png
362,ktm,7GB,auto_candidate,90000,90000,,2025-09-20 10:11:04,케이엘모바일_부성정책_ 9월 20일_ 10차 정책,"568 M 스페셜 768( 밀 리 의 서재) 31,000 17,900 무제한 | 무제한 300 분 | 768 Mbps. 90,000 90,000",/Users/jinwoo/Documents/Codex/2026-05-30/new-chat/policy-tracker/data/images/362/ktm.png
362,sk7,7GB,auto_candidate,100000,100000,,2025-09-20 10:11:04,케이엘모바일_부성정책_ 9월 20일_ 10차 정책,"wesce | we we acer/ene%) | 48400 | 19140 | 무제한 | 우 저 한 | soe | 768 | 1Mbps | 100.000 100,000 100,000",/Users/jinwoo/Documents/Codex/2026-05-30/new-chat/policy-tracker/data/images/362/sk7.jpg
362,skylife,11GB,auto_candidate,55000,90000,,2025-09-20 10:11:04,케이엘모바일_부성정책_ 9월 20일_ 10차 정책,"모 두 충 분 1168+( 밀 리 의 서재) 33,100 무제한 2 300%  |1168+ 일 208  3Mbps 55,000 90,000 55,000 90,000",/Users/jinwoo/Documents/Codex/2026-05-30/new-chat/policy-tracker/data/images/362/skylife.jpg
362,skylife,7GB,auto_candidate,45000,80000,,2025-09-20 10:11:04,케이엘모바일_부성정책_ 9월 20일_ 10차 정책,"모 두 충 분 768+( 밀 리 의 서재) 16,200 무제한 무제한 300 분 768 009 45,000 80,000 45,000 80,000",/Users/jinwoo/Documents/Codex/2026-05-30/new-chat/policy-tracker/data/images/362/skylife.jpg
362,umobile,7GB,auto_candidate,70000,70000,,2025-09-20 10:11:04,케이엘모바일_부성정책_ 9월 20일_ 10차 정책,"| soo | LTE (768+/ 통 화 기 본) 18,600 무제한 무 제 한 | 300 분 708 1Mbps 70,000 70,000",/Users/jinwoo/Documents/Codex/2026-05-30/new-chat/policy-tracker/data/images/362/umobile.png
363,ktm,7GB,auto_candidate,70000,140000,,2025-09-23 12:18:22,케이엘모바일_부성정책_ 9월 23일_ 11차 정책,"M 라이트 768 플러스 30000 | 14,000 | 무제한 무제한 30 분 768 400Kbps 70,000 140,000 | 70,000 140,000",/Users/jinwoo/Documents/Codex/2026-05-30/new-chat/policy-tracker/data/images/363/ktm.png
363,sk7,7GB,auto_candidate,100000,100000,,2025-09-23 12:18:22,케이엘모바일_부성정책_ 9월 23일_ 11차 정책,"wesce | we we acer/ene%) | 48400 | 19140 | 무제한 | 우 저 한 | soe | 768 | 1Mbps | 100.000 100,000 100,000",/Users/jinwoo/Documents/Codex/2026-05-30/new-chat/policy-tracker/data/images/363/sk7.jpg
363,skylife,7GB,auto_candidate,55000,55000,,2025-09-23 12:18:22,케이엘모바일_부성정책_ 9월 23일_ 11차 정책,"5068 SKY 모두 충분 768+( 밀 리 의 서재) | 17,900 무제한 무제한 300 분 768 009 55,000 55,000",/Users/jinwoo/Documents/Codex/2026-05-30/new-chat/policy-tracker/data/images/363/skylife.png
363,umobile,7GB,auto_candidate,70000,70000,,2025-09-23 12:18:22,케이엘모바일_부성정책_ 9월 23일_ 11차 정책,"| soo | LTE (768+/ 통 화 기 본) 18,600 무제한 무 제 한 | 300 분 708 1Mbps 70,000 70,000",/Users/jinwoo/Documents/Codex/2026-05-30/new-chat/policy-tracker/data/images/363/umobile.png
364,hello,11GB,auto_candidate,30000,110000,,2025-09-25 10:45:13,케이엘모바일_부성정책_ 9월 25일_ 12차 정책,"The 착한 데이터 유심 1168 49390 | 540 | 3990 | ewe] eet] aooe | race | 일 268130665 | 30.000 | 110.000 | 30,000 | 110,000",/Users/jinwoo/Documents/Codex/2026-05-30/new-chat/policy-tracker/data/images/364/hello.png
364,hello,7GB,auto_candidate,30000,110000,,2025-09-25 10:45:13,케이엘모바일_부성정책_ 9월 25일_ 12차 정책,"FEW 유심 768 45,100 | 24,200 | 20,900 30,000 | 110,000 | 30,000 110,000",/Users/jinwoo/Documents/Codex/2026-05-30/new-chat/policy-tracker/data/images/364/hello.png
364,ktm,11GB,auto_candidate,120000,200000,,2025-09-25 10:45:13,케이엘모바일_부성정책_ 9월 25일_ 12차 정책,"2008 M 프리미엄 1168( 밀 리 의 서재) 45.900 | 34,000 무제한 무제한 300 분 | nieeestace 3Mbps 120,000 200,000 120,000 | 200,000",/Users/jinwoo/Documents/Codex/2026-05-30/new-chat/policy-tracker/data/images/364/ktm.png
364,ktm,7GB,auto_candidate,120000,190000,,2025-09-25 10:45:13,케이엘모바일_부성정책_ 9월 25일_ 12차 정책,"568 M 스페셜 768( 밀 리 의 서재) 31,000 | 17,900 무제한 무제한 300 분 708 ‘Mbps 120,000 190,000 120,000 190,000",/Users/jinwoo/Documents/Codex/2026-05-30/new-chat/policy-tracker/data/images/364/ktm.png
364,sk7,7GB,auto_candidate,100000,100000,,2025-09-25 10:45:13,케이엘모바일_부성정책_ 9월 25일_ 12차 정책,"wesce | we we acer/ene%) | 48400 | 19140 | 무제한 | 우 저 한 | soe | 768 | 1Mbps | 100.000 100,000 100,000",/Users/jinwoo/Documents/Codex/2026-05-30/new-chat/policy-tracker/data/images/364/sk7.jpg
364,skylife,7GB,auto_candidate,55000,55000,,2025-09-25 10:45:13,케이엘모바일_부성정책_ 9월 25일_ 12차 정책,"5068 SKY 모두 충분 768+( 밀 리 의 서재) | 17,900 무제한 무제한 300 분 768 009 55,000 55,000",/Users/jinwoo/Documents/Codex/2026-05-30/new-chat/policy-tracker/data/images/364/skylife.png
364,umobile,11GB,auto_candidate,70000,70000,,2025-09-25 10:45:13,케이엘모바일_부성정책_ 9월 25일_ 12차 정책,"이 동 의 즐거움 (- 패 스 (7166+ 통 화 기 본) | 34,900 무제한 무제한 | 300 분 | 11GB+22GB | 3Mbps 70,000 70,000",/Users/jinwoo/Documents/Codex/2026-05-30/new-chat/policy-tracker/data/images/364/umobile.png
365,hello,11GB,auto_candidate,30000,110000,,2025-09-26 10:16:51,케이엘모바일_부성정책_ 9월 26일_ 13차 정책,"The 착한 데이터 유심 1168 49390 | 540 | 3990 | ewe] eet] aooe | race | 일 268130665 | 30.000 | 110.000 | 30,000 | 110,000",/Users/jinwoo/Documents/Codex/2026-05-30/new-chat/policy-tracker/data/images/365/hello.png
365,hello,7GB,auto_candidate,30000,110000,,2025-09-26 10:16:51,케이엘모바일_부성정책_ 9월 26일_ 13차 정책,"FEW 유심 768 45,100 | 24,200 | 20,900 30,000 | 110,000 | 30,000 110,000",/Users/jinwoo/Documents/Codex/2026-05-30/new-chat/policy-tracker/data/images/365/hello.png
365,ktm,11GB,auto_candidate,120000,200000,,2025-09-26 10:16:51,케이엘모바일_부성정책_ 9월 26일_ 13차 정책,"2008 M 프리미엄 1168( 밀 리 의 서재) 45.900 | 34,000 무제한 무제한 300 분 | nieeestace 3Mbps 120,000 200,000 120,000 | 200,000",/Users/jinwoo/Documents/Codex/2026-05-30/new-chat/policy-tracker/data/images/365/ktm.png
365,ktm,7GB,auto_candidate,120000,190000,,2025-09-26 10:16:51,케이엘모바일_부성정책_ 9월 26일_ 13차 정책,"568 M 스페셜 768( 밀 리 의 서재) 31,000 | 17,900 무제한 무제한 300 분 708 ‘Mbps 120,000 190,000 120,000 190,000",/Users/jinwoo/Documents/Codex/2026-05-30/new-chat/policy-tracker/data/images/365/ktm.png
365,sk7,11GB,auto_candidate,100000,130000,,2025-09-26 10:16:51,케이엘모바일_부성정책_ 9월 26일_ 13차 정책,"결 합 2068 CMLink (11GB+) 54,560 | 41,200 | 무제한 | 무제한 | 3008 11GB | 82GB+3Mbps| 100,000 | 130,000",/Users/jinwoo/Documents/Codex/2026-05-30/new-chat/policy-tracker/data/images/365/sk7.png
365,sk7,7GB,auto_candidate,100000,100000,,2025-09-26 10:16:51,케이엘모바일_부성정책_ 9월 26일_ 13차 정책,"결 합 568 | LTE 알뜰 (768+/ 통 화 맘껏) | 48400 | 19,140 | 무제한 | 무제한 | 3008 | 708 1Mbps | 100,000 100,000 100,000",/Users/jinwoo/Documents/Codex/2026-05-30/new-chat/policy-tracker/data/images/365/sk7.png
365,skylife,7GB,auto_candidate,55000,55000,,2025-09-26 10:16:51,케이엘모바일_부성정책_ 9월 26일_ 13차 정책,"5068 SKY 모두 충분 768+( 밀 리 의 서재) | 17,900 무제한 무제한 300 분 768 009 55,000 55,000",/Users/jinwoo/Documents/Codex/2026-05-30/new-chat/policy-tracker/data/images/365/skylife.png
365,umobile,11GB,auto_candidate,70000,70000,,2025-09-26 10:16:51,케이엘모바일_부성정책_ 9월 26일_ 13차 정책,"이 동 의 즐거움 (- 패 스 (7166+ 통 화 기 본) | 34,900 무제한 무제한 | 300 분 | 11GB+22GB | 3Mbps 70,000 70,000",/Users/jinwoo/Documents/Codex/2026-05-30/new-chat/policy-tracker/data/images/365/umobile.png
366,hello,11GB,auto_candidate,30000,110000,,2025-09-30 10:21:31,케이엘모바일_부성정책_ 9월 30일_ 14차 정책,"The 착한 데이터 유심 1168 49390 | 540 | 3990 | ewe] eet] aooe | race | 일 268130665 | 30.000 | 110.000 | 30,000 | 110,000",/Users/jinwoo/Documents/Codex/2026-05-30/new-chat/policy-tracker/data/images/366/hello.png
366,hello,7GB,auto_candidate,30000,110000,,2025-09-30 10:21:31,케이엘모바일_부성정책_ 9월 30일_ 14차 정책,"FEW 유심 768 45,100 | 24,200 | 20,900 30,000 | 110,000 | 30,000 110,000",/Users/jinwoo/Documents/Codex/2026-05-30/new-chat/policy-tracker/data/images/366/hello.png
366,ktm,11GB,auto_candidate,130000,220000,,2025-09-30 10:21:31,케이엘모바일_부성정책_ 9월 30일_ 14차 정책,"2008 모 두 다 맘껏 1168+( 웨 이브 베이직) 51,000 36,600 무제한 무제한 300% | 1108+ 일 206| . 3Mbps 130,000 220,000 130,000 220,000",/Users/jinwoo/Documents/Codex/2026-05-30/new-chat/policy-tracker/data/images/366/ktm.png
366,ktm,7GB,auto_candidate,130000,210000,,2025-09-30 10:21:31,케이엘모바일_부성정책_ 9월 30일_ 14차 정책,"508 M 스페셜 768( 밀 리 의 서재) 31,000 17,900 무제한 무제한 300 분 708 ‘Mbps 130,000 210,000 130,000 210,000",/Users/jinwoo/Documents/Codex/2026-05-30/new-chat/policy-tracker/data/images/366/ktm.png
366,sk7,11GB,auto_candidate,100000,130000,,2025-09-30 10:21:31,케이엘모바일_부성정책_ 9월 30일_ 14차 정책,"결 합 2068 CMLink (11GB+) 54,560 | 41,200 | 무제한 | 무제한 | 3008 11GB | 82GB+3Mbps| 100,000 | 130,000",/Users/jinwoo/Documents/Codex/2026-05-30/new-chat/policy-tracker/data/images/366/sk7.png
366,sk7,7GB,auto_candidate,100000,100000,,2025-09-30 10:21:31,케이엘모바일_부성정책_ 9월 30일_ 14차 정책,"결 합 568 | LTE 알뜰 (768+/ 통 화 맘껏) | 48400 | 19,140 | 무제한 | 무제한 | 3008 | 708 1Mbps | 100,000 100,000 100,000",/Users/jinwoo/Documents/Codex/2026-05-30/new-chat/policy-tracker/data/images/366/sk7.png
366,skylife,7GB,auto_candidate,55000,55000,,2025-09-30 10:21:31,케이엘모바일_부성정책_ 9월 30일_ 14차 정책,"5068 SKY 모두 충분 768+( 밀 리 의 서재) | 17,900 무제한 무제한 300 분 768 009 55,000 55,000",/Users/jinwoo/Documents/Codex/2026-05-30/new-chat/policy-tracker/data/images/366/skylife.png
366,umobile,11GB,auto_candidate,70000,70000,,2025-09-30 10:21:31,케이엘모바일_부성정책_ 9월 30일_ 14차 정책,"이 동 의 즐거움 (- 패 스 (7166+ 통 화 기 본) | 34,900 무제한 무제한 | 300 분 | 11GB+22GB | 3Mbps 70,000 70,000",/Users/jinwoo/Documents/Codex/2026-05-30/new-chat/policy-tracker/data/images/366/umobile.png
367,hello,11GB,auto_candidate,30000,110000,,2025-09-30 16:54:56,케이엘모바일_부성정책_ 9월 30일 16시30분~15차 정책,"The 착한 데이터 유심 1168 49390 | 540 | 3990 | ewe] eet] aooe | race | 일 268130665 | 30.000 | 110.000 | 30,000 | 110,000",/Users/jinwoo/Documents/Codex/2026-05-30/new-chat/policy-tracker/data/images/367/hello.png
367,hello,7GB,auto_candidate,30000,110000,,2025-09-30 16:54:56,케이엘모바일_부성정책_ 9월 30일 16시30분~15차 정책,"FEW 유심 768 45,100 | 24,200 | 20,900 30,000 | 110,000 | 30,000 110,000",/Users/jinwoo/Documents/Codex/2026-05-30/new-chat/policy-tracker/data/images/367/hello.png
367,ktm,11GB,auto_candidate,120000,200000,,2025-09-30 16:54:56,케이엘모바일_부성정책_ 9월 30일 16시30분~15차 정책,"2006 | M 프리미엄 1168( 밀 리 의 서재) | 45,900 34,000 | 무제한 무제한 300 분 | 1100+ 밀 208 3Mbps 120,000 200,000 120,000 200,000",/Users/jinwoo/Documents/Codex/2026-05-30/new-chat/policy-tracker/data/images/367/ktm.png
367,umobile,11GB,auto_candidate,70000,70000,,2025-09-30 16:54:56,케이엘모바일_부성정책_ 9월 30일 16시30분~15차 정책,"이 동 의 즐거움 (- 패 스 (7166+ 통 화 기 본) | 34,900 무제한 무제한 | 300 분 | 11GB+22GB | 3Mbps 70,000 70,000",/Users/jinwoo/Documents/Codex/2026-05-30/new-chat/policy-tracker/data/images/367/umobile.png
368,hello,11GB,auto_candidate,30000,120000,,2025-10-01 11:30:51,케이엘모바일_부성정책_ 10월 1일_ 1차 정책,"The 착한 데이터 유심 1168 49,390 | 15,400 | 3890 | ene | ene | soe | 11.06B| 22GB+3Mbps | 30,000 | 120,000 | 30,000 | 120,000",/Users/jinwoo/Documents/Codex/2026-05-30/new-chat/policy-tracker/data/images/368/hello.png
368,hello,7GB,auto_candidate,30000,110000,,2025-10-01 11:30:51,케이엘모바일_부성정책_ 10월 1일_ 1차 정책,"ㅁ 4.7/ 걱 정 없는 유심 768 26.600 | 18,500 | 무제한 1Mbps 30,000 | 110,000 | 30,000 | 110,000",/Users/jinwoo/Documents/Codex/2026-05-30/new-chat/policy-tracker/data/images/368/hello.png
368,ktm,11GB,auto_candidate,60000,120000,,2025-10-01 11:30:51,케이엘모바일_부성정책_ 10월 1일_ 1차 정책,"2008 M 프리미엄 1168( 지 니 뮤직) 45,900 36,900 무제한 무제한 300 분 | 1168+ 일 208|  3Mbps 60,000 120,000 * 캐 치 콜 60,000 | 120,000 * AAS",/Users/jinwoo/Documents/Codex/2026-05-30/new-chat/policy-tracker/data/images/368/ktm.png
368,ktm,7GB,auto_candidate,60000,110000,,2025-10-01 11:30:51,케이엘모바일_부성정책_ 10월 1일_ 1차 정책,"5GB M 스폐셜 768( 밀 리 의 서재) 31,000 17,900 무제한 무제한; 300 분 7068 ‘Mbps 60,000 110,000 *~ 60,000 | 110,000 *",/Users/jinwoo/Documents/Codex/2026-05-30/new-chat/policy-tracker/data/images/368/ktm.png
368,sk7,7GB,auto_candidate,80000,110000,,2025-10-01 11:30:51,케이엘모바일_부성정책_ 10월 1일_ 1차 정책,"결 합 566 LTE 알뜰 (768+/ 통 화 맘껏) 48.400 | 19,140 무제한 BAS ㅣ 3008 768 ‘Mbps 80,000 110,000 80,000 110,000 | 80,000  110,000 |",/Users/jinwoo/Documents/Codex/2026-05-30/new-chat/policy-tracker/data/images/368/sk7.png
368,skylife,7GB,auto_candidate,55000,80000,,2025-10-01 11:30:51,케이엘모바일_부성정책_ 10월 1일_ 1차 정책,"5GB 모 두 중 분 768+( 밀 리 의 서재) 16.200 무제한 무제한 300 분 708 1Mbps 55,000 80,000 55,000 80,000",/Users/jinwoo/Documents/Codex/2026-05-30/new-chat/policy-tracker/data/images/368/skylife.png
368,umobile,11GB,auto_candidate,60000,132000,,2025-10-01 11:30:51,케이엘모바일_부성정책_ 10월 1일_ 1차 정책,"LTE 스 페 셜 [ 약 정 형 ] 32,990 무제한 무 제 한 | 300% | 11GB+22GB | 3Mbps 60,000 132,000 60,000 132,000",/Users/jinwoo/Documents/Codex/2026-05-30/new-chat/policy-tracker/data/images/368/umobile.png
368,umobile,7GB,auto_candidate,60000,121000,,2025-10-01 11:30:51,케이엘모바일_부성정책_ 10월 1일_ 1차 정책,"LTE (768+/ 통 화 기 본 )[ 약 정형] 15,900 무제한 무 제 한 | 300 분 768 ‘Mbps 60,000 121,000 60,000 121,000",/Users/jinwoo/Documents/Codex/2026-05-30/new-chat/policy-tracker/data/images/368/umobile.png
369,hello,11GB,auto_candidate,30000,120000,,2025-10-02 11:57:01,케이엘모바일_부성정책_ 10월 2일_ 2차 정책,"쿠 폰 팩 유심 11GB 49,390 | 13,000 | 9390 | ene aa] se | 11GB 2GB+3Mbps 30,000 120,000 30,000 120,000",/Users/jinwoo/Documents/Codex/2026-05-30/new-chat/policy-tracker/data/images/369/hello.png
369,hello,7GB,auto_candidate,30000,110000,,2025-10-02 11:57:01,케이엘모바일_부성정책_ 10월 2일_ 2차 정책,"DATA 걱 정 없는 유심 768 45,100 | 26,600 | 18,500 무제한 | 3008 ‘Mbps 30,000 110,000 30,000 110,000",/Users/jinwoo/Documents/Codex/2026-05-30/new-chat/policy-tracker/data/images/369/hello.png
369,ktm,11GB,auto_candidate,80000,80000,,2025-10-02 11:57:01,케이엘모바일_부성정책_ 10월 2일_ 2차 정책,"2008 M 프리미엄 1168 44900 | 33,500 | - 무제한 무제한 200 분 | 1166+ 일 206| 3Mbps 80.000 80,000",/Users/jinwoo/Documents/Codex/2026-05-30/new-chat/policy-tracker/data/images/369/ktm.png
369,ktm,7GB,auto_candidate,80000,80000,,2025-10-02 11:57:01,케이엘모바일_부성정책_ 10월 2일_ 2차 정책,"568 M 스페셜 768 플러스 36000 | 17,400 ㅣ 무제한 무제한 300 분 | 168+668 | 7005 80.000 80.000",/Users/jinwoo/Documents/Codex/2026-05-30/new-chat/policy-tracker/data/images/369/ktm.png
369,sk7,7GB,auto_candidate,80000,110000,,2025-10-02 11:57:01,케이엘모바일_부성정책_ 10월 2일_ 2차 정책,"결 합 566 LTE 알뜰 (768+/ 통 화 맘껏) 48.400 | 19,140 무제한 BAS ㅣ 3008 768 ‘Mbps 80,000 110,000 80,000 110,000 | 80,000  110,000 |",/Users/jinwoo/Documents/Codex/2026-05-30/new-chat/policy-tracker/data/images/369/sk7.png
369,skylife,11GB,auto_candidate,65000,65000,,2025-10-02 11:57:01,케이엘모바일_부성정책_ 10월 2일_ 2차 정책,"20GB | SKY 모두 충분 1168+( 밀 리 의 서 재 ) 34,000 무제한 무제한 300 분 1168+ 일 268.  3Mbps 65,000 65,000",/Users/jinwoo/Documents/Codex/2026-05-30/new-chat/policy-tracker/data/images/369/skylife.png
369,umobile,11GB,auto_candidate,60000,132000,,2025-10-02 11:57:01,케이엘모바일_부성정책_ 10월 2일_ 2차 정책,"LTE 스 폐 셜 [ 약 정 형 ] 32,990 무제한 무 제 한 | 300 분 | 11GB+22GB | 314605 60,000 132,000 60,000 132,000",/Users/jinwoo/Documents/Codex/2026-05-30/new-chat/policy-tracker/data/images/369/umobile.png
369,umobile,7GB,auto_candidate,60000,121000,,2025-10-02 11:57:01,케이엘모바일_부성정책_ 10월 2일_ 2차 정책,"LTE (768+/ 통 화 기 본 )[ 약 정형] 15,900 무제한 무 제 한 | 300 분 768 Mbps 60,000 121,000 60,000 121,000",/Users/jinwoo/Documents/Codex/2026-05-30/new-chat/policy-tracker/data/images/369/umobile.png
370,hello,11GB,auto_candidate,30000,120000,,2025-10-02 16:57:34,케이엘모바일_부성정책_ 10월 2일_ 2-1차 정책,"쿠 폰 팩 유심 11GB 49,390 | 13,000 | 9390 | ene aa] se | 11GB 2GB+3Mbps 30,000 120,000 30,000 120,000",/Users/jinwoo/Documents/Codex/2026-05-30/new-chat/policy-tracker/data/images/370/hello.png
370,hello,7GB,auto_candidate,30000,110000,,2025-10-02 16:57:34,케이엘모바일_부성정책_ 10월 2일_ 2-1차 정책,"DATA 걱 정 없는 유심 768 45,100 | 26,600 | 18,500 무제한 | 3008 ‘Mbps 30,000 110,000 30,000 110,000",/Users/jinwoo/Documents/Codex/2026-05-30/new-chat/policy-tracker/data/images/370/hello.png
370,ktm,11GB,auto_candidate,80000,80000,,2025-10-02 16:57:34,케이엘모바일_부성정책_ 10월 2일_ 2-1차 정책,"2008 M 프리미엄 1168 44900 | 33,500 | - 무제한 무제한 200 분 | 1166+ 일 206| 3Mbps 80.000 80,000",/Users/jinwoo/Documents/Codex/2026-05-30/new-chat/policy-tracker/data/images/370/ktm.png
370,ktm,7GB,auto_candidate,80000,80000,,2025-10-02 16:57:34,케이엘모바일_부성정책_ 10월 2일_ 2-1차 정책,"568 M 스페셜 768 플러스 36000 | 17,400 ㅣ 무제한 무제한 300 분 | 168+668 | 7005 80.000 80.000",/Users/jinwoo/Documents/Codex/2026-05-30/new-chat/policy-tracker/data/images/370/ktm.png
370,skylife,11GB,auto_candidate,65000,65000,,2025-10-02 16:57:34,케이엘모바일_부성정책_ 10월 2일_ 2-1차 정책,"20GB | SKY 모두 충분 1168+( 밀 리 의 서 재 ) 34,000 무제한 무제한 300 분 1168+ 일 268.  3Mbps 65,000 65,000",/Users/jinwoo/Documents/Codex/2026-05-30/new-chat/policy-tracker/data/images/370/skylife.png
370,umobile,11GB,auto_candidate,60000,132000,,2025-10-02 16:57:34,케이엘모바일_부성정책_ 10월 2일_ 2-1차 정책,"LTE 스 폐 셜 [ 약 정 형 ] 32,990 무제한 무 제 한 | 300 분 | 11GB+22GB | 314605 60,000 132,000 60,000 132,000",/Users/jinwoo/Documents/Codex/2026-05-30/new-chat/policy-tracker/data/images/370/umobile.png
370,umobile,7GB,auto_candidate,60000,121000,,2025-10-02 16:57:34,케이엘모바일_부성정책_ 10월 2일_ 2-1차 정책,"LTE (768+/ 통 화 기 본 )[ 약 정형] 15,900 무제한 무 제 한 | 300 분 768 Mbps 60,000 121,000 60,000 121,000",/Users/jinwoo/Documents/Codex/2026-05-30/new-chat/policy-tracker/data/images/370/umobile.png
371,hello,11GB,auto_candidate,30000,120000,,2025-10-03 10:38:12,케이엘모바일_부성정책_ 10월 3일_ 3차 정책,"The 착한 데이터 유심 11GB 49,390 [1540 | 3990 | eet) te | 300% | 11.068} @2GB+3Mbps | 30,000 120,000 | | 30,000 120,000 ||",/Users/jinwoo/Documents/Codex/2026-05-30/new-chat/policy-tracker/data/images/371/hello.png
371,ktm,11GB,auto_candidate,80000,80000,,2025-10-03 10:38:12,케이엘모바일_부성정책_ 10월 3일_ 3차 정책,"2008 M 프리미엄 1168 44900 | 33,500 | - 무제한 무제한 200 분 | 1166+ 일 206| 3Mbps 80.000 80,000",/Users/jinwoo/Documents/Codex/2026-05-30/new-chat/policy-tracker/data/images/371/ktm.png
371,ktm,7GB,auto_candidate,80000,80000,,2025-10-03 10:38:12,케이엘모바일_부성정책_ 10월 3일_ 3차 정책,"568 M 스페셜 768 플러스 36000 | 17,400 ㅣ 무제한 무제한 300 분 | 168+668 | 7005 80.000 80.000",/Users/jinwoo/Documents/Codex/2026-05-30/new-chat/policy-tracker/data/images/371/ktm.png
371,skylife,11GB,auto_candidate,65000,65000,,2025-10-03 10:38:12,케이엘모바일_부성정책_ 10월 3일_ 3차 정책,"20GB | SKY 모두 충분 1168+( 밀 리 의 서 재 ) 34,000 무제한 무제한 300 분 1168+ 일 268.  3Mbps 65,000 65,000",/Users/jinwoo/Documents/Codex/2026-05-30/new-chat/policy-tracker/data/images/371/skylife.png
371,umobile,7GB,auto_candidate,70000,110000,,2025-10-03 10:38:12,케이엘모바일_부성정책_ 10월 3일_ 3차 정책,"LTE (7686+/ 통 화 기 본) 18,600 무제한 무 제 한 | 300 분 768 Mbps | 70,000 110,000 70,000 110,000",/Users/jinwoo/Documents/Codex/2026-05-30/new-chat/policy-tracker/data/images/371/umobile.png
372,hello,11GB,auto_candidate,30000,120000,,2025-10-10 10:17:36,케이엘모바일_부성정책_ 10월 10일_ 4차 정책,"The 착한 데이터 유심 11GB 49,390 [1540 | 3990 | eet) te | 300% | 11.068} @2GB+3Mbps | 30,000 120,000 | | 30,000 120,000 ||",/Users/jinwoo/Documents/Codex/2026-05-30/new-chat/policy-tracker/data/images/372/hello.png
372,ktm,11GB,auto_candidate,80000,80000,,2025-10-10 10:17:36,케이엘모바일_부성정책_ 10월 10일_ 4차 정책,"2008 M 프리미엄 1168 44900 | 33,500 | - 무제한 무제한 200 분 | 1166+ 일 206| 3Mbps 80.000 80,000",/Users/jinwoo/Documents/Codex/2026-05-30/new-chat/policy-tracker/data/images/372/ktm.png
372,ktm,7GB,auto_candidate,80000,80000,,2025-10-10 10:17:36,케이엘모바일_부성정책_ 10월 10일_ 4차 정책,"568 M 스페셜 768 플러스 36000 | 17,400 ㅣ 무제한 무제한 300 분 | 168+668 | 7005 80.000 80.000",/Users/jinwoo/Documents/Codex/2026-05-30/new-chat/policy-tracker/data/images/372/ktm.png
372,sk7,11GB,auto_candidate,80000,120000,,2025-10-10 10:17:36,케이엘모바일_부성정책_ 10월 10일_ 4차 정책,"결 합 2066 00406 (11681) 54.560 | 41,200 무제한 ㅣ 무제한 ㅣ 3008 1168 일 208+310605 80,000 ㅣ 120.000 |",/Users/jinwoo/Documents/Codex/2026-05-30/new-chat/policy-tracker/data/images/372/sk7.png
372,skylife,11GB,auto_candidate,65000,65000,,2025-10-10 10:17:36,케이엘모바일_부성정책_ 10월 10일_ 4차 정책,"20GB | SKY 모두 충분 1168+( 밀 리 의 서 재 ) 34,000 무제한 무제한 300 분 1168+ 일 268.  3Mbps 65,000 65,000",/Users/jinwoo/Documents/Codex/2026-05-30/new-chat/policy-tracker/data/images/372/skylife.png
372,umobile,7GB,auto_candidate,70000,110000,,2025-10-10 10:17:36,케이엘모바일_부성정책_ 10월 10일_ 4차 정책,"LTE (7686+/ 통 화 기 본) 18,600 무제한 무 제 한 | 300 분 768 Mbps | 70,000 110,000 70,000 110,000",/Users/jinwoo/Documents/Codex/2026-05-30/new-chat/policy-tracker/data/images/372/umobile.png
373,hello,11GB,auto_candidate,30000,120000,,2025-10-15 10:06:29,케이엘모바일_부성정책_ 10월 15일_ 5차 정책,"데이터 더 주는 유심 1166 49,390 | 12,400 | 36,990 | 무제한 | 무제한 ㅣ 300 분 | 11GB ‘22GB+3Mbps 30,000 120,000",/Users/jinwoo/Documents/Codex/2026-05-30/new-chat/policy-tracker/data/images/373/hello.png
373,hello,7GB,auto_candidate,30000,110000,,2025-10-15 10:06:29,케이엘모바일_부성정책_ 10월 15일_ 5차 정책,"DATA 걱 정 없는 유심 768 무제한 | 무제한 | 300 분 | 768 Mbps. 30,000 110,000",/Users/jinwoo/Documents/Codex/2026-05-30/new-chat/policy-tracker/data/images/373/hello.png
373,ktm,11GB,auto_candidate,80000,80000,,2025-10-15 10:06:29,케이엘모바일_부성정책_ 10월 15일_ 5차 정책,"2008 M 프리미엄 1168 44900 | 33,500 | - 무제한 무제한 200 분 | 1166+ 일 206| 3Mbps 80.000 80,000",/Users/jinwoo/Documents/Codex/2026-05-30/new-chat/policy-tracker/data/images/373/ktm.png
373,ktm,7GB,auto_candidate,80000,80000,,2025-10-15 10:06:29,케이엘모바일_부성정책_ 10월 15일_ 5차 정책,"568 M 스페셜 768 플러스 36000 | 17,400 ㅣ 무제한 무제한 300 분 | 168+668 | 7005 80.000 80.000",/Users/jinwoo/Documents/Codex/2026-05-30/new-chat/policy-tracker/data/images/373/ktm.png
373,sk7,11GB,auto_candidate,80000,120000,,2025-10-15 10:06:29,케이엘모바일_부성정책_ 10월 15일_ 5차 정책,"결 합 2066 00406 (11681) 54.560 | 41,200 무제한 ㅣ 무제한 ㅣ 3008 1168 일 208+310605 80,000 ㅣ 120.000 |",/Users/jinwoo/Documents/Codex/2026-05-30/new-chat/policy-tracker/data/images/373/sk7.png
373,skylife,11GB,auto_candidate,65000,90000,,2025-10-15 10:06:29,케이엘모바일_부성정책_ 10월 15일_ 5차 정책,"20GB 모 두 충분 1166+(04) | 33,000 무제한 무제한 300 분 11GB+22GB] 3Mbps 65,000 90,000 65,000 90,000",/Users/jinwoo/Documents/Codex/2026-05-30/new-chat/policy-tracker/data/images/373/skylife.png
373,umobile,7GB,auto_candidate,70000,110000,,2025-10-15 10:06:29,케이엘모바일_부성정책_ 10월 15일_ 5차 정책,"LTE (7686+/ 통 화 기 본) 18,600 무제한 무 제 한 | 300 분 768 Mbps | 70,000 110,000 70,000 110,000",/Users/jinwoo/Documents/Codex/2026-05-30/new-chat/policy-tracker/data/images/373/umobile.png
374,hello,11GB,auto_candidate,30000,120000,,2025-10-18 10:22:01,케이엘모바일_부성정책_ 10월 18일_ 6차 정책,"데이터 더 주는 유심 1166 49,390 | 12,400 | 36,990 | 무제한 | 무제한 ㅣ 300 분 | 11GB ‘22GB+3Mbps 30,000 120,000",/Users/jinwoo/Documents/Codex/2026-05-30/new-chat/policy-tracker/data/images/374/hello.png
374,hello,7GB,auto_candidate,30000,110000,,2025-10-18 10:22:01,케이엘모바일_부성정책_ 10월 18일_ 6차 정책,"DATA 걱 정 없는 유심 768 무제한 | 무제한 | 300 분 | 768 Mbps. 30,000 110,000",/Users/jinwoo/Documents/Codex/2026-05-30/new-chat/policy-tracker/data/images/374/hello.png
374,ktm,11GB,auto_candidate,80000,120000,,2025-10-18 10:22:01,케이엘모바일_부성정책_ 10월 18일_ 6차 정책,"모 두 다 맘껏 1166+( 멜 론 FREE) 무제한 300% - |1168+ 일 208| . 30665 80,000 120,000 | ke 80,000 120,000 | xxx",/Users/jinwoo/Documents/Codex/2026-05-30/new-chat/policy-tracker/data/images/374/ktm.png
374,ktm,7GB,auto_candidate,80000,110000,,2025-10-18 10:22:01,케이엘모바일_부성정책_ 10월 18일_ 6차 정책,"5668 버 스페셜 768( 지 니 뮤직) 31000 | 20,300 무제한 무제한 300 분 768 1Mbps 80,000 110,000 | kk Pao 80,000 110,000 | xxx el",/Users/jinwoo/Documents/Codex/2026-05-30/new-chat/policy-tracker/data/images/374/ktm.png
374,sk7,11GB,auto_candidate,80000,120000,,2025-10-18 10:22:01,케이엘모바일_부성정책_ 10월 18일_ 6차 정책,"결 합 2066 00406 (11681) 54.560 | 41,200 무제한 ㅣ 무제한 ㅣ 3008 1168 일 208+310605 80,000 ㅣ 120.000 |",/Users/jinwoo/Documents/Codex/2026-05-30/new-chat/policy-tracker/data/images/374/sk7.png
374,skylife,11GB,auto_candidate,65000,90000,,2025-10-18 10:22:01,케이엘모바일_부성정책_ 10월 18일_ 6차 정책,"20GB 모 두 충분 1166+(04) | 33,000 무제한 무제한 300 분 11GB+22GB] 3Mbps 65,000 90,000 65,000 90,000",/Users/jinwoo/Documents/Codex/2026-05-30/new-chat/policy-tracker/data/images/374/skylife.png
374,umobile,7GB,auto_candidate,70000,110000,,2025-10-18 10:22:01,케이엘모바일_부성정책_ 10월 18일_ 6차 정책,"LTE (7686+/ 통 화 기 본) 18,600 무제한 무 제 한 | 300 분 768 Mbps | 70,000 110,000 70,000 110,000",/Users/jinwoo/Documents/Codex/2026-05-30/new-chat/policy-tracker/data/images/374/umobile.png
375,hello,11GB,auto_candidate,30000,120000,,2025-10-18 18:27:43,케이엘모바일_부성정책_ 10월 18일부터_ 6차 추가 정책,"데이터 더 주는 유심 1166 49,390 | 12,400 | 36,990 | 무제한 | 무제한 ㅣ 300 분 | 11GB ‘22GB+3Mbps 30,000 120,000",/Users/jinwoo/Documents/Codex/2026-05-30/new-chat/policy-tracker/data/images/375/hello.png
375,hello,7GB,auto_candidate,30000,110000,,2025-10-18 18:27:43,케이엘모바일_부성정책_ 10월 18일부터_ 6차 추가 정책,"DATA 걱 정 없는 유심 768 무제한 | 무제한 | 300 분 | 768 Mbps. 30,000 110,000",/Users/jinwoo/Documents/Codex/2026-05-30/new-chat/policy-tracker/data/images/375/hello.png
375,ktm,11GB,auto_candidate,80000,120000,,2025-10-18 18:27:43,케이엘모바일_부성정책_ 10월 18일부터_ 6차 추가 정책,"모 두 다 맘껏 1166+( 멜 론 FREE) 무제한 300% - |1168+ 일 208| . 30665 80,000 120,000 | ke 80,000 120,000 | xxx",/Users/jinwoo/Documents/Codex/2026-05-30/new-chat/policy-tracker/data/images/375/ktm.png
375,ktm,7GB,auto_candidate,80000,110000,,2025-10-18 18:27:43,케이엘모바일_부성정책_ 10월 18일부터_ 6차 추가 정책,"5668 버 스페셜 768( 지 니 뮤직) 31000 | 20,300 무제한 무제한 300 분 768 1Mbps 80,000 110,000 | kk Pao 80,000 110,000 | xxx el",/Users/jinwoo/Documents/Codex/2026-05-30/new-chat/policy-tracker/data/images/375/ktm.png
375,sk7,7GB,auto_candidate,80000,80000,,2025-10-18 18:27:43,케이엘모바일_부성정책_ 10월 18일부터_ 6차 추가 정책,"결 합 566 LTE 알뜰 (768+/ 통 화 맘껏) 48,400 | 19,140 무제한 ㅣ 무제한 | 3008 768 Mbps 80,000 80,000 80,000",/Users/jinwoo/Documents/Codex/2026-05-30/new-chat/policy-tracker/data/images/375/sk7.png
375,skylife,11GB,auto_candidate,65000,90000,,2025-10-18 18:27:43,케이엘모바일_부성정책_ 10월 18일부터_ 6차 추가 정책,"20GB 모 두 충분 1166+(04) | 33,000 무제한 무제한 300 분 11GB+22GB] 3Mbps 65,000 90,000 65,000 90,000",/Users/jinwoo/Documents/Codex/2026-05-30/new-chat/policy-tracker/data/images/375/skylife.png
375,umobile,7GB,auto_candidate,70000,70000,,2025-10-18 18:27:43,케이엘모바일_부성정책_ 10월 18일부터_ 6차 추가 정책,"5068 이 동 의 즐거움 - 패 스 (768+ 통 화 기 본) 18,600 무제한 무제한 | 300 분 768 Mbps 70,000 70,000",/Users/jinwoo/Documents/Codex/2026-05-30/new-chat/policy-tracker/data/images/375/umobile.png
376,hello,11GB,auto_candidate,30000,120000,,2025-10-21 10:24:18,케이엘모바일_부성정책_ 10월 21일부터_ 7차 정책,"데이터 더 주는 유심 1168 49,390 36,990 3008 | 1168 | 일 208+34605 | 30,000 120,000 |_| 22000 | 120,000 ||",/Users/jinwoo/Documents/Codex/2026-05-30/new-chat/policy-tracker/data/images/376/hello.png
376,ktm,11GB,auto_candidate,80000,140000,,2025-10-21 10:24:18,케이엘모바일_부성정책_ 10월 21일부터_ 7차 정책,"20GB 프리미엄 1168(04 20 할 인) 51,000 34,000 무제한 무제한 300 분 | 1168+ 밀 208| 31605 80.000 140.000 80,000 140,000 ||",/Users/jinwoo/Documents/Codex/2026-05-30/new-chat/policy-tracker/data/images/376/ktm.png
376,ktm,7GB,auto_candidate,80000,110000,,2025-10-21 10:24:18,케이엘모바일_부성정책_ 10월 21일부터_ 7차 정책,"5668 M 스페셜 768( 지 니 뮤직) 31,000 20,300 | 무제한 무제한 300% 768 16605 80,000 | 110,000 MNP 80,000 110,000 MNP",/Users/jinwoo/Documents/Codex/2026-05-30/new-chat/policy-tracker/data/images/376/ktm.png
376,sk7,11GB,auto_candidate,80000,120000,,2025-10-21 10:24:18,케이엘모바일_부성정책_ 10월 21일부터_ 7차 정책,"결 합 2068 ㅣ LTE 알뜰 (1168+/ 통 화 맘껏) ㅣ 49.060 ㅣ 36,140 무제한 . 무제한 ㅣ 300 분 | 1168 | Q2GB+3Mbps 80,000 | 120,000 80.000 | 120,000 80,000 | 120,000",/Users/jinwoo/Documents/Codex/2026-05-30/new-chat/policy-tracker/data/images/376/sk7.png
376,sk7,7GB,auto_candidate,80000,110000,,2025-10-21 10:24:18,케이엘모바일_부성정책_ 10월 21일부터_ 7차 정책,"결 합 568 | LTE 알뜰 (768+/ 통 화 맘껏) 48.400 ㅣ 19,140 무제한 ： 무제한 ㅣ 300 분 | 768 ‘Mbps 80,000 | 110,000 80,000 | 110,000 80,000 | 110,000",/Users/jinwoo/Documents/Codex/2026-05-30/new-chat/policy-tracker/data/images/376/sk7.png
376,skylife,11GB,auto_candidate,65000,90000,,2025-10-21 10:24:18,케이엘모바일_부성정책_ 10월 21일부터_ 7차 정책,"모 두 충분 1168+( 밀 리 의 서재) 33,100 무제한 무제한 300 분 1168+ 일 208 31605 65,000 90,000 65,000 90,000",/Users/jinwoo/Documents/Codex/2026-05-30/new-chat/policy-tracker/data/images/376/skylife.png
376,skylife,7GB,auto_candidate,55000,80000,,2025-10-21 10:24:18,케이엘모바일_부성정책_ 10월 21일부터_ 7차 정책,"모 두 충분 768+( 밀 리 의 서재) 16,200 무제한 무제한 300 분 7068 ‘Mbps 55,000 80,000 55,000 80,000",/Users/jinwoo/Documents/Codex/2026-05-30/new-chat/policy-tracker/data/images/376/skylife.png
376,umobile,7GB,auto_candidate,70000,70000,,2025-10-21 10:24:18,케이엘모바일_부성정책_ 10월 21일부터_ 7차 정책,"5068 이 동 의 즐거움 - 패 스 (768+ 통 화 기 본) 18,600 무제한 무제한 | 300 분 768 Mbps 70,000 70,000",/Users/jinwoo/Documents/Codex/2026-05-30/new-chat/policy-tracker/data/images/376/umobile.png
377,hello,11GB,auto_candidate,30000,120000,,2025-10-21 15:21:23,케이엘모바일_부성정책_ 10월 21일부터_ 7차 정책(수정),"데이터 더 주는 유심 1168 49,390 | 12,400 | 36,990 | 무제한 | 무제한 | 300 분 | 11GB 일 268+314665 30,000 120,000",/Users/jinwoo/Documents/Codex/2026-05-30/new-chat/policy-tracker/data/images/377/hello.png
377,hello,7GB,auto_candidate,30000,110000,,2025-10-21 15:21:23,케이엘모바일_부성정책_ 10월 21일부터_ 7차 정책(수정),"DATA 걱 정 없는 유심 766 45,100 | 26,600 | 18,500 | 무제한 | 무제한 ｜ 300 분 | 768 ‘Mbps 30,000 110,000",/Users/jinwoo/Documents/Codex/2026-05-30/new-chat/policy-tracker/data/images/377/hello.png
377,ktm,11GB,auto_candidate,80000,140000,,2025-10-21 15:21:23,케이엘모바일_부성정책_ 10월 21일부터_ 7차 정책(수정),"20GB 프리미엄 1168(04 20 할 인) 51,000 34,000 무제한 무제한 300 분 | 1168+ 밀 208| 31605 80.000 140.000 80,000 140,000 ||",/Users/jinwoo/Documents/Codex/2026-05-30/new-chat/policy-tracker/data/images/377/ktm.png
377,ktm,7GB,auto_candidate,80000,110000,,2025-10-21 15:21:23,케이엘모바일_부성정책_ 10월 21일부터_ 7차 정책(수정),"5668 M 스페셜 768( 지 니 뮤직) 31,000 20,300 | 무제한 무제한 300% 768 16605 80,000 | 110,000 MNP 80,000 110,000 MNP",/Users/jinwoo/Documents/Codex/2026-05-30/new-chat/policy-tracker/data/images/377/ktm.png
377,sk7,11GB,auto_candidate,80000,120000,,2025-10-21 15:21:23,케이엘모바일_부성정책_ 10월 21일부터_ 7차 정책(수정),"결 합 2068 ㅣ LTE 알뜰 (1168+/ 통 화 맘껏) ㅣ 49.060 ㅣ 36,140 무제한 . 무제한 ㅣ 300 분 | 1168 | Q2GB+3Mbps 80,000 | 120,000 80.000 | 120,000 80,000 | 120,000",/Users/jinwoo/Documents/Codex/2026-05-30/new-chat/policy-tracker/data/images/377/sk7.png
377,sk7,7GB,auto_candidate,80000,110000,,2025-10-21 15:21:23,케이엘모바일_부성정책_ 10월 21일부터_ 7차 정책(수정),"결 합 568 | LTE 알뜰 (768+/ 통 화 맘껏) 48.400 ㅣ 19,140 무제한 ： 무제한 ㅣ 300 분 | 768 ‘Mbps 80,000 | 110,000 80,000 | 110,000 80,000 | 110,000",/Users/jinwoo/Documents/Codex/2026-05-30/new-chat/policy-tracker/data/images/377/sk7.png
377,skylife,11GB,auto_candidate,65000,90000,,2025-10-21 15:21:23,케이엘모바일_부성정책_ 10월 21일부터_ 7차 정책(수정),"모 두 충분 1168+( 밀 리 의 서재) 33,100 무제한 무제한 300 분 1168+ 일 208 31605 65,000 90,000 65,000 90,000",/Users/jinwoo/Documents/Codex/2026-05-30/new-chat/policy-tracker/data/images/377/skylife.png
377,skylife,7GB,auto_candidate,55000,80000,,2025-10-21 15:21:23,케이엘모바일_부성정책_ 10월 21일부터_ 7차 정책(수정),"모 두 충분 768+( 밀 리 의 서재) 16,200 무제한 무제한 300 분 7068 ‘Mbps 55,000 80,000 55,000 80,000",/Users/jinwoo/Documents/Codex/2026-05-30/new-chat/policy-tracker/data/images/377/skylife.png
377,umobile,11GB,auto_candidate,70000,70000,,2025-10-21 15:21:23,케이엘모바일_부성정책_ 10월 21일부터_ 7차 정책(수정),"| | 이 동 의 즐거움 (- 패 스 (7168+ 통 화 기 본) 34,900 무제한 무 제 한 | 300 분 | 11GB+ 22GB 3Mbps 70,000 70,000",/Users/jinwoo/Documents/Codex/2026-05-30/new-chat/policy-tracker/data/images/377/umobile.png
377,umobile,7GB,auto_candidate,70000,70000,,2025-10-21 15:21:23,케이엘모바일_부성정책_ 10월 21일부터_ 7차 정책(수정),"| = | LTE (768+/ 통 화 기 본) 18,600 무제한 무 제 한 | 300 분 | 7GB Mbps 70,000 70,000",/Users/jinwoo/Documents/Codex/2026-05-30/new-chat/policy-tracker/data/images/377/umobile.png
378,hello,11GB,auto_candidate,30000,120000,,2025-10-22 10:08:10,케이엘모바일_부성정책_ 10월 22일_ 8차 정책,"데이터 더 주는 유심 1168 49,390 | 12,400 | 36,990 | 무제한 | 무제한 | 300 분 | 11GB 일 268+314665 30,000 120,000",/Users/jinwoo/Documents/Codex/2026-05-30/new-chat/policy-tracker/data/images/378/hello.png
378,hello,7GB,auto_candidate,30000,110000,,2025-10-22 10:08:10,케이엘모바일_부성정책_ 10월 22일_ 8차 정책,"DATA 걱 정 없는 유심 766 45,100 | 26,600 | 18,500 | 무제한 | 무제한 ｜ 300 분 | 768 ‘Mbps 30,000 110,000",/Users/jinwoo/Documents/Codex/2026-05-30/new-chat/policy-tracker/data/images/378/hello.png
378,ktm,11GB,auto_candidate,80000,120000,,2025-10-22 10:08:10,케이엘모바일_부성정책_ 10월 22일_ 8차 정책,"20GB 모 두 다 맘껏 1168+( 웨 이브 베이직) 51,000 36,600 무제한 무제한 300 분 11GB+22GB| 30605 80,000 | 120,000 tok 80,000 120,000 OR",/Users/jinwoo/Documents/Codex/2026-05-30/new-chat/policy-tracker/data/images/378/ktm.png
378,sk7,7GB,auto_candidate,80000,80000,,2025-10-22 10:08:10,케이엘모바일_부성정책_ 10월 22일_ 8차 정책,"결 합 5668 LTE 알뜰 (768+/ 통 화 맘껏) 48,400 | 19,140 무제한 | 무제한 | 3008 768 ‘Mbps 80,000 80,000",/Users/jinwoo/Documents/Codex/2026-05-30/new-chat/policy-tracker/data/images/378/sk7.png
378,skylife,11GB,auto_candidate,65000,90000,,2025-10-22 10:08:10,케이엘모바일_부성정책_ 10월 22일_ 8차 정책,"모 두 충분 1168+( 밀 리 의 서재) 33,100 무제한 무제한 300 분 1168+ 일 208 31605 65,000 90,000 65,000 90,000",/Users/jinwoo/Documents/Codex/2026-05-30/new-chat/policy-tracker/data/images/378/skylife.png
378,skylife,7GB,auto_candidate,55000,80000,,2025-10-22 10:08:10,케이엘모바일_부성정책_ 10월 22일_ 8차 정책,"모 두 충분 768+( 밀 리 의 서재) 16,200 무제한 무제한 300 분 7068 ‘Mbps 55,000 80,000 55,000 80,000",/Users/jinwoo/Documents/Codex/2026-05-30/new-chat/policy-tracker/data/images/378/skylife.png
378,umobile,11GB,auto_candidate,70000,70000,,2025-10-22 10:08:10,케이엘모바일_부성정책_ 10월 22일_ 8차 정책,"| | 이 동 의 즐거움 (- 패 스 (7168+ 통 화 기 본) 34,900 무제한 무 제 한 | 300 분 | 11GB+ 22GB 3Mbps 70,000 70,000",/Users/jinwoo/Documents/Codex/2026-05-30/new-chat/policy-tracker/data/images/378/umobile.png
378,umobile,7GB,auto_candidate,70000,70000,,2025-10-22 10:08:10,케이엘모바일_부성정책_ 10월 22일_ 8차 정책,"| = | LTE (768+/ 통 화 기 본) 18,600 무제한 무 제 한 | 300 분 | 7GB Mbps 70,000 70,000",/Users/jinwoo/Documents/Codex/2026-05-30/new-chat/policy-tracker/data/images/378/umobile.png
379,hello,11GB,auto_candidate,30000,120000,,2025-10-24 12:29:37,케이엘모바일_부성정책_ 10월 24일_ 9차 정책,"쿠 폰 팩 유심 1168 49,390 10 | aa | aac 무제한 일 268+34605 | 30,000 120,000 | | 30,000 120,000 |",/Users/jinwoo/Documents/Codex/2026-05-30/new-chat/policy-tracker/data/images/379/hello.png
379,hello,7GB,auto_candidate,30000,110000,,2025-10-24 12:29:37,케이엘모바일_부성정책_ 10월 24일_ 9차 정책,"데이터 더 주는 유심 766 45,100 | 23,600 | 21,500 | 무제한 | 무제한 | 300 분 | 768 ‘Mbps 30,000 110,000 30,000 110,000 ||",/Users/jinwoo/Documents/Codex/2026-05-30/new-chat/policy-tracker/data/images/379/hello.png
379,ktm,11GB,auto_candidate,60000,120000,,2025-10-24 12:29:37,케이엘모바일_부성정책_ 10월 24일_ 9차 정책,"2008 M 프리미엄 1168( 밀 리 의 서재) 45900 | 34000 | ems | sme | 300% | 700+ 일 208| | 34005 60,000 120,000 60,000 120,000",/Users/jinwoo/Documents/Codex/2026-05-30/new-chat/policy-tracker/data/images/379/ktm.png
379,skylife,11GB,auto_candidate,65000,90000,,2025-10-24 12:29:37,케이엘모바일_부성정책_ 10월 24일_ 9차 정책,"모 두 충분 1168+( 밀 리 의 서재) 33,100 무제한 무제한 300 분 1168+ 일 208 31605 65,000 90,000 65,000 90,000",/Users/jinwoo/Documents/Codex/2026-05-30/new-chat/policy-tracker/data/images/379/skylife.png
379,skylife,7GB,auto_candidate,55000,80000,,2025-10-24 12:29:37,케이엘모바일_부성정책_ 10월 24일_ 9차 정책,"모 두 충분 768+( 밀 리 의 서재) 16,200 무제한 무제한 300 분 7068 ‘Mbps 55,000 80,000 55,000 80,000",/Users/jinwoo/Documents/Codex/2026-05-30/new-chat/policy-tracker/data/images/379/skylife.png
379,umobile,11GB,auto_candidate,55000,121000,,2025-10-24 12:29:37,케이엘모바일_부성정책_ 10월 24일_ 9차 정책,"2068 이 동 의 즐거움 (- 패 스 (7168+ 통 화 기 본) 34,900 무제한 무제한 ㅣ 300 분 | 1168+ 일 268 3Mbps 55,000 121,000 55,000 121,000",/Users/jinwoo/Documents/Codex/2026-05-30/new-chat/policy-tracker/data/images/379/umobile.png
380,hello,11GB,auto_candidate,30000,120000,,2025-10-30 10:01:50,케이엘모바일_부성정책_ 10월 30일_ 10차 정책,"쿠 폰 팩 유심 1168 49,390 10 | aa | aac 무제한 일 268+34605 | 30,000 120,000 | | 30,000 120,000 |",/Users/jinwoo/Documents/Codex/2026-05-30/new-chat/policy-tracker/data/images/380/hello.png
380,hello,7GB,auto_candidate,30000,110000,,2025-10-30 10:01:50,케이엘모바일_부성정책_ 10월 30일_ 10차 정책,"데이터 더 주는 유심 766 45,100 | 23,600 | 21,500 | 무제한 | 무제한 | 300 분 | 768 ‘Mbps 30,000 110,000 30,000 110,000 ||",/Users/jinwoo/Documents/Codex/2026-05-30/new-chat/policy-tracker/data/images/380/hello.png
380,ktm,11GB,auto_candidate,60000,120000,,2025-10-30 10:01:50,케이엘모바일_부성정책_ 10월 30일_ 10차 정책,"2008 M 프리미엄 1168( 밀 리 의 서재) 45900 | 34000 | ems | sme | 300% | 700+ 일 208| | 34005 60,000 120,000 60,000 120,000",/Users/jinwoo/Documents/Codex/2026-05-30/new-chat/policy-tracker/data/images/380/ktm.png
380,skylife,11GB,auto_candidate,65000,90000,,2025-10-30 10:01:50,케이엘모바일_부성정책_ 10월 30일_ 10차 정책,"모 두 충분 1168+( 밀 리 의 서재) 33,100 무제한 무제한 300 분 1168+ 일 208 31605 65,000 90,000 65,000 90,000",/Users/jinwoo/Documents/Codex/2026-05-30/new-chat/policy-tracker/data/images/380/skylife.png
380,skylife,7GB,auto_candidate,55000,80000,,2025-10-30 10:01:50,케이엘모바일_부성정책_ 10월 30일_ 10차 정책,"모 두 충분 768+( 밀 리 의 서재) 16,200 무제한 무제한 300 분 7068 ‘Mbps 55,000 80,000 55,000 80,000",/Users/jinwoo/Documents/Codex/2026-05-30/new-chat/policy-tracker/data/images/380/skylife.png
380,umobile,11GB,auto_candidate,55000,121000,,2025-10-30 10:01:50,케이엘모바일_부성정책_ 10월 30일_ 10차 정책,"2068 이 동 의 즐거움 (- 패 스 (7168+ 통 화 기 본) 34,900 무제한 무제한 ㅣ 300 분 | 1168+ 일 268 3Mbps 55,000 121,000 55,000 121,000",/Users/jinwoo/Documents/Codex/2026-05-30/new-chat/policy-tracker/data/images/380/umobile.png
381,hello,11GB,auto_candidate,30000,120000,,2025-11-01 11:44:47,케이엘모바일_부성정책_ 11월 1일_ 1차 정책,"The 착한 데이터 유심 11GB 29390 | 15400 | 33990 | set | 무지한 | soe | 1005 | 일 268+314609 30,000 120,000 30,000 120,000",/Users/jinwoo/Documents/Codex/2026-05-30/new-chat/policy-tracker/data/images/381/hello.png
381,ktm,7GB,auto_candidate,60000,110000,,2025-11-01 11:44:47,케이엘모바일_부성정책_ 11월 1일_ 1차 정책,"5GB M 스페셜 760( 밀 리 의 서재) 31,000 | 17,900 무제한 무제한 300 분 768 ‘Mbps. 60,000 110,000 60,000 110,000",/Users/jinwoo/Documents/Codex/2026-05-30/new-chat/policy-tracker/data/images/381/ktm.png
381,sk7,11GB,auto_candidate,80000,120000,,2025-11-01 11:44:47,케이엘모바일_부성정책_ 11월 1일_ 1차 정책,"결 합 1068 글로벌 100 (11GB 41,640 무제한 무제한 300 분 1168 3Mbps 80,000 120,000 80,000 120,000 80,000 120,000",/Users/jinwoo/Documents/Codex/2026-05-30/new-chat/policy-tracker/data/images/381/sk7.png
381,skylife,11GB,auto_candidate,65000,120000,,2025-11-01 11:44:47,케이엘모바일_부성정책_ 11월 1일_ 1차 정책,"| 2008 SKY 모두 SH 11GB+(CuU) 34,000 무제한 무제한 300 분 |1168+ 일 208| 3Mbps 65,000 120,000 65,000 120,000",/Users/jinwoo/Documents/Codex/2026-05-30/new-chat/policy-tracker/data/images/381/skylife.png
381,skylife,7GB,auto_candidate,55000,90000,,2025-11-01 11:44:47,케이엘모바일_부성정책_ 11월 1일_ 1차 정책,"5GB(4! 7} 모두 충분 768+( 모 아진) 16,200 무제한 무제한 300 분 768 Mbps. 55,000 90,000 55,000 90,000",/Users/jinwoo/Documents/Codex/2026-05-30/new-chat/policy-tracker/data/images/381/skylife.png
381,umobile,11GB,auto_candidate,55000,121000,,2025-11-01 11:44:47,케이엘모바일_부성정책_ 11월 1일_ 1차 정책,"2008 LTE 스폐셜 34,900 무제한 무 제 한 | 300 분 | 11GB+ 22GB 3Mbps 55,000 121,000 55,000 121,000",/Users/jinwoo/Documents/Codex/2026-05-30/new-chat/policy-tracker/data/images/381/umobile.png
381,umobile,7GB,auto_candidate,55000,110000,,2025-11-01 11:44:47,케이엘모바일_부성정책_ 11월 1일_ 1차 정책,"568 LTE (768+/ 통 화 기 본) 18.600 무제한 무 제 한 | 300 분 7068 1Mbps 55,000 110,000 55,000 110,000",/Users/jinwoo/Documents/Codex/2026-05-30/new-chat/policy-tracker/data/images/381/umobile.png
382,hello,11GB,auto_candidate,30000,120000,,2025-11-03 13:37:32,케이엘모바일_부성정책_ 11월 3일_ 2차 정책,"The 착한 데이터 유심 11GB 29390 | 15400 | 33990 | set | 무지한 | soe | 1005 | 일 268+314609 30,000 120,000 30,000 120,000",/Users/jinwoo/Documents/Codex/2026-05-30/new-chat/policy-tracker/data/images/382/hello.png
382,ktm,7GB,auto_candidate,60000,110000,,2025-11-03 13:37:32,케이엘모바일_부성정책_ 11월 3일_ 2차 정책,"5GB M 스페셜 760( 밀 리 의 서재) 31,000 | 17,900 무제한 무제한 300 분 768 ‘Mbps. 60,000 110,000 60,000 110,000",/Users/jinwoo/Documents/Codex/2026-05-30/new-chat/policy-tracker/data/images/382/ktm.png
382,skylife,7GB,auto_candidate,55000,90000,,2025-11-03 13:37:32,케이엘모바일_부성정책_ 11월 3일_ 2차 정책,"| 5GB | 모 두 충 분 768+( 밀 리 의 서재) 16.200 무제한 무제한 300 분 7068 Mbps 55,000 90,000 55,000 90,000",/Users/jinwoo/Documents/Codex/2026-05-30/new-chat/policy-tracker/data/images/382/skylife.png
382,umobile,11GB,auto_candidate,55000,121000,,2025-11-03 13:37:32,케이엘모바일_부성정책_ 11월 3일_ 2차 정책,"2008 LTE 스폐셜 34,900 무제한 무 제 한 | 300 분 | 11GB+ 22GB 3Mbps 55,000 121,000 55,000 121,000",/Users/jinwoo/Documents/Codex/2026-05-30/new-chat/policy-tracker/data/images/382/umobile.png
382,umobile,7GB,auto_candidate,55000,110000,,2025-11-03 13:37:32,케이엘모바일_부성정책_ 11월 3일_ 2차 정책,"568 LTE (768+/ 통 화 기 본) 18.600 무제한 무 제 한 | 300 분 7068 1Mbps 55,000 110,000 55,000 110,000",/Users/jinwoo/Documents/Codex/2026-05-30/new-chat/policy-tracker/data/images/382/umobile.png
386,hello,11GB,auto_candidate,30000,120000,,2025-11-11 11:31:13,케이엘모바일_부성정책_ 11월 11일_ 3차 정책,"The 착한 데이터 유심 11GB 29390 | 15400 | 33990 | set | 무지한 | soe | 1005 | 일 268+314609 30,000 120,000 30,000 120,000",/Users/jinwoo/Documents/Codex/2026-05-30/new-chat/policy-tracker/data/images/386/hello.png
386,ktm,7GB,auto_candidate,60000,110000,,2025-11-11 11:31:13,케이엘모바일_부성정책_ 11월 11일_ 3차 정책,"5GB M 스페셜 760( 밀 리 의 서재) 31,000 | 17,900 무제한 무제한 300 분 768 ‘Mbps. 60,000 110,000 60,000 110,000",/Users/jinwoo/Documents/Codex/2026-05-30/new-chat/policy-tracker/data/images/386/ktm.png
386,skylife,11GB,auto_candidate,65000,120000,,2025-11-11 11:31:13,케이엘모바일_부성정책_ 11월 11일_ 3차 정책,"2008 Sky 모두 중 분 1168+( 모 아진) 34.000 ㅣ 무제한 무제한 | 300% . 1168+ 일 208 34605 | 65,000 120.000 65000 ㅣ 120,000",/Users/jinwoo/Documents/Codex/2026-05-30/new-chat/policy-tracker/data/images/386/skylife.png
386,umobile,11GB,auto_candidate,55000,121000,,2025-11-11 11:31:13,케이엘모바일_부성정책_ 11월 11일_ 3차 정책,"2008 LTE 스폐셜 34,900 무제한 무 제 한 | 300 분 | 11GB+ 22GB 3Mbps 55,000 121,000 55,000 121,000",/Users/jinwoo/Documents/Codex/2026-05-30/new-chat/policy-tracker/data/images/386/umobile.png
386,umobile,7GB,auto_candidate,55000,110000,,2025-11-11 11:31:13,케이엘모바일_부성정책_ 11월 11일_ 3차 정책,"568 LTE (768+/ 통 화 기 본) 18.600 무제한 무 제 한 | 300 분 7068 1Mbps 55,000 110,000 55,000 110,000",/Users/jinwoo/Documents/Codex/2026-05-30/new-chat/policy-tracker/data/images/386/umobile.png
387,hello,11GB,auto_candidate,30000,110000,,2025-11-12 12:13:06,케이엘모바일_부성정책_ 11월 12일_ 4차 정책,"The 착한 데이터 유심 11GB 49,390 | 15,400 | 33,990 | 무제한 | 무제한 | 300 분 | 11.068 212GB+3Mbps 30,000 | 110,000 | 30.000 | 110,000",/Users/jinwoo/Documents/Codex/2026-05-30/new-chat/policy-tracker/data/images/387/hello.png
387,hello,7GB,auto_candidate,30000,100000,,2025-11-12 12:13:06,케이엘모바일_부성정책_ 11월 12일_ 4차 정책,"DATA 걱 정 없는 유심 768 45,100 | 26600 | 18.500 | 무제한 | 무제한 | 300 분 | 708 ‘Mbps 30,000 | 100,000 | 30.000 | 100,000",/Users/jinwoo/Documents/Codex/2026-05-30/new-chat/policy-tracker/data/images/387/hello.png
387,ktm,7GB,auto_candidate,60000,110000,,2025-11-12 12:13:06,케이엘모바일_부성정책_ 11월 12일_ 4차 정책,"5GB M 스페셜 760( 밀 리 의 서재) 31,000 | 17,900 무제한 무제한 300 분 768 ‘Mbps. 60,000 110,000 60,000 110,000",/Users/jinwoo/Documents/Codex/2026-05-30/new-chat/policy-tracker/data/images/387/ktm.png
387,skylife,11GB,auto_candidate,65000,120000,,2025-11-12 12:13:06,케이엘모바일_부성정책_ 11월 12일_ 4차 정책,"2008 Sky 모두 중 분 1168+( 모 아진) 34.000 ㅣ 무제한 무제한 | 300% . 1168+ 일 208 34605 | 65,000 120.000 65000 ㅣ 120,000",/Users/jinwoo/Documents/Codex/2026-05-30/new-chat/policy-tracker/data/images/387/skylife.png
387,umobile,11GB,auto_candidate,55000,121000,,2025-11-12 12:13:06,케이엘모바일_부성정책_ 11월 12일_ 4차 정책,"2008 LTE 스폐셜 34,900 무제한 무 제 한 | 300 분 | 11GB+ 22GB 3Mbps 55,000 121,000 55,000 121,000",/Users/jinwoo/Documents/Codex/2026-05-30/new-chat/policy-tracker/data/images/387/umobile.png
387,umobile,7GB,auto_candidate,55000,110000,,2025-11-12 12:13:06,케이엘모바일_부성정책_ 11월 12일_ 4차 정책,"568 LTE (768+/ 통 화 기 본) 18.600 무제한 무 제 한 | 300 분 7068 1Mbps 55,000 110,000 55,000 110,000",/Users/jinwoo/Documents/Codex/2026-05-30/new-chat/policy-tracker/data/images/387/umobile.png
388,hello,11GB,auto_candidate,30000,110000,,2025-11-19 10:06:12,케이엘모바일_부성정책_ 11월 19일_ 5차 정책,"The 착한 데이터 유심 11GB 49,390 | 15,400 | 33,990 | 무제한 | 무제한 | 300 분 | 11.068 212GB+3Mbps 30,000 | 110,000 | 30.000 | 110,000",/Users/jinwoo/Documents/Codex/2026-05-30/new-chat/policy-tracker/data/images/388/hello.png
388,hello,7GB,auto_candidate,30000,100000,,2025-11-19 10:06:12,케이엘모바일_부성정책_ 11월 19일_ 5차 정책,"DATA 걱 정 없는 유심 768 45,100 | 26600 | 18.500 | 무제한 | 무제한 | 300 분 | 708 ‘Mbps 30,000 | 100,000 | 30.000 | 100,000",/Users/jinwoo/Documents/Codex/2026-05-30/new-chat/policy-tracker/data/images/388/hello.png
388,ktm,7GB,auto_candidate,60000,110000,,2025-11-19 10:06:12,케이엘모바일_부성정책_ 11월 19일_ 5차 정책,"5GB M 스페셜 760( 밀 리 의 서재) 31,000 | 17,900 무제한 무제한 300 분 768 ‘Mbps. 60,000 110,000 60,000 110,000",/Users/jinwoo/Documents/Codex/2026-05-30/new-chat/policy-tracker/data/images/388/ktm.png
388,skylife,11GB,auto_candidate,65000,100000,,2025-11-19 10:06:12,케이엘모바일_부성정책_ 11월 19일_ 5차 정책,"20GB 모 두 충분 1168+( 밀 리 의 서재) 33,100 무제한 무제한 300 분  11680+ 일 20 이 3Mbps 65,000 100,000 65,000 100,000",/Users/jinwoo/Documents/Codex/2026-05-30/new-chat/policy-tracker/data/images/388/skylife.png
388,skylife,7GB,auto_candidate,55000,90000,,2025-11-19 10:06:12,케이엘모바일_부성정책_ 11월 19일_ 5차 정책,"5GB 모 두 중 분 768+( 밀 리 의 서재) 16.200 무제한 무제한 300 분 768 ‘1Mbps 55,000 90,000 55,000 90,000",/Users/jinwoo/Documents/Codex/2026-05-30/new-chat/policy-tracker/data/images/388/skylife.png
388,umobile,11GB,auto_candidate,55000,121000,,2025-11-19 10:06:12,케이엘모바일_부성정책_ 11월 19일_ 5차 정책,"2008 LTE 스폐셜 34,900 무제한 무 제 한 | 300 분 | 11GB+ 22GB 3Mbps 55,000 121,000 55,000 121,000",/Users/jinwoo/Documents/Codex/2026-05-30/new-chat/policy-tracker/data/images/388/umobile.png
388,umobile,7GB,auto_candidate,55000,110000,,2025-11-19 10:06:12,케이엘모바일_부성정책_ 11월 19일_ 5차 정책,"568 LTE (768+/ 통 화 기 본) 18.600 무제한 무 제 한 | 300 분 7068 1Mbps 55,000 110,000 55,000 110,000",/Users/jinwoo/Documents/Codex/2026-05-30/new-chat/policy-tracker/data/images/388/umobile.png
389,hello,11GB,auto_candidate,30000,110000,,2025-11-20 09:56:27,케이엘모바일_부성정책_ 11월 20일_ 6차 정책,"The 착한 데이터 유심 11GB 49,390 | 15,400 | 33,990 | 무제한 | 무제한 | 300 분 | 11.068 212GB+3Mbps 30,000 | 110,000 | 30.000 | 110,000",/Users/jinwoo/Documents/Codex/2026-05-30/new-chat/policy-tracker/data/images/389/hello.png
389,hello,7GB,auto_candidate,30000,100000,,2025-11-20 09:56:27,케이엘모바일_부성정책_ 11월 20일_ 6차 정책,"DATA 걱 정 없는 유심 768 45,100 | 26600 | 18.500 | 무제한 | 무제한 | 300 분 | 708 ‘Mbps 30,000 | 100,000 | 30.000 | 100,000",/Users/jinwoo/Documents/Codex/2026-05-30/new-chat/policy-tracker/data/images/389/hello.png
389,ktm,7GB,auto_candidate,60000,110000,,2025-11-20 09:56:27,케이엘모바일_부성정책_ 11월 20일_ 6차 정책,"5GB M 스페셜 760( 밀 리 의 서재) 31,000 | 17,900 무제한 무제한 300 분 768 ‘Mbps. 60,000 110,000 60,000 110,000",/Users/jinwoo/Documents/Codex/2026-05-30/new-chat/policy-tracker/data/images/389/ktm.png
389,skylife,11GB,auto_candidate,65000,100000,,2025-11-20 09:56:27,케이엘모바일_부성정책_ 11월 20일_ 6차 정책,"20GB 모 두 충분 1168+( 밀 리 의 서재) 33,100 무제한 무제한 300 분  11680+ 일 20 이 3Mbps 65,000 100,000 65,000 100,000",/Users/jinwoo/Documents/Codex/2026-05-30/new-chat/policy-tracker/data/images/389/skylife.png
389,skylife,7GB,auto_candidate,55000,90000,,2025-11-20 09:56:27,케이엘모바일_부성정책_ 11월 20일_ 6차 정책,"5GB 모 두 중 분 768+( 밀 리 의 서재) 16.200 무제한 무제한 300 분 768 ‘1Mbps 55,000 90,000 55,000 90,000",/Users/jinwoo/Documents/Codex/2026-05-30/new-chat/policy-tracker/data/images/389/skylife.png
389,umobile,11GB,auto_candidate,55000,121000,,2025-11-20 09:56:27,케이엘모바일_부성정책_ 11월 20일_ 6차 정책,"2008 LTE 스폐셜 34,900 무제한 무 제 한 | 300 분 | 11GB+ 22GB 3Mbps 55,000 121,000 55,000 121,000",/Users/jinwoo/Documents/Codex/2026-05-30/new-chat/policy-tracker/data/images/389/umobile.png
389,umobile,7GB,auto_candidate,55000,110000,,2025-11-20 09:56:27,케이엘모바일_부성정책_ 11월 20일_ 6차 정책,"568 LTE (768+/ 통 화 기 본) 18.600 무제한 무 제 한 | 300 분 7068 1Mbps 55,000 110,000 55,000 110,000",/Users/jinwoo/Documents/Codex/2026-05-30/new-chat/policy-tracker/data/images/389/umobile.png
390,hello,11GB,auto_candidate,30000,110000,,2025-11-25 10:16:55,케이엘모바일_부성정책_ 11월 25일_ 7차 정책,"The 착한 데이터 유심 11GB 49,390 | 15,400 | 33,990 | 무제한 | 무제한 | 300 분 | 11.068 212GB+3Mbps 30,000 | 110,000 | 30.000 | 110,000",/Users/jinwoo/Documents/Codex/2026-05-30/new-chat/policy-tracker/data/images/390/hello.png
390,hello,7GB,auto_candidate,30000,100000,,2025-11-25 10:16:55,케이엘모바일_부성정책_ 11월 25일_ 7차 정책,"DATA 걱 정 없는 유심 768 45,100 | 26600 | 18.500 | 무제한 | 무제한 | 300 분 | 708 ‘Mbps 30,000 | 100,000 | 30.000 | 100,000",/Users/jinwoo/Documents/Codex/2026-05-30/new-chat/policy-tracker/data/images/390/hello.png
390,ktm,7GB,auto_candidate,60000,110000,,2025-11-25 10:16:55,케이엘모바일_부성정책_ 11월 25일_ 7차 정책,"5GB M 스페셜 760( 밀 리 의 서재) 31,000 | 17,900 무제한 무제한 300 분 768 ‘Mbps. 60,000 110,000 60,000 110,000",/Users/jinwoo/Documents/Codex/2026-05-30/new-chat/policy-tracker/data/images/390/ktm.png
390,sk7,11GB,auto_candidate,120000,120000,,2025-11-25 10:16:55,케이엘모바일_부성정책_ 11월 25일_ 7차 정책,"결 합 1068｜ 글로벌 300 (1168+/ 통 화 맘껏) 46,040 무제한 | 무제한 | 300% | 1168 3Mbps 120,000 120,000 120,000",/Users/jinwoo/Documents/Codex/2026-05-30/new-chat/policy-tracker/data/images/390/sk7.png
390,sk7,7GB,auto_candidate,110000,110000,,2025-11-25 10:16:55,케이엘모바일_부성정책_ 11월 25일_ 7차 정책,"결 합 1066｜ . 글로벌 300 (768+/ 통 화 맘껏) 29,040 7 만 폰 제 공 무제한 | 무제한 | 3008 768 ‘Mbps. 110,000 110,000 110,000",/Users/jinwoo/Documents/Codex/2026-05-30/new-chat/policy-tracker/data/images/390/sk7.png
390,skylife,11GB,auto_candidate,65000,100000,,2025-11-25 10:16:55,케이엘모바일_부성정책_ 11월 25일_ 7차 정책,"20GB 모 두 충분 1168+( 밀 리 의 서재) 33,100 무제한 무제한 300 분  11680+ 일 20 이 3Mbps 65,000 100,000 65,000 100,000",/Users/jinwoo/Documents/Codex/2026-05-30/new-chat/policy-tracker/data/images/390/skylife.png
390,skylife,7GB,auto_candidate,55000,90000,,2025-11-25 10:16:55,케이엘모바일_부성정책_ 11월 25일_ 7차 정책,"5GB 모 두 중 분 768+( 밀 리 의 서재) 16.200 무제한 무제한 300 분 768 ‘1Mbps 55,000 90,000 55,000 90,000",/Users/jinwoo/Documents/Codex/2026-05-30/new-chat/policy-tracker/data/images/390/skylife.png
390,umobile,11GB,auto_candidate,55000,121000,,2025-11-25 10:16:55,케이엘모바일_부성정책_ 11월 25일_ 7차 정책,"2008 LTE 스폐셜 34,900 무제한 무 제 한 | 300 분 | 11GB+ 22GB 3Mbps 55,000 121,000 55,000 121,000",/Users/jinwoo/Documents/Codex/2026-05-30/new-chat/policy-tracker/data/images/390/umobile.png
390,umobile,7GB,auto_candidate,55000,110000,,2025-11-25 10:16:55,케이엘모바일_부성정책_ 11월 25일_ 7차 정책,"568 LTE (768+/ 통 화 기 본) 18.600 무제한 무 제 한 | 300 분 7068 1Mbps 55,000 110,000 55,000 110,000",/Users/jinwoo/Documents/Codex/2026-05-30/new-chat/policy-tracker/data/images/390/umobile.png
391,hello,11GB,auto_candidate,30000,110000,,2025-11-27 10:38:34,케이엘모바일_부성정책_ 11월 27일_ 8차 정책,"The 착한 데이터 유심 11GB 49,390 | 15,400 | 33,990 | 무제한 | 무제한 | 300 분 | 11.068 212GB+3Mbps 30,000 | 110,000 | 30.000 | 110,000",/Users/jinwoo/Documents/Codex/2026-05-30/new-chat/policy-tracker/data/images/391/hello.png
391,hello,7GB,auto_candidate,30000,100000,,2025-11-27 10:38:34,케이엘모바일_부성정책_ 11월 27일_ 8차 정책,"DATA 걱 정 없는 유심 768 45,100 | 26600 | 18.500 | 무제한 | 무제한 | 300 분 | 708 ‘Mbps 30,000 | 100,000 | 30.000 | 100,000",/Users/jinwoo/Documents/Codex/2026-05-30/new-chat/policy-tracker/data/images/391/hello.png
391,ktm,7GB,auto_candidate,60000,110000,,2025-11-27 10:38:34,케이엘모바일_부성정책_ 11월 27일_ 8차 정책,"5GB M 스페셜 760( 밀 리 의 서재) 31,000 | 17,900 무제한 무제한 300 분 768 ‘Mbps. 60,000 110,000 60,000 110,000",/Users/jinwoo/Documents/Codex/2026-05-30/new-chat/policy-tracker/data/images/391/ktm.png
391,sk7,11GB,auto_candidate,120000,120000,,2025-11-27 10:38:34,케이엘모바일_부성정책_ 11월 27일_ 8차 정책,"결 합 1068｜ 글로벌 300 (1168+/ 통 화 맘껏) 46,040 무제한 | 무제한 | 300% | 1168 3Mbps 120,000 120,000 120,000",/Users/jinwoo/Documents/Codex/2026-05-30/new-chat/policy-tracker/data/images/391/sk7.png
391,sk7,7GB,auto_candidate,110000,110000,,2025-11-27 10:38:34,케이엘모바일_부성정책_ 11월 27일_ 8차 정책,"결 합 1066｜ . 글로벌 300 (768+/ 통 화 맘껏) 29,040 7 만 폰 제 공 무제한 | 무제한 | 3008 768 ‘Mbps. 110,000 110,000 110,000",/Users/jinwoo/Documents/Codex/2026-05-30/new-chat/policy-tracker/data/images/391/sk7.png
391,skylife,11GB,auto_candidate,65000,100000,,2025-11-27 10:38:34,케이엘모바일_부성정책_ 11월 27일_ 8차 정책,"20GB 모 두 충분 1168+( 밀 리 의 서재) 33,100 무제한 무제한 300 분  11680+ 일 20 이 3Mbps 65,000 100,000 65,000 100,000",/Users/jinwoo/Documents/Codex/2026-05-30/new-chat/policy-tracker/data/images/391/skylife.png
391,skylife,7GB,auto_candidate,55000,90000,,2025-11-27 10:38:34,케이엘모바일_부성정책_ 11월 27일_ 8차 정책,"5GB 모 두 중 분 768+( 밀 리 의 서재) 16.200 무제한 무제한 300 분 768 ‘1Mbps 55,000 90,000 55,000 90,000",/Users/jinwoo/Documents/Codex/2026-05-30/new-chat/policy-tracker/data/images/391/skylife.png
391,umobile,11GB,auto_candidate,55000,121000,,2025-11-27 10:38:34,케이엘모바일_부성정책_ 11월 27일_ 8차 정책,"2008 LTE 스폐셜 34,900 무제한 무 제 한 | 300 분 | 11GB+ 22GB 3Mbps 55,000 121,000 55,000 121,000",/Users/jinwoo/Documents/Codex/2026-05-30/new-chat/policy-tracker/data/images/391/umobile.png
391,umobile,7GB,auto_candidate,55000,110000,,2025-11-27 10:38:34,케이엘모바일_부성정책_ 11월 27일_ 8차 정책,"568 LTE (768+/ 통 화 기 본) 18.600 무제한 무 제 한 | 300 분 7068 1Mbps 55,000 110,000 55,000 110,000",/Users/jinwoo/Documents/Codex/2026-05-30/new-chat/policy-tracker/data/images/391/umobile.png
392,hello,11GB,auto_candidate,30000,110000,,2025-12-01 09:54:30,케이엘모바일_부성정책_ 12월 1일_ 1차 정책,"FEW 유심 1168 49,390 | 13,000 | 36,390 | 무제한 | 무제한 | 300 분 11GB 일 208+314605 30,000 110,000 30,000 110,000",/Users/jinwoo/Documents/Codex/2026-05-30/new-chat/policy-tracker/data/images/392/hello.png
392,ktm,11GB,auto_candidate,60000,120000,,2025-12-01 09:54:30,케이엘모바일_부성정책_ 12월 1일_ 1차 정책,"2008 M 프리미엄 1168( 지 니 뮤직) 45.900 | 36,900 무제한 무제한 300% . |1168+ 일 208| . aMbps 60,000 120,000 | 60,000 120,000",/Users/jinwoo/Documents/Codex/2026-05-30/new-chat/policy-tracker/data/images/392/ktm.png
392,ktm,7GB,auto_candidate,60000,110000,,2025-12-01 09:54:30,케이엘모바일_부성정책_ 12월 1일_ 1차 정책,"568 M 스페셜 768( 지 니 뮤직) 31,000 | 20,300 무제한 무제한 300 분 768 ‘Mbps 60,000 110,000 | 60,000 110,000",/Users/jinwoo/Documents/Codex/2026-05-30/new-chat/policy-tracker/data/images/392/ktm.png
392,sk7,11GB,auto_candidate,80000,120000,,2025-12-01 09:54:30,케이엘모바일_부성정책_ 12월 1일_ 1차 정책,"결 합 1068｜ 글로벌 300 (1168+/ 통 화 맘껏) 46,040 무제한 | 무제한 | 3008 | 1168 3Mbps | 80,000 | 120,000 | 80,000 | 120,000 | 80,000 | 120,000",/Users/jinwoo/Documents/Codex/2026-05-30/new-chat/policy-tracker/data/images/392/sk7.png
392,sk7,7GB,auto_candidate,80000,110000,,2025-12-01 09:54:30,케이엘모바일_부성정책_ 12월 1일_ 1차 정책,"결 합 1068 | B24 300 (768+/ 통 화 맘껏) 29.040 무제한 | 무제한 | 300 분 | 708 1Mbps | 80,000 | 110,000 | 80,000 | 110,000 | 80,000 | 110,000",/Users/jinwoo/Documents/Codex/2026-05-30/new-chat/policy-tracker/data/images/392/sk7.png
392,skylife,7GB,auto_candidate,55000,90000,,2025-12-01 09:54:30,케이엘모바일_부성정책_ 12월 1일_ 1차 정책,"| 5GB 모 두 중 분 768+( 밀 리 의 서재) 16.200 무제한 무제한 ㅣ 300 분 7068 10665 |  55.000 90,000 55,000 90,000",/Users/jinwoo/Documents/Codex/2026-05-30/new-chat/policy-tracker/data/images/392/skylife.png
392,umobile,11GB,auto_candidate,55000,121000,,2025-12-01 09:54:30,케이엘모바일_부성정책_ 12월 1일_ 1차 정책,"| | 이 동 의 즐거움 (- 패 스 (7168+ 통 화 기 본) 34,900 | 무제한 무제한 1168+ 일 268 | 3Mbps 55,000 121,000 55,000 121,000",/Users/jinwoo/Documents/Codex/2026-05-30/new-chat/policy-tracker/data/images/392/umobile.png
392,umobile,7GB,auto_candidate,55000,110000,,2025-12-01 09:54:30,케이엘모바일_부성정책_ 12월 1일_ 1차 정책,"| = | LTE (768+/ 통 화 기 본) 18,600 | 무제한 무제한 ‘1Mbps 55,000 110,000 55,000 110,000",/Users/jinwoo/Documents/Codex/2026-05-30/new-chat/policy-tracker/data/images/392/umobile.png
393,hello,11GB,auto_candidate,30000,110000,,2025-12-03 10:28:55,케이엘모바일_부성정책_ 12월 3일_ 2차 정책,"데이터 더 주는 유심 1168 49,390 | 12,400 | 36,990 | 무제한 ㅣ 무제한 | 300% 11GB 일 268+314605 30,000 110,000 30,000 110,000",/Users/jinwoo/Documents/Codex/2026-05-30/new-chat/policy-tracker/data/images/393/hello.png
393,hello,7GB,auto_candidate,30000,100000,,2025-12-03 10:28:55,케이엘모바일_부성정책_ 12월 3일_ 2차 정책,"DATA 걱 정 없는 유심 768 45,100 | 26,600 | 18,500 | 무제한 | 무제한 | 300 분 768 ‘Mbps 30,000 100,000 30,000 100,000",/Users/jinwoo/Documents/Codex/2026-05-30/new-chat/policy-tracker/data/images/393/hello.png
393,ktm,11GB,auto_candidate,60000,120000,,2025-12-03 10:28:55,케이엘모바일_부성정책_ 12월 3일_ 2차 정책,"2008 M 프리미엄 1168( 지 니 뮤직) 45.900 | 36,900 무제한 무제한 300% . |1168+ 일 208| . aMbps 60,000 120,000 | 60,000 120,000",/Users/jinwoo/Documents/Codex/2026-05-30/new-chat/policy-tracker/data/images/393/ktm.png
393,ktm,7GB,auto_candidate,60000,110000,,2025-12-03 10:28:55,케이엘모바일_부성정책_ 12월 3일_ 2차 정책,"568 M 스페셜 768( 지 니 뮤직) 31,000 | 20,300 무제한 무제한 300 분 768 ‘Mbps 60,000 110,000 | 60,000 110,000",/Users/jinwoo/Documents/Codex/2026-05-30/new-chat/policy-tracker/data/images/393/ktm.png
393,skylife,7GB,auto_candidate,55000,90000,,2025-12-03 10:28:55,케이엘모바일_부성정책_ 12월 3일_ 2차 정책,"| 5GB 모 두 중 분 768+( 밀 리 의 서재) 16.200 무제한 무제한 ㅣ 300 분 7068 10665 |  55.000 90,000 55,000 90,000",/Users/jinwoo/Documents/Codex/2026-05-30/new-chat/policy-tracker/data/images/393/skylife.png
393,umobile,11GB,auto_candidate,55000,121000,,2025-12-03 10:28:55,케이엘모바일_부성정책_ 12월 3일_ 2차 정책,"| | 이 동 의 즐거움 (- 패 스 (7168+ 통 화 기 본) 34,900 | 무제한 무제한 1168+ 일 268 | 3Mbps 55,000 121,000 55,000 121,000",/Users/jinwoo/Documents/Codex/2026-05-30/new-chat/policy-tracker/data/images/393/umobile.png
393,umobile,7GB,auto_candidate,55000,110000,,2025-12-03 10:28:55,케이엘모바일_부성정책_ 12월 3일_ 2차 정책,"| = | LTE (768+/ 통 화 기 본) 18,600 | 무제한 무제한 ‘1Mbps 55,000 110,000 55,000 110,000",/Users/jinwoo/Documents/Codex/2026-05-30/new-chat/policy-tracker/data/images/393/umobile.png
395,hello,11GB,auto_candidate,30000,110000,,2025-12-04 13:54:36,케이엘모바일_부성정책_ 12월 4일_ 3차 정책,"데이터 더 주는 유심 1168 49,390 | 12,400 | 36,990 | 무제한 ㅣ 무제한 | 300% 11GB 일 268+314605 30,000 110,000 30,000 110,000",/Users/jinwoo/Documents/Codex/2026-05-30/new-chat/policy-tracker/data/images/395/hello.png
395,hello,7GB,auto_candidate,30000,100000,,2025-12-04 13:54:36,케이엘모바일_부성정책_ 12월 4일_ 3차 정책,"DATA 걱 정 없는 유심 768 45,100 | 26,600 | 18,500 | 무제한 | 무제한 | 300 분 768 ‘Mbps 30,000 100,000 30,000 100,000",/Users/jinwoo/Documents/Codex/2026-05-30/new-chat/policy-tracker/data/images/395/hello.png
395,ktm,11GB,auto_candidate,60000,120000,,2025-12-04 13:54:36,케이엘모바일_부성정책_ 12월 4일_ 3차 정책,"2008 M 프리미엄 1168( 지 니 뮤직) 45.900 | 36,900 무제한 무제한 300% . |1168+ 일 208| . aMbps 60,000 120,000 | 60,000 120,000",/Users/jinwoo/Documents/Codex/2026-05-30/new-chat/policy-tracker/data/images/395/ktm.png
395,ktm,7GB,auto_candidate,60000,110000,,2025-12-04 13:54:36,케이엘모바일_부성정책_ 12월 4일_ 3차 정책,"568 M 스페셜 768( 지 니 뮤직) 31,000 | 20,300 무제한 무제한 300 분 768 ‘Mbps 60,000 110,000 | 60,000 110,000",/Users/jinwoo/Documents/Codex/2026-05-30/new-chat/policy-tracker/data/images/395/ktm.png
395,skylife,7GB,auto_candidate,55000,90000,,2025-12-04 13:54:36,케이엘모바일_부성정책_ 12월 4일_ 3차 정책,"| 5GB 모 두 중 분 768+( 밀 리 의 서재) 16.200 무제한 무제한 ㅣ 300 분 7068 10665 |  55.000 90,000 55,000 90,000",/Users/jinwoo/Documents/Codex/2026-05-30/new-chat/policy-tracker/data/images/395/skylife.png
395,umobile,11GB,auto_candidate,55000,121000,,2025-12-04 13:54:36,케이엘모바일_부성정책_ 12월 4일_ 3차 정책,"| | 이 동 의 즐거움 (- 패 스 (7168+ 통 화 기 본) 34,900 | 무제한 무제한 1168+ 일 268 | 3Mbps 55,000 121,000 55,000 121,000",/Users/jinwoo/Documents/Codex/2026-05-30/new-chat/policy-tracker/data/images/395/umobile.png
395,umobile,7GB,auto_candidate,55000,110000,,2025-12-04 13:54:36,케이엘모바일_부성정책_ 12월 4일_ 3차 정책,"| = | LTE (768+/ 통 화 기 본) 18,600 | 무제한 무제한 ‘1Mbps 55,000 110,000 55,000 110,000",/Users/jinwoo/Documents/Codex/2026-05-30/new-chat/policy-tracker/data/images/395/umobile.png
396,hello,11GB,auto_candidate,30000,110000,,2025-12-05 10:41:52,케이엘모바일_부성정책_ 12월 5일_ 4차 정책,"The 착한 데이터 유심 1168 49390 | 15400 | 33.990 | 무제한 sea | 3008 | 11.068 | 2126B+3Mbps | 30,000 110,000 x 30,000 110,000 *",/Users/jinwoo/Documents/Codex/2026-05-30/new-chat/policy-tracker/data/images/396/hello.png
396,ktm,7GB,auto_candidate,70000,70000,,2025-12-05 10:41:52,케이엘모바일_부성정책_ 12월 5일_ 4차 정책,"566 M 스페셜 768( 지 니 뮤직) 31,000 20,300 무제한 무제한; 300 분 768 Mbps 70,000 70,000",/Users/jinwoo/Documents/Codex/2026-05-30/new-chat/policy-tracker/data/images/396/ktm.png
396,sk7,11GB,auto_candidate,80000,120000,,2025-12-05 10:41:52,케이엘모바일_부성정책_ 12월 5일_ 4차 정책,"결 합 2068 LTE 알뜰 (1168+/ 통 화 맘껏) 49,060 | 36,140 무제한 | 무제한 | 300% 11GB | @2GB+3Mbps| 80,000 | 120,000 hk 80,000 | 120,000 kok | 80,000 | 120,000 kok",/Users/jinwoo/Documents/Codex/2026-05-30/new-chat/policy-tracker/data/images/396/sk7.png
396,skylife,7GB,auto_candidate,55000,90000,,2025-12-05 10:41:52,케이엘모바일_부성정책_ 12월 5일_ 4차 정책,"| 5GB 모 두 중 분 768+( 밀 리 의 서재) 16.200 무제한 무제한 ㅣ 300 분 7068 10665 |  55.000 90,000 55,000 90,000",/Users/jinwoo/Documents/Codex/2026-05-30/new-chat/policy-tracker/data/images/396/skylife.png
396,umobile,11GB,auto_candidate,55000,121000,,2025-12-05 10:41:52,케이엘모바일_부성정책_ 12월 5일_ 4차 정책,"| = | 이 동 의 즐거움 - 패 스 (7166+ 통 화 기 본) 34,900, 무제한 무제한 300 분 1168+ 일 268 3Mbps 55,000 121,000 1 55,000 121,000 okt",/Users/jinwoo/Documents/Codex/2026-05-30/new-chat/policy-tracker/data/images/396/umobile.png
396,umobile,7GB,auto_candidate,55000,110000,,2025-12-05 10:41:52,케이엘모바일_부성정책_ 12월 5일_ 4차 정책,"| = | 이 동 의 즐거움 (<- 패 스 (768+ 통 화 기 본) 18,600 무제한 무제한 300% 768 Mbps 55,000 110,000 kak 55,000 110,000 ok I",/Users/jinwoo/Documents/Codex/2026-05-30/new-chat/policy-tracker/data/images/396/umobile.png
397,hello,11GB,auto_candidate,30000,110000,,2025-12-10 10:38:42,케이엘모바일_부성정책_ 12월 10일_ 5차 정책,"The 착한 데이터 유심 1168 49390 | 15400 | 33.990 | 무제한 sea | 3008 | 11.068 | 2126B+3Mbps | 30,000 110,000 x 30,000 110,000 *",/Users/jinwoo/Documents/Codex/2026-05-30/new-chat/policy-tracker/data/images/397/hello.png
397,sk7,11GB,auto_candidate,80000,120000,,2025-12-10 10:38:42,케이엘모바일_부성정책_ 12월 10일_ 5차 정책,"결 합 2068 LTE 알뜰 (1168+/ 통 화 맘껏) 49,060 | 36,140 무제한 | 무제한 | 300% 11GB | @2GB+3Mbps| 80,000 | 120,000 hk 80,000 | 120,000 kok | 80,000 | 120,000 kok",/Users/jinwoo/Documents/Codex/2026-05-30/new-chat/policy-tracker/data/images/397/sk7.png
397,skylife,7GB,auto_candidate,55000,90000,,2025-12-10 10:38:42,케이엘모바일_부성정책_ 12월 10일_ 5차 정책,"| 5GB 모 두 중 분 768+( 밀 리 의 서재) 16.200 무제한 무제한 ㅣ 300 분 7068 10665 |  55.000 90,000 55,000 90,000",/Users/jinwoo/Documents/Codex/2026-05-30/new-chat/policy-tracker/data/images/397/skylife.png
397,umobile,7GB,auto_candidate,55000,110000,,2025-12-10 10:38:42,케이엘모바일_부성정책_ 12월 10일_ 5차 정책,"| 규 줄 시 무제한 무제한 | 300 분 1768 ‘Mbps 55,000 110,000 * 110,000",/Users/jinwoo/Documents/Codex/2026-05-30/new-chat/policy-tracker/data/images/397/umobile.png
398,hello,11GB,auto_candidate,30000,110000,,2025-12-13 10:19:21,케이엘모바일_부성정책_ 12월 13일_ 6차 정책,"The 착한 데이터 유심 1168 49390 | 15400 | 33.990 | 무제한 sea | 3008 | 11.068 | 2126B+3Mbps | 30,000 110,000 x 30,000 110,000 *",/Users/jinwoo/Documents/Codex/2026-05-30/new-chat/policy-tracker/data/images/398/hello.png
398,sk7,11GB,auto_candidate,80000,120000,,2025-12-13 10:19:21,케이엘모바일_부성정책_ 12월 13일_ 6차 정책,"결 합 2068 LTE 알뜰 (1168+/ 통 화 맘껏) 49,060 | 36,140 무제한 | 무제한 | 300% 11GB | @2GB+3Mbps| 80,000 | 120,000 hk 80,000 | 120,000 kok | 80,000 | 120,000 kok",/Users/jinwoo/Documents/Codex/2026-05-30/new-chat/policy-tracker/data/images/398/sk7.png
398,skylife,7GB,auto_candidate,55000,90000,,2025-12-13 10:19:21,케이엘모바일_부성정책_ 12월 13일_ 6차 정책,"| 5GB 모 두 중 분 768+( 밀 리 의 서재) 16.200 무제한 무제한 ㅣ 300 분 7068 10665 |  55.000 90,000 55,000 90,000",/Users/jinwoo/Documents/Codex/2026-05-30/new-chat/policy-tracker/data/images/398/skylife.png
398,umobile,11GB,auto_candidate,55000,121000,,2025-12-13 10:19:21,케이엘모바일_부성정책_ 12월 13일_ 6차 정책,"2008 Le 스페셜 34.900 무제한 무제한 | 300 분 1168+ 일 208 314605 55.000 121,000 * 55,000 121,000 *",/Users/jinwoo/Documents/Codex/2026-05-30/new-chat/policy-tracker/data/images/398/umobile.png
398,umobile,7GB,auto_candidate,55000,110000,,2025-12-13 10:19:21,케이엘모바일_부성정책_ 12월 13일_ 6차 정책,"508 LTE (766+/ 통 화 기 본) 18,600 무제한 무제한 | 300 분 768 ‘Mbps 55,000 110,000 * 55,000 110,000 *",/Users/jinwoo/Documents/Codex/2026-05-30/new-chat/policy-tracker/data/images/398/umobile.png
399,hello,11GB,auto_candidate,30000,110000,,2025-12-16 10:14:59,케이엘모바일_부성정책_ 12월 16일_ 7차 정책,"The 착한 데이터 유심 11GB 49390 | 15400 | 33.990 | 무제한 | 무제한 | 300 분 | 11066 |  g2ce+3Mbps | 30,000 110,000 30,000 110,000 *",/Users/jinwoo/Documents/Codex/2026-05-30/new-chat/policy-tracker/data/images/399/hello.png
399,hello,7GB,auto_candidate,30000,100000,,2025-12-16 10:14:59,케이엘모바일_부성정책_ 12월 16일_ 7차 정책,"DATA 걱 정 없는 유심 768 45,100 | 26600 | 18,500 | 무제한 | 무제한 | 300 분 | 708 ‘Mbps 30,000 100,000 * 30,000 100,000 *",/Users/jinwoo/Documents/Codex/2026-05-30/new-chat/policy-tracker/data/images/399/hello.png
399,sk7,11GB,auto_candidate,80000,120000,,2025-12-16 10:14:59,케이엘모바일_부성정책_ 12월 16일_ 7차 정책,"결 합 2068 LTE 알뜰 (1168+/ 통 화 맘껏) 49,060 | 36,140 무제한 | 무제한 | 300% 11GB | @2GB+3Mbps| 80,000 | 120,000 hk 80,000 | 120,000 kok | 80,000 | 120,000 kok",/Users/jinwoo/Documents/Codex/2026-05-30/new-chat/policy-tracker/data/images/399/sk7.png
399,skylife,7GB,auto_candidate,55000,90000,,2025-12-16 10:14:59,케이엘모바일_부성정책_ 12월 16일_ 7차 정책,"| 5GB 모 두 중 분 768+( 밀 리 의 서재) 16.200 무제한 무제한 ㅣ 300 분 7068 10665 |  55.000 90,000 55,000 90,000",/Users/jinwoo/Documents/Codex/2026-05-30/new-chat/policy-tracker/data/images/399/skylife.png
399,umobile,11GB,auto_candidate,55000,121000,,2025-12-16 10:14:59,케이엘모바일_부성정책_ 12월 16일_ 7차 정책,"2008 Le 스페셜 34.900 무제한 무제한 | 300 분 1168+ 일 208 314605 55.000 121,000 * 55,000 121,000 *",/Users/jinwoo/Documents/Codex/2026-05-30/new-chat/policy-tracker/data/images/399/umobile.png
399,umobile,7GB,auto_candidate,55000,110000,,2025-12-16 10:14:59,케이엘모바일_부성정책_ 12월 16일_ 7차 정책,"508 LTE (766+/ 통 화 기 본) 18,600 무제한 무제한 | 300 분 768 ‘Mbps 55,000 110,000 * 55,000 110,000 *",/Users/jinwoo/Documents/Codex/2026-05-30/new-chat/policy-tracker/data/images/399/umobile.png
400,hello,11GB,auto_candidate,30000,110000,,2025-12-17 10:59:14,케이엘모바일_부성정책_ 12월 17일_ 8차 정책,"The 착한 데이터 유심 11GB 49390 | 15400 | 33.990 | 무제한 | 무제한 | 300 분 | 11066 |  g2ce+3Mbps | 30,000 110,000 30,000 110,000 *",/Users/jinwoo/Documents/Codex/2026-05-30/new-chat/policy-tracker/data/images/400/hello.png
400,hello,7GB,auto_candidate,30000,100000,,2025-12-17 10:59:14,케이엘모바일_부성정책_ 12월 17일_ 8차 정책,"DATA 걱 정 없는 유심 768 45,100 | 26600 | 18,500 | 무제한 | 무제한 | 300 분 | 708 ‘Mbps 30,000 100,000 * 30,000 100,000 *",/Users/jinwoo/Documents/Codex/2026-05-30/new-chat/policy-tracker/data/images/400/hello.png
400,sk7,11GB,auto_candidate,80000,120000,,2025-12-17 10:59:14,케이엘모바일_부성정책_ 12월 17일_ 8차 정책,"결 합 2068 LTE 알뜰 (1168+/ 통 화 맘껏) 49,060 | 36,140 무제한 | 무제한 | 300% 11GB | @2GB+3Mbps| 80,000 | 120,000 hk 80,000 | 120,000 kok | 80,000 | 120,000 kok",/Users/jinwoo/Documents/Codex/2026-05-30/new-chat/policy-tracker/data/images/400/sk7.png
400,skylife,7GB,auto_candidate,55000,90000,,2025-12-17 10:59:14,케이엘모바일_부성정책_ 12월 17일_ 8차 정책,"| 5GB 모 두 중 분 768+( 밀 리 의 서재) 16.200 무제한 무제한 ㅣ 300 분 7068 10665 |  55.000 90,000 55,000 90,000",/Users/jinwoo/Documents/Codex/2026-05-30/new-chat/policy-tracker/data/images/400/skylife.png
400,umobile,11GB,auto_candidate,55000,55000,,2025-12-17 10:59:14,케이엘모바일_부성정책_ 12월 17일_ 8차 정책,"2068 106 스페셜 34.900 무제한 무제한 | 300% | 1168+ 일 268 | 3Mbps | 55,000 55,000",/Users/jinwoo/Documents/Codex/2026-05-30/new-chat/policy-tracker/data/images/400/umobile.png
400,umobile,7GB,auto_candidate,55000,55000,,2025-12-17 10:59:14,케이엘모바일_부성정책_ 12월 17일_ 8차 정책,"이 동 의 즐거움 <- 패 스 (768+ 통 화 기 본) 18,600 무제한 무제한 ㅣ 300 분 768 Mbps | 55,000 55,000",/Users/jinwoo/Documents/Codex/2026-05-30/new-chat/policy-tracker/data/images/400/umobile.png
401,hello,11GB,auto_candidate,30000,110000,,2025-12-18 09:56:00,케이엘모바일_부성정책_ 12월 18일_ 9차 정책,"The 착한 데이터 유심 11GB 49390 | 15400 | 33.990 | 무제한 | 무제한 | 300 분 | 11066 |  g2ce+3Mbps | 30,000 110,000 30,000 110,000 *",/Users/jinwoo/Documents/Codex/2026-05-30/new-chat/policy-tracker/data/images/401/hello.png
401,hello,7GB,auto_candidate,30000,100000,,2025-12-18 09:56:00,케이엘모바일_부성정책_ 12월 18일_ 9차 정책,"DATA 걱 정 없는 유심 768 45,100 | 26600 | 18,500 | 무제한 | 무제한 | 300 분 | 708 ‘Mbps 30,000 100,000 * 30,000 100,000 *",/Users/jinwoo/Documents/Codex/2026-05-30/new-chat/policy-tracker/data/images/401/hello.png
401,sk7,11GB,auto_candidate,80000,120000,,2025-12-18 09:56:00,케이엘모바일_부성정책_ 12월 18일_ 9차 정책,"결 함 2008 00406 (11GB+) 54.560 | 41,200 무제한 | 무제한 | 300% 1166 | 일 268+314609 80,000 | 120,000",/Users/jinwoo/Documents/Codex/2026-05-30/new-chat/policy-tracker/data/images/401/sk7.png
401,sk7,7GB,auto_candidate,80000,110000,,2025-12-18 09:56:00,케이엘모바일_부성정책_ 12월 18일_ 9차 정책,"결 함 1068 ㅣ 글로벌 300 (768+/ 통 화 맘껏) 29,040 einen 무제한 | 무제한 | 300% | 708 1Mbps | 80,000 | 110,000 80,000 | 110,000 80,000 | 110,000",/Users/jinwoo/Documents/Codex/2026-05-30/new-chat/policy-tracker/data/images/401/sk7.png
401,skylife,7GB,auto_candidate,55000,90000,,2025-12-18 09:56:00,케이엘모바일_부성정책_ 12월 18일_ 9차 정책,"| 5GB 모 두 중 분 768+( 밀 리 의 서재) 16.200 무제한 무제한 ㅣ 300 분 7068 10665 |  55.000 90,000 55,000 90,000",/Users/jinwoo/Documents/Codex/2026-05-30/new-chat/policy-tracker/data/images/401/skylife.png
401,umobile,11GB,auto_candidate,55000,55000,,2025-12-18 09:56:00,케이엘모바일_부성정책_ 12월 18일_ 9차 정책,"2068 106 스페셜 34.900 무제한 무제한 | 300% | 1168+ 일 268 | 3Mbps | 55,000 55,000",/Users/jinwoo/Documents/Codex/2026-05-30/new-chat/policy-tracker/data/images/401/umobile.png
401,umobile,7GB,auto_candidate,55000,55000,,2025-12-18 09:56:00,케이엘모바일_부성정책_ 12월 18일_ 9차 정책,"이 동 의 즐거움 <- 패 스 (768+ 통 화 기 본) 18,600 무제한 무제한 ㅣ 300 분 768 Mbps | 55,000 55,000",/Users/jinwoo/Documents/Codex/2026-05-30/new-chat/policy-tracker/data/images/401/umobile.png
402,hello,11GB,auto_candidate,30000,110000,,2025-12-22 15:47:34,케이엘모바일_부성정책_ 12월 22일_ 10차 정책,"The 착한 데이터 유심 11GB 49390 | 15400 | 33.990 | 무제한 | 무제한 | 300 분 | 11066 |  g2ce+3Mbps | 30,000 110,000 30,000 110,000 *",/Users/jinwoo/Documents/Codex/2026-05-30/new-chat/policy-tracker/data/images/402/hello.png
402,hello,7GB,auto_candidate,30000,100000,,2025-12-22 15:47:34,케이엘모바일_부성정책_ 12월 22일_ 10차 정책,"DATA 걱 정 없는 유심 768 45,100 | 26600 | 18,500 | 무제한 | 무제한 | 300 분 | 708 ‘Mbps 30,000 100,000 * 30,000 100,000 *",/Users/jinwoo/Documents/Codex/2026-05-30/new-chat/policy-tracker/data/images/402/hello.png
402,sk7,11GB,auto_candidate,80000,120000,,2025-12-22 15:47:34,케이엘모바일_부성정책_ 12월 22일_ 10차 정책,"결 합 2068 CMLink (11GB+) 54,560 41,200 무제한 | 무제한 300 분 1168 | 42GB+3Mbps 80,000 | 120,000 kkk",/Users/jinwoo/Documents/Codex/2026-05-30/new-chat/policy-tracker/data/images/402/sk7.jpg
402,sk7,7GB,auto_candidate,80000,110000,,2025-12-22 15:47:34,케이엘모바일_부성정책_ 12월 22일_ 10차 정책,"결 합 1068 ㅣ 글로벌 300 (768+/ 통 화 맘껏) 29,040 무제한 | 무제한 | 300% 768 Mbps 80,000 | 110,000 | *** | 80,000 | 110,000 | xxx | 80,000 | 110,000 | xxx",/Users/jinwoo/Documents/Codex/2026-05-30/new-chat/policy-tracker/data/images/402/sk7.jpg
402,skylife,7GB,auto_candidate,55000,90000,,2025-12-22 15:47:34,케이엘모바일_부성정책_ 12월 22일_ 10차 정책,"| 5GB 모 두 중 분 768+( 밀 리 의 서재) 16.200 무제한 무제한 ㅣ 300 분 7068 10665 |  55.000 90,000 55,000 90,000",/Users/jinwoo/Documents/Codex/2026-05-30/new-chat/policy-tracker/data/images/402/skylife.png
402,umobile,11GB,auto_candidate,55000,55000,,2025-12-22 15:47:34,케이엘모바일_부성정책_ 12월 22일_ 10차 정책,"2068 106 스페셜 34.900 무제한 무제한 | 300% | 1168+ 일 268 | 3Mbps | 55,000 55,000",/Users/jinwoo/Documents/Codex/2026-05-30/new-chat/policy-tracker/data/images/402/umobile.png
402,umobile,7GB,auto_candidate,55000,55000,,2025-12-22 15:47:34,케이엘모바일_부성정책_ 12월 22일_ 10차 정책,"이 동 의 즐거움 <- 패 스 (768+ 통 화 기 본) 18,600 무제한 무제한 ㅣ 300 분 768 Mbps | 55,000 55,000",/Users/jinwoo/Documents/Codex/2026-05-30/new-chat/policy-tracker/data/images/402/umobile.png
403,hello,11GB,auto_candidate,30000,110000,,2025-12-23 10:58:59,케이엘모바일_부성정책_ 12월 23일_ 11차 정책,"쿠 폰 팩 데이터 더 주는 유심 1168 49,390 | 10,900 | 38,490 | 무제한 | 무제한 300% 11GB ‘22GB+3Mbps 30,000 110,000 30,000, 110,000",/Users/jinwoo/Documents/Codex/2026-05-30/new-chat/policy-tracker/data/images/403/hello.png
403,hello,7GB,auto_candidate,30000,100000,,2025-12-23 10:58:59,케이엘모바일_부성정책_ 12월 23일_ 11차 정책,"DATA 걱 정 없는 유심 768 45,100 | 26,600 | 18,500 | 무제한 | 무제한 300% 768 Mbps 30,000 100,000 30,000, 100,000",/Users/jinwoo/Documents/Codex/2026-05-30/new-chat/policy-tracker/data/images/403/hello.png
403,sk7,11GB,auto_candidate,80000,120000,,2025-12-23 10:58:59,케이엘모바일_부성정책_ 12월 23일_ 11차 정책,"결 합 1068 | 글로벌 300 (1168+/ 통 화 맘껏) 46,040 무제한 | 무제한 3008 1168 310605 80,000 | 120,000 | *%* ㅎ * ㅎ ** | 80,000 | 120,000 | * ㅎ *＊*** | 80,000 | 120,000 | ㅎㅎㅎ",/Users/jinwoo/Documents/Codex/2026-05-30/new-chat/policy-tracker/data/images/403/sk7.png
403,sk7,7GB,auto_candidate,80000,110000,,2025-12-23 10:58:59,케이엘모바일_부성정책_ 12월 23일_ 11차 정책,"결 합 1068 ㅣ 글로벌 300 (768+/ 통 화 맘껏) 29.040 무제한 | 무제한 | 300 분 768 ‘Mbps 80,000 | 110,000 | kx xxx | 80,000 | 110,000 | *%**** | 80,000 | 110,000 | kaw",/Users/jinwoo/Documents/Codex/2026-05-30/new-chat/policy-tracker/data/images/403/sk7.png
403,skylife,11GB,auto_candidate,75000,130000,,2025-12-23 10:58:59,케이엘모바일_부성정책_ 12월 23일_ 11차 정책,"20GB SKY 모두 충분 1168+( 밀 리 의 서재) | 34,000 무제한 | 무제한 300 분  |1168+ 일 268 3Mbps | 75,000 130,000 75,000 130,000",/Users/jinwoo/Documents/Codex/2026-05-30/new-chat/policy-tracker/data/images/403/skylife.png
403,umobile,11GB,auto_candidate,55000,55000,,2025-12-23 10:58:59,케이엘모바일_부성정책_ 12월 23일_ 11차 정책,"2068 106 스페셜 34.900 무제한 무제한 | 300% | 1168+ 일 268 | 3Mbps | 55,000 55,000",/Users/jinwoo/Documents/Codex/2026-05-30/new-chat/policy-tracker/data/images/403/umobile.png
403,umobile,7GB,auto_candidate,55000,55000,,2025-12-23 10:58:59,케이엘모바일_부성정책_ 12월 23일_ 11차 정책,"이 동 의 즐거움 <- 패 스 (768+ 통 화 기 본) 18,600 무제한 무제한 ㅣ 300 분 768 Mbps | 55,000 55,000",/Users/jinwoo/Documents/Codex/2026-05-30/new-chat/policy-tracker/data/images/403/umobile.png
404,hello,11GB,auto_candidate,30000,110000,,2025-12-24 11:35:28,케이엘모바일_부성정책_ 12월 24일_ 12차 정책,"~  데이터 더주는 유실 1168   49390 | 12400 | 36990 | east | 무제한 | 3008 | 7168:  wace+amip: | 30,000  110,000      30,000  110,000",/Users/jinwoo/Documents/Codex/2026-05-30/new-chat/policy-tracker/data/images/404/hello.jpg
404,sk7,11GB,auto_candidate,80000,120000,,2025-12-24 11:35:28,케이엘모바일_부성정책_ 12월 24일_ 12차 정책,"결 함 1068 | 글로벌 100 (1168+/ 통 화 맘껏) 무제한 | 무제한 | 300 분 | 1168 30665 | 80,000 | 120,000 iota 80,000 | 120,000 Se 80,000 | 120,000 piahalad",/Users/jinwoo/Documents/Codex/2026-05-30/new-chat/policy-tracker/data/images/404/sk7.png
404,sk7,7GB,auto_candidate,80000,110000,,2025-12-24 11:35:28,케이엘모바일_부성정책_ 12월 24일_ 12차 정책,"Wetiocs | 글로벌 300 (768+/ 통 화 맘껏) 29.040 무제한 | 무제한 | 300 분 | 708 70665 | 80,000 | 110,000 00000 80.000 | 110,000 0000 80.000 | 110,000 0000",/Users/jinwoo/Documents/Codex/2026-05-30/new-chat/policy-tracker/data/images/404/sk7.png
404,skylife,11GB,auto_candidate,75000,130000,,2025-12-24 11:35:28,케이엘모바일_부성정책_ 12월 24일_ 12차 정책,"20GB SKY 모두 충분 1168+( 밀 리 의 서재) | 34,000 무제한 | 무제한 300 분  |1168+ 일 268 3Mbps | 75,000 130,000 75,000 130,000",/Users/jinwoo/Documents/Codex/2026-05-30/new-chat/policy-tracker/data/images/404/skylife.png
404,umobile,11GB,auto_candidate,55000,55000,,2025-12-24 11:35:28,케이엘모바일_부성정책_ 12월 24일_ 12차 정책,"| ace | 이 동 의 즐거움 (<- 패 스 (7168+ 통 화 기 본) 무제한 무제한 | 300% | 1168+ 밀 208 | 3Mbps 55.000 55,000",/Users/jinwoo/Documents/Codex/2026-05-30/new-chat/policy-tracker/data/images/404/umobile.png
404,umobile,7GB,auto_candidate,55000,55000,,2025-12-24 11:35:28,케이엘모바일_부성정책_ 12월 24일_ 12차 정책,"| ss | LTE (768+/ 통 화 기 본) 18,600 무제한 무제한 | 300 분 768 ‘Mbps 55,000 55,000",/Users/jinwoo/Documents/Codex/2026-05-30/new-chat/policy-tracker/data/images/404/umobile.png
405,hello,11GB,auto_candidate,30000,110000,,2025-12-25 10:06:19,케이엘모바일_부성정책_ 12월 25일_ 13차 정책,"~  데이터 더주는 유실 1168   49390 | 12400 | 36990 | east | 무제한 | 3008 | 7168:  wace+amip: | 30,000  110,000      30,000  110,000",/Users/jinwoo/Documents/Codex/2026-05-30/new-chat/policy-tracker/data/images/405/hello.jpg
405,ktm,11GB,auto_candidate,70000,120000,,2025-12-25 10:06:19,케이엘모바일_부성정책_ 12월 25일_ 13차 정책,"20GB 모 두 다 맘껏 11GB+(BE FREE) 51,000 36,300 무제한 무제한 300 분 | 1168+ 일 206| 34605 70,000 120,000 ak 70,000 120,000 wk",/Users/jinwoo/Documents/Codex/2026-05-30/new-chat/policy-tracker/data/images/405/ktm.png
405,ktm,7GB,auto_candidate,70000,110000,,2025-12-25 10:06:19,케이엘모바일_부성정책_ 12월 25일_ 13차 정책,"5GB M 스폐셜 768( 지 니 뮤직) | 31,000 | 20,300 | 무제한 무제한 300 분 768 ‘Mbps 70,000 | 110,000 ak 70,000 110,000 **",/Users/jinwoo/Documents/Codex/2026-05-30/new-chat/policy-tracker/data/images/405/ktm.png
405,sk7,11GB,auto_candidate,80000,120000,,2025-12-25 10:06:19,케이엘모바일_부성정책_ 12월 25일_ 13차 정책,"결 랍 1068 | 글로벌 100 (1168+/ 동 화 맘껏) 무제한 | 무제한 | 300 분 | 1168 | 30605 | 80000 | 120,000 | ***%**| 80000 | 120000 | et | 80.000 | 120000 | **%***% | 기",/Users/jinwoo/Documents/Codex/2026-05-30/new-chat/policy-tracker/data/images/405/sk7.png
405,skylife,11GB,auto_candidate,75000,130000,,2025-12-25 10:06:19,케이엘모바일_부성정책_ 12월 25일_ 13차 정책,"20GB SKY 모두 충분 1168+( 밀 리 의 서재) | 34,000 무제한 | 무제한 300 분  |1168+ 일 268 3Mbps | 75,000 130,000 75,000 130,000",/Users/jinwoo/Documents/Codex/2026-05-30/new-chat/policy-tracker/data/images/405/skylife.png
405,umobile,11GB,auto_candidate,55000,55000,,2025-12-25 10:06:19,케이엘모바일_부성정책_ 12월 25일_ 13차 정책,"2068 이 동 의 즐거움 - 패 스 (7168+ 동 화 기 본) 34,900 무제한 무제한 | 300% | 1168+ 일 268 | 3665 | 55,000 55,000",/Users/jinwoo/Documents/Codex/2026-05-30/new-chat/policy-tracker/data/images/405/umobile.png
405,umobile,7GB,auto_candidate,55000,55000,,2025-12-25 10:06:19,케이엘모바일_부성정책_ 12월 25일_ 13차 정책,"sea LTE (768+/ 통 화 기 본) 18.600 무제한 무제한 | 300 분 768 ‘Mbps | 55,000 55,000",/Users/jinwoo/Documents/Codex/2026-05-30/new-chat/policy-tracker/data/images/405/umobile.png
406,hello,11GB,auto_candidate,30000,110000,,2025-12-27 10:41:42,케이엘모바일_부성정책_ 12월 27일_ 14차 정책,"~  데이터 더주는 유실 1168   49390 | 12400 | 36990 | east | 무제한 | 3008 | 7168:  wace+amip: | 30,000  110,000      30,000  110,000",/Users/jinwoo/Documents/Codex/2026-05-30/new-chat/policy-tracker/data/images/406/hello.jpg
406,ktm,11GB,auto_candidate,70000,120000,,2025-12-27 10:41:42,케이엘모바일_부성정책_ 12월 27일_ 14차 정책,"20GB 모 두 다 맘껏 11GB+(BE FREE) 51,000 36,300 무제한 무제한 300 분 | 1168+ 일 206| 34605 70,000 120,000 ak 70,000 120,000 wk",/Users/jinwoo/Documents/Codex/2026-05-30/new-chat/policy-tracker/data/images/406/ktm.png
406,ktm,7GB,auto_candidate,70000,110000,,2025-12-27 10:41:42,케이엘모바일_부성정책_ 12월 27일_ 14차 정책,"5GB M 스폐셜 768( 지 니 뮤직) | 31,000 | 20,300 | 무제한 무제한 300 분 768 ‘Mbps 70,000 | 110,000 ak 70,000 110,000 **",/Users/jinwoo/Documents/Codex/2026-05-30/new-chat/policy-tracker/data/images/406/ktm.png
406,sk7,11GB,auto_candidate,80000,120000,,2025-12-27 10:41:42,케이엘모바일_부성정책_ 12월 27일_ 14차 정책,"결 랍 1068 | 글로벌 100 (1168+/ 동 화 맘껏) 무제한 | 무제한 | 300 분 | 1168 | 30605 | 80000 | 120,000 | ***%**| 80000 | 120000 | et | 80.000 | 120000 | **%***% | 기",/Users/jinwoo/Documents/Codex/2026-05-30/new-chat/policy-tracker/data/images/406/sk7.png
406,skylife,11GB,auto_candidate,75000,130000,,2025-12-27 10:41:42,케이엘모바일_부성정책_ 12월 27일_ 14차 정책,"20GB SKY 모두 충분 1168+( 밀 리 의 서재) | 34,000 무제한 | 무제한 300 분  |1168+ 일 268 3Mbps | 75,000 130,000 75,000 130,000",/Users/jinwoo/Documents/Codex/2026-05-30/new-chat/policy-tracker/data/images/406/skylife.png
406,umobile,11GB,auto_candidate,55000,55000,,2025-12-27 10:41:42,케이엘모바일_부성정책_ 12월 27일_ 14차 정책,"2068 이 동 의 즐거움 - 패 스 (7168+ 동 화 기 본) 34,900 무제한 무제한 | 300% | 1168+ 일 268 | 3665 | 55,000 55,000",/Users/jinwoo/Documents/Codex/2026-05-30/new-chat/policy-tracker/data/images/406/umobile.png
406,umobile,7GB,auto_candidate,55000,55000,,2025-12-27 10:41:42,케이엘모바일_부성정책_ 12월 27일_ 14차 정책,"sea LTE (768+/ 통 화 기 본) 18.600 무제한 무제한 | 300 분 768 ‘Mbps | 55,000 55,000",/Users/jinwoo/Documents/Codex/2026-05-30/new-chat/policy-tracker/data/images/406/umobile.png
407,hello,11GB,auto_candidate,30000,110000,,2025-12-28 15:06:32,케이엘모바일_부성정책_ 12월 28일_ 15차 정책,"~  데이터 더주는 유실 1168   49390 | 12400 | 36990 | east | 무제한 | 3008 | 7168:  wace+amip: | 30,000  110,000      30,000  110,000",/Users/jinwoo/Documents/Codex/2026-05-30/new-chat/policy-tracker/data/images/407/hello.jpg
407,ktm,11GB,auto_candidate,70000,120000,,2025-12-28 15:06:32,케이엘모바일_부성정책_ 12월 28일_ 15차 정책,"20GB 모 두 다 맘껏 11GB+(BE FREE) 51,000 36,300 무제한 무제한 300 분 | 1168+ 일 206| 34605 70,000 120,000 ak 70,000 120,000 wk",/Users/jinwoo/Documents/Codex/2026-05-30/new-chat/policy-tracker/data/images/407/ktm.png
407,ktm,7GB,auto_candidate,70000,110000,,2025-12-28 15:06:32,케이엘모바일_부성정책_ 12월 28일_ 15차 정책,"5GB M 스폐셜 768( 지 니 뮤직) | 31,000 | 20,300 | 무제한 무제한 300 분 768 ‘Mbps 70,000 | 110,000 ak 70,000 110,000 **",/Users/jinwoo/Documents/Codex/2026-05-30/new-chat/policy-tracker/data/images/407/ktm.png
407,sk7,11GB,auto_candidate,80000,80000,,2025-12-28 15:06:32,케이엘모바일_부성정책_ 12월 28일_ 15차 정책,"결 합 1066 | 글로벌 100 (1168+/ 통 화 맘껏) 41,640 무제한 | 무제한 ㅣ 300 분 1168 3Mbps 80,000 80,000 80,000 1",/Users/jinwoo/Documents/Codex/2026-05-30/new-chat/policy-tracker/data/images/407/sk7.png
407,sk7,7GB,auto_candidate,80000,80000,,2025-12-28 15:06:32,케이엘모바일_부성정책_ 12월 28일_ 15차 정책,"‘Bthoce | 글로벌 300 (768+/ 통 화 맘껏) 29,040 무제한 | 무제한 ㅣ 300 분 768 Mbps 80,000 80,000 80,000",/Users/jinwoo/Documents/Codex/2026-05-30/new-chat/policy-tracker/data/images/407/sk7.png
407,skylife,11GB,auto_candidate,75000,130000,,2025-12-28 15:06:32,케이엘모바일_부성정책_ 12월 28일_ 15차 정책,"20GB SKY 모두 충분 1168+( 밀 리 의 서재) | 34,000 무제한 | 무제한 300 분  |1168+ 일 268 3Mbps | 75,000 130,000 75,000 130,000",/Users/jinwoo/Documents/Codex/2026-05-30/new-chat/policy-tracker/data/images/407/skylife.png
407,umobile,11GB,auto_candidate,55000,55000,,2025-12-28 15:06:32,케이엘모바일_부성정책_ 12월 28일_ 15차 정책,"2068 이 동 의 즐거움 - 패 스 (7168+ 동 화 기 본) 34,900 무제한 무제한 | 300% | 1168+ 일 268 | 3665 | 55,000 55,000",/Users/jinwoo/Documents/Codex/2026-05-30/new-chat/policy-tracker/data/images/407/umobile.png
407,umobile,7GB,auto_candidate,55000,55000,,2025-12-28 15:06:32,케이엘모바일_부성정책_ 12월 28일_ 15차 정책,"sea LTE (768+/ 통 화 기 본) 18.600 무제한 무제한 | 300 분 768 ‘Mbps | 55,000 55,000",/Users/jinwoo/Documents/Codex/2026-05-30/new-chat/policy-tracker/data/images/407/umobile.png
408,hello,11GB,auto_candidate,30000,110000,,2025-12-30 09:56:24,케이엘모바일_부성정책_ 12월 30일_ 16차 정책(수정),"~  데이터 더주는 유실 1168   49390 | 12400 | 36990 | east | 무제한 | 3008 | 7168:  wace+amip: | 30,000  110,000      30,000  110,000",/Users/jinwoo/Documents/Codex/2026-05-30/new-chat/policy-tracker/data/images/408/hello.jpg
408,ktm,11GB,auto_candidate,70000,120000,,2025-12-30 09:56:24,케이엘모바일_부성정책_ 12월 30일_ 16차 정책(수정),"20GB 모 두 다 맘껏 11GB+(BE FREE) 51,000 36,300 무제한 무제한 300 분 | 1168+ 일 206| 34605 70,000 120,000 ak 70,000 120,000 wk",/Users/jinwoo/Documents/Codex/2026-05-30/new-chat/policy-tracker/data/images/408/ktm.png
408,ktm,7GB,auto_candidate,70000,110000,,2025-12-30 09:56:24,케이엘모바일_부성정책_ 12월 30일_ 16차 정책(수정),"5GB M 스폐셜 768( 지 니 뮤직) | 31,000 | 20,300 | 무제한 무제한 300 분 768 ‘Mbps 70,000 | 110,000 ak 70,000 110,000 **",/Users/jinwoo/Documents/Codex/2026-05-30/new-chat/policy-tracker/data/images/408/ktm.png
408,sk7,11GB,auto_candidate,80000,120000,,2025-12-30 09:56:24,케이엘모바일_부성정책_ 12월 30일_ 16차 정책(수정),"국 제 전화 결 합 1068 | 글로벌 100 (1168+/ 통 화 맘껏) 41,640 무제한 | 무제한 | 3008 11GB 3Mbps_ 80,000 | 120,000 | %**** | 80,000 | 120,000 | ***** | 80,000 | 120,000 etm 면제",/Users/jinwoo/Documents/Codex/2026-05-30/new-chat/policy-tracker/data/images/408/sk7.png
408,sk7,7GB,auto_candidate,80000,110000,,2025-12-30 09:56:24,케이엘모바일_부성정책_ 12월 30일_ 16차 정책(수정),"결 합 1068 | 글로벌 300 (768+/ 통 화 맘껏) 29,040 GEES 무제한 | 무제한 | 3008 768 Mbps, 80,000 | 110,000 | *****＊ 80,000 | 110,000 | xx xxx | 80,000 | 110,000 | See aad",/Users/jinwoo/Documents/Codex/2026-05-30/new-chat/policy-tracker/data/images/408/sk7.png
408,skylife,11GB,auto_candidate,65000,120000,,2025-12-30 09:56:24,케이엘모바일_부성정책_ 12월 30일_ 16차 정책(수정),"20GB SKY 모두 충분 1168+( 밀 리 의 서재) 34,000 무제한 무제한 300 분 |1168+ 일 208|  3Mbps 65,000 120,000 65,000 120,000",/Users/jinwoo/Documents/Codex/2026-05-30/new-chat/policy-tracker/data/images/408/skylife.png
408,skylife,7GB,auto_candidate,55000,110000,,2025-12-30 09:56:24,케이엘모바일_부성정책_ 12월 30일_ 16차 정책(수정),"5GB SKY 모두 충분 768+( 밀 리 의 서재) 17,900 무제한 무제한 300 분 768 ‘Mbps 55,000 110,000 55,000 110,000",/Users/jinwoo/Documents/Codex/2026-05-30/new-chat/policy-tracker/data/images/408/skylife.png
408,umobile,7GB,auto_candidate,55000,55000,,2025-12-30 09:56:24,케이엘모바일_부성정책_ 12월 30일_ 16차 정책(수정),"| | LTE (768+/ 통 화 기 본) 18,600 무제한 무제한 | 300 분 768 ‘Mbps 55,000 55,000",/Users/jinwoo/Documents/Codex/2026-05-30/new-chat/policy-tracker/data/images/408/umobile.png
409,hello,11GB,auto_candidate,30000,100000,,2026-01-01 14:28:20,케이엘모바일_부성정책_ 1월 1일_ 1차 정책,"쿠 폰 팩 데이터 더 주는 유심 11GB | 49,390, 10,900 | 38,490 무제한 무제한 300 분 1168 일 268+364605 30,000 100,000 30,000 100,000",/Users/jinwoo/Documents/Codex/2026-05-30/new-chat/policy-tracker/data/images/409/hello.png
409,hello,7GB,auto_candidate,30000,90000,,2026-01-01 14:28:20,케이엘모바일_부성정책_ 1월 1일_ 1차 정책,"DATA 걱 정 없는 FH 768 | 45,100 26,600 | 18,500 무제한 무제한 300 분 768 Mbps 30,000 90,000 30,000 90,000",/Users/jinwoo/Documents/Codex/2026-05-30/new-chat/policy-tracker/data/images/409/hello.png
409,ktm,7GB,auto_candidate,60000,110000,,2026-01-01 14:28:20,케이엘모바일_부성정책_ 1월 1일_ 1차 정책,"5068 | MAMA 760( 밀 리 의 서재) 31000 | 17900 | - 무 제한 무제한 300 분 768 ‘Mbps 60,000 110,000 60,000 110,000",/Users/jinwoo/Documents/Codex/2026-05-30/new-chat/policy-tracker/data/images/409/ktm.png
409,sk7,11GB,auto_candidate,80000,120000,,2026-01-01 14:28:20,케이엘모바일_부성정책_ 1월 1일_ 1차 정책,"106 BH 1168+/ 동 화 맘껏) | 49.060 | 36,140 무제한 80000 | 120,000 ㆍ 회선 정상 유 지 시 2 월 ~7 월 요금 SPA 할인",/Users/jinwoo/Documents/Codex/2026-05-30/new-chat/policy-tracker/data/images/409/sk7.png
409,skylife,11GB,auto_candidate,85000,120000,,2026-01-01 14:28:20,케이엘모바일_부성정책_ 1월 1일_ 1차 정책,"SKY BS 충분 1166+( 모 아진) 34,000 무제한 무제한 300%  |1168+ 일 208| 34605 85,000 120,000 85,000 120,000",/Users/jinwoo/Documents/Codex/2026-05-30/new-chat/policy-tracker/data/images/409/skylife.png
409,skylife,7GB,auto_candidate,75000,110000,,2026-01-01 14:28:20,케이엘모바일_부성정책_ 1월 1일_ 1차 정책,"SKY BE 충분 768+( 모 아진) 17,900 무제한 무제한 300 분 768 1Mbps 75,000 110,000 75,000 110,000",/Users/jinwoo/Documents/Codex/2026-05-30/new-chat/policy-tracker/data/images/409/skylife.png
409,umobile,7GB,auto_candidate,55000,99000,,2026-01-01 14:28:20,케이엘모바일_부성정책_ 1월 1일_ 1차 정책,"568 LTE (768+/ 통 화 기 본) 18,600 무제한 무제한 300% 7GB ‘Mbps 55,000 99,000 55,000 99,000 |",/Users/jinwoo/Documents/Codex/2026-05-30/new-chat/policy-tracker/data/images/409/umobile.png
410,hello,11GB,auto_candidate,30000,100000,,2026-01-03 10:23:09,케이엘모바일_부성정책_ 1월 3일_ 2차 정책,"쿠 폰 팩 데이터 더 주는 유심 11GB | 49,390, 10,900 | 38,490 무제한 무제한 300 분 1168 일 268+364605 30,000 100,000 30,000 100,000",/Users/jinwoo/Documents/Codex/2026-05-30/new-chat/policy-tracker/data/images/410/hello.png
410,hello,7GB,auto_candidate,30000,90000,,2026-01-03 10:23:09,케이엘모바일_부성정책_ 1월 3일_ 2차 정책,"DATA 걱 정 없는 FH 768 | 45,100 26,600 | 18,500 무제한 무제한 300 분 768 Mbps 30,000 90,000 30,000 90,000",/Users/jinwoo/Documents/Codex/2026-05-30/new-chat/policy-tracker/data/images/410/hello.png
410,ktm,7GB,auto_candidate,60000,110000,,2026-01-03 10:23:09,케이엘모바일_부성정책_ 1월 3일_ 2차 정책,"5068 | MAMA 760( 밀 리 의 서재) 31000 | 17900 | - 무 제한 무제한 300 분 768 ‘Mbps 60,000 110,000 60,000 110,000",/Users/jinwoo/Documents/Codex/2026-05-30/new-chat/policy-tracker/data/images/410/ktm.png
410,sk7,11GB,auto_candidate,80000,120000,,2026-01-03 10:23:09,케이엘모바일_부성정책_ 1월 3일_ 2차 정책,"106 BH 1168+/ 동 화 맘껏) | 49.060 | 36,140 무제한 80000 | 120,000 ㆍ 회선 정상 유 지 시 2 월 ~7 월 요금 SPA 할인",/Users/jinwoo/Documents/Codex/2026-05-30/new-chat/policy-tracker/data/images/410/sk7.png
410,skylife,11GB,auto_candidate,85000,120000,,2026-01-03 10:23:09,케이엘모바일_부성정책_ 1월 3일_ 2차 정책,"SKY BS 충분 1166+( 모 아진) 34,000 무제한 무제한 300%  |1168+ 일 208| 34605 85,000 120,000 85,000 120,000",/Users/jinwoo/Documents/Codex/2026-05-30/new-chat/policy-tracker/data/images/410/skylife.png
410,skylife,7GB,auto_candidate,75000,110000,,2026-01-03 10:23:09,케이엘모바일_부성정책_ 1월 3일_ 2차 정책,"SKY BE 충분 768+( 모 아진) 17,900 무제한 무제한 300 분 768 1Mbps 75,000 110,000 75,000 110,000",/Users/jinwoo/Documents/Codex/2026-05-30/new-chat/policy-tracker/data/images/410/skylife.png
410,umobile,7GB,auto_candidate,55000,99000,,2026-01-03 10:23:09,케이엘모바일_부성정책_ 1월 3일_ 2차 정책,"568 LTE (768+/ 통 화 기 본) 18,600 무제한 무제한 300% 7GB ‘Mbps 55,000 99,000 55,000 99,000 |",/Users/jinwoo/Documents/Codex/2026-05-30/new-chat/policy-tracker/data/images/410/umobile.png
411,hello,11GB,auto_candidate,30000,100000,,2026-01-09 10:53:30,케이엘모바일_부성정책_ 1월 9일_ 3차 정책,"쿠 폰 팩 데이터 더 주는 유심 11GB | 49,390, 10,900 | 38,490 무제한 무제한 300 분 1168 일 268+364605 30,000 100,000 30,000 100,000",/Users/jinwoo/Documents/Codex/2026-05-30/new-chat/policy-tracker/data/images/411/hello.png
411,hello,7GB,auto_candidate,30000,90000,,2026-01-09 10:53:30,케이엘모바일_부성정책_ 1월 9일_ 3차 정책,"DATA 걱 정 없는 FH 768 | 45,100 26,600 | 18,500 무제한 무제한 300 분 768 Mbps 30,000 90,000 30,000 90,000",/Users/jinwoo/Documents/Codex/2026-05-30/new-chat/policy-tracker/data/images/411/hello.png
411,ktm,7GB,auto_candidate,60000,110000,,2026-01-09 10:53:30,케이엘모바일_부성정책_ 1월 9일_ 3차 정책,"5068 | MAMA 760( 밀 리 의 서재) 31000 | 17900 | - 무 제한 무제한 300 분 768 ‘Mbps 60,000 110,000 60,000 110,000",/Users/jinwoo/Documents/Codex/2026-05-30/new-chat/policy-tracker/data/images/411/ktm.png
411,sk7,11GB,auto_candidate,80000,120000,,2026-01-09 10:53:30,케이엘모바일_부성정책_ 1월 9일_ 3차 정책,"106 BH 1168+/ 동 화 맘껏) | 49.060 | 36,140 무제한 80000 | 120,000 ㆍ 회선 정상 유 지 시 2 월 ~7 월 요금 SPA 할인",/Users/jinwoo/Documents/Codex/2026-05-30/new-chat/policy-tracker/data/images/411/sk7.png
411,skylife,11GB,auto_candidate,85000,120000,,2026-01-09 10:53:30,케이엘모바일_부성정책_ 1월 9일_ 3차 정책,"SKY BS 충분 1166+( 모 아진) 34,000 무제한 무제한 300%  |1168+ 일 208| 34605 85,000 120,000 85,000 120,000",/Users/jinwoo/Documents/Codex/2026-05-30/new-chat/policy-tracker/data/images/411/skylife.png
411,skylife,7GB,auto_candidate,75000,110000,,2026-01-09 10:53:30,케이엘모바일_부성정책_ 1월 9일_ 3차 정책,"SKY BE 충분 768+( 모 아진) 17,900 무제한 무제한 300 분 768 1Mbps 75,000 110,000 75,000 110,000",/Users/jinwoo/Documents/Codex/2026-05-30/new-chat/policy-tracker/data/images/411/skylife.png
411,umobile,7GB,auto_candidate,55000,99000,,2026-01-09 10:53:30,케이엘모바일_부성정책_ 1월 9일_ 3차 정책,"568 LTE (768+/ 통 화 기 본) 18,600 무제한 무제한 300% 7GB ‘Mbps 55,000 99,000 55,000 99,000 |",/Users/jinwoo/Documents/Codex/2026-05-30/new-chat/policy-tracker/data/images/411/umobile.png
412,hello,11GB,auto_candidate,30000,100000,,2026-01-10 11:52:40,케이엘모바일_부성정책_ 1월 10일_ 4차 정책,"쿠 폰 팩 데이터 더 주는 유심 11GB | 49,390, 10,900 | 38,490 무제한 무제한 300 분 1168 일 268+364605 30,000 100,000 30,000 100,000",/Users/jinwoo/Documents/Codex/2026-05-30/new-chat/policy-tracker/data/images/412/hello.png
412,hello,7GB,auto_candidate,30000,90000,,2026-01-10 11:52:40,케이엘모바일_부성정책_ 1월 10일_ 4차 정책,"DATA 걱 정 없는 FH 768 | 45,100 26,600 | 18,500 무제한 무제한 300 분 768 Mbps 30,000 90,000 30,000 90,000",/Users/jinwoo/Documents/Codex/2026-05-30/new-chat/policy-tracker/data/images/412/hello.png
412,ktm,7GB,auto_candidate,60000,110000,,2026-01-10 11:52:40,케이엘모바일_부성정책_ 1월 10일_ 4차 정책,"5068 | MAMA 760( 밀 리 의 서재) 31000 | 17900 | - 무 제한 무제한 300 분 768 ‘Mbps 60,000 110,000 60,000 110,000",/Users/jinwoo/Documents/Codex/2026-05-30/new-chat/policy-tracker/data/images/412/ktm.png
412,sk7,11GB,auto_candidate,80000,120000,,2026-01-10 11:52:40,케이엘모바일_부성정책_ 1월 10일_ 4차 정책,"106 BH 1168+/ 동 화 맘껏) | 49.060 | 36,140 무제한 80000 | 120,000 ㆍ 회선 정상 유 지 시 2 월 ~7 월 요금 SPA 할인",/Users/jinwoo/Documents/Codex/2026-05-30/new-chat/policy-tracker/data/images/412/sk7.png
412,skylife,11GB,auto_candidate,85000,120000,,2026-01-10 11:52:40,케이엘모바일_부성정책_ 1월 10일_ 4차 정책,"SKY BS 충분 1166+( 모 아진) 34,000 무제한 무제한 300%  |1168+ 일 208| 34605 85,000 120,000 85,000 120,000",/Users/jinwoo/Documents/Codex/2026-05-30/new-chat/policy-tracker/data/images/412/skylife.png
412,skylife,7GB,auto_candidate,75000,110000,,2026-01-10 11:52:40,케이엘모바일_부성정책_ 1월 10일_ 4차 정책,"SKY BE 충분 768+( 모 아진) 17,900 무제한 무제한 300 분 768 1Mbps 75,000 110,000 75,000 110,000",/Users/jinwoo/Documents/Codex/2026-05-30/new-chat/policy-tracker/data/images/412/skylife.png
412,umobile,7GB,auto_candidate,55000,99000,,2026-01-10 11:52:40,케이엘모바일_부성정책_ 1월 10일_ 4차 정책,"568 LTE (768+/ 통 화 기 본) 18,600 무제한 무제한 300% 7GB ‘Mbps 55,000 99,000 55,000 99,000 |",/Users/jinwoo/Documents/Codex/2026-05-30/new-chat/policy-tracker/data/images/412/umobile.png
413,hello,11GB,auto_candidate,30000,100000,,2026-01-12 10:15:54,케이엘모바일_부성정책_ 1월 12일_ 5차 정책,"쿠 폰 팩 데이터 더 주는 유심 1168 | 49,390 10,900 38,490 무제한 | 무제한 300 분 1168 ‘U2GB+3Mbps 30,000 100,000 30,000 100,000 ||",/Users/jinwoo/Documents/Codex/2026-05-30/new-chat/policy-tracker/data/images/413/hello.png
413,hello,7GB,auto_candidate,30000,80000,,2026-01-12 10:15:54,케이엘모바일_부성정책_ 1월 12일_ 5차 정책,"데이터 더 주는 유심 768 | 45,100 | 23,600 | 250 | 무제한 | 무제한 | 300 분 768 ‘Mbps. 30,000 80,000 30,000 80,000 ||",/Users/jinwoo/Documents/Codex/2026-05-30/new-chat/policy-tracker/data/images/413/hello.png
413,ktm,11GB,auto_candidate,60000,120000,,2026-01-12 10:15:54,케이엘모바일_부성정책_ 1월 12일_ 5차 정책,"2008 | - 모 두다 맘껏 1168+( 웨 이브 베이직) | 51,000 | 36600 | 무제한 | sme | 300%  |1700+ 일 208| 34006 60,000 120,000 | xx 60,000 120,000 **",/Users/jinwoo/Documents/Codex/2026-05-30/new-chat/policy-tracker/data/images/413/ktm.png
413,ktm,7GB,auto_candidate,60000,110000,,2026-01-12 10:15:54,케이엘모바일_부성정책_ 1월 12일_ 5차 정책,"508 M 스페셜 768( 밀 리 의 서재) 31000 | 17,900 | aie | 무제한 300% 768 1Mbps 60,000 110,000 | xx | 60,000 110,000 ok",/Users/jinwoo/Documents/Codex/2026-05-30/new-chat/policy-tracker/data/images/413/ktm.png
413,sk7,7GB,auto_candidate,80000,110000,,2026-01-12 10:15:54,케이엘모바일_부성정책_ 1월 12일_ 5차 정책,"결 합 1066｜ 글로벌 100 (768+/ 통 화 맘껏) 2460 | 1900 | 그 | 우 제한 | 무제한 | 300 분 | 768 10665 | 80,000 | 110,000 | ***** | 80,000 | 110,000 | kee ㆍ 점 지 , 해지, 요금제 변 경 시 프로모션 미적용",/Users/jinwoo/Documents/Codex/2026-05-30/new-chat/policy-tracker/data/images/413/sk7.png
413,skylife,11GB,auto_candidate,85000,120000,,2026-01-12 10:15:54,케이엘모바일_부성정책_ 1월 12일_ 5차 정책,"| 2008 SKY 모두 충분 1168+( 모 아진) 34,000 무제한 무제한 300%  |1168+ 일 268 3Mbps 85.000 120.000 85000 | 120,000 | kk",/Users/jinwoo/Documents/Codex/2026-05-30/new-chat/policy-tracker/data/images/413/skylife.png
413,umobile,11GB,auto_candidate,55000,110000,,2026-01-12 10:15:54,케이엘모바일_부성정책_ 1월 12일_ 5차 정책,"2008 이 동 의 즐거움 (<- 패 스 (7168+ 통 화 기 본) 34,900 | 무제한 무제한 | 300 분 | 1168+ 일 268 | 3Mbps 55,000 | 110,000 tO 55,000 110,000 ***",/Users/jinwoo/Documents/Codex/2026-05-30/new-chat/policy-tracker/data/images/413/umobile.png
413,umobile,7GB,auto_candidate,55000,99000,,2026-01-12 10:15:54,케이엘모바일_부성정책_ 1월 12일_ 5차 정책,"568 이 동 의 즐거움 (- 패 스 (768+ 통 화 기 본) 18,600 | 무제한 무제한 | 300 분 | 7068 ‘Mbps 55,000 | 99,000 tk 55,000 99,000 ***",/Users/jinwoo/Documents/Codex/2026-05-30/new-chat/policy-tracker/data/images/413/umobile.png
414,hello,11GB,auto_candidate,30000,100000,,2026-01-14 10:16:02,케이엘모바일_부성정책_ 1월 14일_ 6차 정책,"쿠 폰 팩 데이터 더 주는 유심 1168 | 49,390 10,900 38,490 무제한 | 무제한 300 분 1168 ‘U2GB+3Mbps 30,000 100,000 30,000 100,000 ||",/Users/jinwoo/Documents/Codex/2026-05-30/new-chat/policy-tracker/data/images/414/hello.png
414,hello,7GB,auto_candidate,30000,80000,,2026-01-14 10:16:02,케이엘모바일_부성정책_ 1월 14일_ 6차 정책,"데이터 더 주는 유심 768 | 45,100 | 23,600 | 250 | 무제한 | 무제한 | 300 분 768 ‘Mbps. 30,000 80,000 30,000 80,000 ||",/Users/jinwoo/Documents/Codex/2026-05-30/new-chat/policy-tracker/data/images/414/hello.png
414,ktm,7GB,auto_candidate,60000,110000,,2026-01-14 10:16:02,케이엘모바일_부성정책_ 1월 14일_ 6차 정책,"508 M 스페셜 768( 밀 리 의 서재) 31000 | 17,900 | exit | 무제한 300% 768 1Mbps 60,000 110,000 xx 60,000 110,000 ak",/Users/jinwoo/Documents/Codex/2026-05-30/new-chat/policy-tracker/data/images/414/ktm.png
414,sk7,11GB,auto_candidate,80000,120000,,2026-01-14 10:16:02,케이엘모바일_부성정책_ 1월 14일_ 6차 정책,"걸 한 1068 글로벌 300 (1084/82) 4600 | 3610 | 무제한 | 무제한 | 300 분 | 1168 | ambos | 80000 | 120,000 | xxx | 80000 | 120,000 | sate 22 281 요금 Ue ZEON",/Users/jinwoo/Documents/Codex/2026-05-30/new-chat/policy-tracker/data/images/414/sk7.png
414,sk7,7GB,auto_candidate,80000,110000,,2026-01-14 10:16:02,케이엘모바일_부성정책_ 1월 14일_ 6차 정책,"wuss) 글로벌 100 (768+/ 동 화 맘껏) 24640 | 9“ | SSE SENS | one | eas | soe | 76a | | 1066 | 80000 | 110.000 | *****| 80000 | 110000 | aka ㆍ 점 지 , 해지, 요금제 HA 프로모션 미적용",/Users/jinwoo/Documents/Codex/2026-05-30/new-chat/policy-tracker/data/images/414/sk7.png
414,skylife,11GB,auto_candidate,75000,120000,,2026-01-14 10:16:02,케이엘모바일_부성정책_ 1월 14일_ 6차 정책,"20GB SKY 모두 충분 1168+( 밀 리 의 서재) ㅣ 34,000 무제한 무제한 300%  |1168+ 일 208| 34605 75,000 120,000 | 75,000 120,000 | |",/Users/jinwoo/Documents/Codex/2026-05-30/new-chat/policy-tracker/data/images/414/skylife.png
415,hello,11GB,auto_candidate,30000,100000,,2026-01-15 10:05:58,케이엘모바일_부성정책_ 1월 15일_ 7차 정책,"쿠 폰 팩 데이터 더 주는 유심 1168 | 49,390 10,900 38,490 무제한 | 무제한 300 분 1168 ‘U2GB+3Mbps 30,000 100,000 30,000 100,000 ||",/Users/jinwoo/Documents/Codex/2026-05-30/new-chat/policy-tracker/data/images/415/hello.png
415,hello,7GB,auto_candidate,30000,80000,,2026-01-15 10:05:58,케이엘모바일_부성정책_ 1월 15일_ 7차 정책,"데이터 더 주는 유심 768 | 45,100 | 23,600 | 250 | 무제한 | 무제한 | 300 분 768 ‘Mbps. 30,000 80,000 30,000 80,000 ||",/Users/jinwoo/Documents/Codex/2026-05-30/new-chat/policy-tracker/data/images/415/hello.png
415,ktm,7GB,auto_candidate,60000,110000,,2026-01-15 10:05:58,케이엘모바일_부성정책_ 1월 15일_ 7차 정책,"508 M 스페셜 768( 밀 리 의 서재) 31000 | 17,900 | exit | 무제한 300% 768 1Mbps 60,000 110,000 xx 60,000 110,000 ak",/Users/jinwoo/Documents/Codex/2026-05-30/new-chat/policy-tracker/data/images/415/ktm.png
415,sk7,11GB,auto_candidate,80000,120000,,2026-01-15 10:05:58,케이엘모바일_부성정책_ 1월 15일_ 7차 정책,"결 한 1098 | 글로벌 300 (1108+/ 동 화 맘껏) 46,040 enet | 무제한 | 300 분 | 1168 | mbps | 80000 | 120000 | *** | 20000 | 120000 | sax 28 229 22 il 프 오 오산",/Users/jinwoo/Documents/Codex/2026-05-30/new-chat/policy-tracker/data/images/415/sk7.png
415,sk7,7GB,auto_candidate,80000,110000,,2026-01-15 10:05:58,케이엘모바일_부성정책_ 1월 15일_ 7차 정책,"결 한 1068 | 글로벌 300 (708+/ 동 화 맘껏) 29,040 | coat | gaat | 300 분 | 768 | imbps | 80000 | 110.000 | *** | 80,000 | 110.000 | ie 할인 aeae",/Users/jinwoo/Documents/Codex/2026-05-30/new-chat/policy-tracker/data/images/415/sk7.png
415,skylife,11GB,auto_candidate,75000,120000,,2026-01-15 10:05:58,케이엘모바일_부성정책_ 1월 15일_ 7차 정책,"SKY 모두 충분 1168+( 밀 리 의 서재) 34,000 무제한 무제한 300%  |1168+ 일 208| 31665 75,000 120,000 75,000 120,000",/Users/jinwoo/Documents/Codex/2026-05-30/new-chat/policy-tracker/data/images/415/skylife.png
415,skylife,7GB,auto_candidate,65000,110000,,2026-01-15 10:05:58,케이엘모바일_부성정책_ 1월 15일_ 7차 정책,"SKY BE SH 768+( 밀 리 의 서재) 17,900 무제한 무제한 300 분 708 ‘Mbps 65,000 110,000 65,000 110,000",/Users/jinwoo/Documents/Codex/2026-05-30/new-chat/policy-tracker/data/images/415/skylife.png
416,hello,11GB,auto_candidate,30000,100000,,2026-01-23 11:02:47,케이엘모바일_부성정책_ 1월 23일_ 8차 정책,"쿠 폰 팩 데이터 더 주는 유심 1168 | 49,390 10,900 38,490 무제한 | 무제한 300 분 1168 ‘U2GB+3Mbps 30,000 100,000 30,000 100,000 ||",/Users/jinwoo/Documents/Codex/2026-05-30/new-chat/policy-tracker/data/images/416/hello.png
416,hello,7GB,auto_candidate,30000,80000,,2026-01-23 11:02:47,케이엘모바일_부성정책_ 1월 23일_ 8차 정책,"데이터 더 주는 유심 768 | 45,100 | 23,600 | 250 | 무제한 | 무제한 | 300 분 768 ‘Mbps. 30,000 80,000 30,000 80,000 ||",/Users/jinwoo/Documents/Codex/2026-05-30/new-chat/policy-tracker/data/images/416/hello.png
416,ktm,11GB,auto_candidate,60000,120000,,2026-01-23 11:02:47,케이엘모바일_부성정책_ 1월 23일_ 8차 정책,"2008 1 프리미엄 1168( 밀 리 의 서재) 45,900 34,000 무제한 무제한 300%  |1168+ 일 268| 34005 60,000 120,000 FOI 60,000 120,000 FOI",/Users/jinwoo/Documents/Codex/2026-05-30/new-chat/policy-tracker/data/images/416/ktm.png
416,ktm,7GB,auto_candidate,60000,110000,,2026-01-23 11:02:47,케이엘모바일_부성정책_ 1월 23일_ 8차 정책,"506 M 스페셜 708( 밀 리 의 서재) 31000 | 17,900 무제한 무제한 300 분 768 ‘Mbps 60,000 110,000 ok IK 60,000 110,000 ok",/Users/jinwoo/Documents/Codex/2026-05-30/new-chat/policy-tracker/data/images/416/ktm.png
416,skylife,11GB,auto_candidate,75000,120000,,2026-01-23 11:02:47,케이엘모바일_부성정책_ 1월 23일_ 8차 정책,"2008 SKY 모두 충분 1168+( 밀 리 의 서재) 34,000 무제한 무제한 300%  |1108+ 일 208 3Mbps 75,000 120,000 tok 75,000 120,000 ok",/Users/jinwoo/Documents/Codex/2026-05-30/new-chat/policy-tracker/data/images/416/skylife.png
416,skylife,7GB,auto_candidate,65000,110000,,2026-01-23 11:02:47,케이엘모바일_부성정책_ 1월 23일_ 8차 정책,"5GB Sky 모두 SH 768+( 밀 리 의 서재) 17,900 무제한 무제한 300 분 708 ‘Mbps 65,000 110,000 *** 65,000 110,000 tok",/Users/jinwoo/Documents/Codex/2026-05-30/new-chat/policy-tracker/data/images/416/skylife.png
420,hello,11GB,auto_candidate,30000,100000,,2026-01-24 10:25:16,케이엘모바일_부성정책_ 1월 24일_ 9차 정책,"쿠 폰 팩 유심 1166 49390 | 13000 36,390 | 무제한 | 무제한 ㅣ 300 분 | 11686 ㅣ 일 208+3466 | 30000 ㅣ  100.000 30.000 100,000 |",/Users/jinwoo/Documents/Codex/2026-05-30/new-chat/policy-tracker/data/images/420/hello.png
420,hello,7GB,auto_candidate,30000,90000,,2026-01-24 10:25:16,케이엘모바일_부성정책_ 1월 24일_ 9차 정책,"DATA 걱 정 없는 유심 768 45700 | 26600 | 18500 무제한 | 무제한 | 300 분 ㅣ 768 100 30,000 90,000 30,000 90,000",/Users/jinwoo/Documents/Codex/2026-05-30/new-chat/policy-tracker/data/images/420/hello.png
420,ktm,11GB,auto_candidate,60000,120000,,2026-01-24 10:25:16,케이엘모바일_부성정책_ 1월 24일_ 9차 정책,"2008 1 프리미엄 1168( 밀 리 의 서재) 45,900 34,000 무제한 무제한 300%  |1168+ 일 268| 34005 60,000 120,000 FOI 60,000 120,000 FOI",/Users/jinwoo/Documents/Codex/2026-05-30/new-chat/policy-tracker/data/images/420/ktm.png
420,ktm,7GB,auto_candidate,60000,110000,,2026-01-24 10:25:16,케이엘모바일_부성정책_ 1월 24일_ 9차 정책,"506 M 스페셜 708( 밀 리 의 서재) 31000 | 17,900 무제한 무제한 300 분 768 ‘Mbps 60,000 110,000 ok IK 60,000 110,000 ok",/Users/jinwoo/Documents/Codex/2026-05-30/new-chat/policy-tracker/data/images/420/ktm.png
420,skylife,11GB,auto_candidate,75000,120000,,2026-01-24 10:25:16,케이엘모바일_부성정책_ 1월 24일_ 9차 정책,"2008 SKY 모두 충분 1168+( 밀 리 의 서재) 34,000 무제한 무제한 300%  |1108+ 일 208 3Mbps 75,000 120,000 tok 75,000 120,000 ok",/Users/jinwoo/Documents/Codex/2026-05-30/new-chat/policy-tracker/data/images/420/skylife.png
420,skylife,7GB,auto_candidate,65000,110000,,2026-01-24 10:25:16,케이엘모바일_부성정책_ 1월 24일_ 9차 정책,"5GB Sky 모두 SH 768+( 밀 리 의 서재) 17,900 무제한 무제한 300 분 708 ‘Mbps 65,000 110,000 *** 65,000 110,000 tok",/Users/jinwoo/Documents/Codex/2026-05-30/new-chat/policy-tracker/data/images/420/skylife.png
420,umobile,11GB,auto_candidate,55000,154000,,2026-01-24 10:25:16,케이엘모바일_부성정책_ 1월 24일_ 9차 정책,"2008 LTE 스 페 셜 [ 약 정 형 ] 32,990 무제한 무제한 | 300 분 | 1168+ 일 206 | 3Mbps 55,000 154,000 | koko | 55.000 154,000 tO",/Users/jinwoo/Documents/Codex/2026-05-30/new-chat/policy-tracker/data/images/420/umobile.png
420,umobile,7GB,auto_candidate,55000,121000,,2026-01-24 10:25:16,케이엘모바일_부성정책_ 1월 24일_ 9차 정책,"| 506 LTE (768+/ 통 화 기 본) 18,600 무제한 무제한 ： 300 분 768 ‘Mbps 55,000 121,000 eka 55,000 121,000 FOI",/Users/jinwoo/Documents/Codex/2026-05-30/new-chat/policy-tracker/data/images/420/umobile.png
421,hello,11GB,auto_candidate,30000,100000,,2026-01-27 10:37:02,케이엘모바일_부성정책_ 1월 27일_ 10차 정책,"쿠 폰 팩 데이터 더 주는 유심 1168 49390 | 10900 | 38.490 | 무제한 | 무제한 | 300 분 | 1168 | 일 268+34605 | 30,000 ""100,000 *k 30,000 100,000 **",/Users/jinwoo/Documents/Codex/2026-05-30/new-chat/policy-tracker/data/images/421/hello.png
421,hello,7GB,auto_candidate,30000,80000,,2026-01-27 10:37:02,케이엘모바일_부성정책_ 1월 27일_ 10차 정책,"데이터 더 주는 유심 768 45,100 | 23,600 | 21,500 | 무제한 | 무제한 | 300 분 768 ‘Mbps. 30,000 | 80,000 ak 30,000 80,000 ㆍ",/Users/jinwoo/Documents/Codex/2026-05-30/new-chat/policy-tracker/data/images/421/hello.png
421,ktm,11GB,auto_candidate,60000,120000,,2026-01-27 10:37:02,케이엘모바일_부성정책_ 1월 27일_ 10차 정책,"2008 1 프리미엄 1168( 밀 리 의 서재) 45,900 34,000 무제한 무제한 300%  |1168+ 일 268| 34005 60,000 120,000 FOI 60,000 120,000 FOI",/Users/jinwoo/Documents/Codex/2026-05-30/new-chat/policy-tracker/data/images/421/ktm.png
421,ktm,7GB,auto_candidate,60000,110000,,2026-01-27 10:37:02,케이엘모바일_부성정책_ 1월 27일_ 10차 정책,"506 M 스페셜 708( 밀 리 의 서재) 31000 | 17,900 무제한 무제한 300 분 768 ‘Mbps 60,000 110,000 ok IK 60,000 110,000 ok",/Users/jinwoo/Documents/Codex/2026-05-30/new-chat/policy-tracker/data/images/421/ktm.png
421,skylife,11GB,auto_candidate,75000,120000,,2026-01-27 10:37:02,케이엘모바일_부성정책_ 1월 27일_ 10차 정책,"2008 SKY 모두 충분 1168+( 밀 리 의 서재) 34,000 무제한 무제한 300%  |1108+ 일 208 3Mbps 75,000 120,000 tok 75,000 120,000 ok",/Users/jinwoo/Documents/Codex/2026-05-30/new-chat/policy-tracker/data/images/421/skylife.png
421,skylife,7GB,auto_candidate,65000,110000,,2026-01-27 10:37:02,케이엘모바일_부성정책_ 1월 27일_ 10차 정책,"5GB Sky 모두 SH 768+( 밀 리 의 서재) 17,900 무제한 무제한 300 분 708 ‘Mbps 65,000 110,000 *** 65,000 110,000 tok",/Users/jinwoo/Documents/Codex/2026-05-30/new-chat/policy-tracker/data/images/421/skylife.png
421,umobile,11GB,auto_candidate,55000,132000,,2026-01-27 10:37:02,케이엘모바일_부성정책_ 1월 27일_ 10차 정책,"| ※ | LTE 스페셜 34,900 무제한 | 무제한 ㅣ 300 분 ㅣ 1168+ 일 266 ： 3Mbps 55,000 132,000 wk 55,000 132,000 FOI",/Users/jinwoo/Documents/Codex/2026-05-30/new-chat/policy-tracker/data/images/421/umobile.png
421,umobile,7GB,auto_candidate,55000,121000,,2026-01-27 10:37:02,케이엘모바일_부성정책_ 1월 27일_ 10차 정책,"568 LTE (768+/ 통 화 기 본) 18,600 무제한 | 무제한 ㅣ 300 분 7668 Mbps 55,000 121,000 tot 55,000 121,000 tot",/Users/jinwoo/Documents/Codex/2026-05-30/new-chat/policy-tracker/data/images/421/umobile.png
422,hello,11GB,auto_candidate,30000,100000,,2026-01-27 12:18:55,케이엘모바일_부성정책_ 1월 27일_13시~ 10차_ 수정,"FEU 유심 1168 49,390 | 13,000 | 36,390 | 무제한 | 무제한 | 300 분 | 11GB ‘2GB+3Mbps 30,000 | 100,000 kk 30,000 100,000 | ak",/Users/jinwoo/Documents/Codex/2026-05-30/new-chat/policy-tracker/data/images/422/hello.png
422,hello,7GB,auto_candidate,30000,70000,,2026-01-27 12:18:55,케이엘모바일_부성정책_ 1월 27일_13시~ 10차_ 수정,"| EMG 더 주는 유실 768 | 45000 | 22100 | 22000 | 무제한 | exe | 300 분 | 708 ‘Mbps 30,000 | 70,000 ak 30,000 70,000 ak",/Users/jinwoo/Documents/Codex/2026-05-30/new-chat/policy-tracker/data/images/422/hello.png
422,ktm,11GB,auto_candidate,60000,120000,,2026-01-27 12:18:55,케이엘모바일_부성정책_ 1월 27일_13시~ 10차_ 수정,"2008 1 프리미엄 1168( 밀 리 의 서재) 45,900 34,000 무제한 무제한 300%  |1168+ 일 268| 34005 60,000 120,000 FOI 60,000 120,000 FOI",/Users/jinwoo/Documents/Codex/2026-05-30/new-chat/policy-tracker/data/images/422/ktm.png
422,ktm,7GB,auto_candidate,60000,110000,,2026-01-27 12:18:55,케이엘모바일_부성정책_ 1월 27일_13시~ 10차_ 수정,"506 M 스페셜 708( 밀 리 의 서재) 31000 | 17,900 무제한 무제한 300 분 768 ‘Mbps 60,000 110,000 ok IK 60,000 110,000 ok",/Users/jinwoo/Documents/Codex/2026-05-30/new-chat/policy-tracker/data/images/422/ktm.png
422,skylife,11GB,auto_candidate,75000,120000,,2026-01-27 12:18:55,케이엘모바일_부성정책_ 1월 27일_13시~ 10차_ 수정,"2008 SKY 모두 충분 1168+( 밀 리 의 서재) 34,000 무제한 무제한 300%  |1108+ 일 208 3Mbps 75,000 120,000 tok 75,000 120,000 ok",/Users/jinwoo/Documents/Codex/2026-05-30/new-chat/policy-tracker/data/images/422/skylife.png
422,skylife,7GB,auto_candidate,65000,110000,,2026-01-27 12:18:55,케이엘모바일_부성정책_ 1월 27일_13시~ 10차_ 수정,"5GB Sky 모두 SH 768+( 밀 리 의 서재) 17,900 무제한 무제한 300 분 708 ‘Mbps 65,000 110,000 *** 65,000 110,000 tok",/Users/jinwoo/Documents/Codex/2026-05-30/new-chat/policy-tracker/data/images/422/skylife.png
422,umobile,11GB,auto_candidate,55000,132000,,2026-01-27 12:18:55,케이엘모바일_부성정책_ 1월 27일_13시~ 10차_ 수정,"| ※ | LTE 스페셜 34,900 무제한 | 무제한 ㅣ 300 분 ㅣ 1168+ 일 266 ： 3Mbps 55,000 132,000 wk 55,000 132,000 FOI",/Users/jinwoo/Documents/Codex/2026-05-30/new-chat/policy-tracker/data/images/422/umobile.png
422,umobile,7GB,auto_candidate,55000,121000,,2026-01-27 12:18:55,케이엘모바일_부성정책_ 1월 27일_13시~ 10차_ 수정,"568 LTE (768+/ 통 화 기 본) 18,600 무제한 | 무제한 ㅣ 300 분 7668 Mbps 55,000 121,000 tot 55,000 121,000 tot",/Users/jinwoo/Documents/Codex/2026-05-30/new-chat/policy-tracker/data/images/422/umobile.png
423,hello,11GB,auto_candidate,30000,100000,,2026-01-29 10:17:53,케이엘모바일_부성정책_ 1월 29일~ 11차,"FEU 유심 1168 49,390 | 13,000 | 36,390 | 무제한 | 무제한 | 300 분 | 11GB ‘2GB+3Mbps 30,000 | 100,000 kk 30,000 100,000 | ak",/Users/jinwoo/Documents/Codex/2026-05-30/new-chat/policy-tracker/data/images/423/hello.png
423,hello,7GB,auto_candidate,30000,70000,,2026-01-29 10:17:53,케이엘모바일_부성정책_ 1월 29일~ 11차,"| EMG 더 주는 유실 768 | 45000 | 22100 | 22000 | 무제한 | exe | 300 분 | 708 ‘Mbps 30,000 | 70,000 ak 30,000 70,000 ak",/Users/jinwoo/Documents/Codex/2026-05-30/new-chat/policy-tracker/data/images/423/hello.png
423,ktm,11GB,auto_candidate,60000,120000,,2026-01-29 10:17:53,케이엘모바일_부성정책_ 1월 29일~ 11차,"2008 1 프리미엄 1168( 밀 리 의 서재) 45,900 34,000 무제한 무제한 300%  |1168+ 일 268| 34005 60,000 120,000 FOI 60,000 120,000 FOI",/Users/jinwoo/Documents/Codex/2026-05-30/new-chat/policy-tracker/data/images/423/ktm.png
423,ktm,7GB,auto_candidate,60000,110000,,2026-01-29 10:17:53,케이엘모바일_부성정책_ 1월 29일~ 11차,"506 M 스페셜 708( 밀 리 의 서재) 31000 | 17,900 무제한 무제한 300 분 768 ‘Mbps 60,000 110,000 ok IK 60,000 110,000 ok",/Users/jinwoo/Documents/Codex/2026-05-30/new-chat/policy-tracker/data/images/423/ktm.png
423,skylife,11GB,auto_candidate,75000,120000,,2026-01-29 10:17:53,케이엘모바일_부성정책_ 1월 29일~ 11차,"2008 SKY 모두 충분 1168+( 밀 리 의 서재) 34,000 무제한 무제한 300%  |1108+ 일 208 3Mbps 75,000 120,000 tok 75,000 120,000 ok",/Users/jinwoo/Documents/Codex/2026-05-30/new-chat/policy-tracker/data/images/423/skylife.png
423,skylife,7GB,auto_candidate,65000,110000,,2026-01-29 10:17:53,케이엘모바일_부성정책_ 1월 29일~ 11차,"5GB Sky 모두 SH 768+( 밀 리 의 서재) 17,900 무제한 무제한 300 분 708 ‘Mbps 65,000 110,000 *** 65,000 110,000 tok",/Users/jinwoo/Documents/Codex/2026-05-30/new-chat/policy-tracker/data/images/423/skylife.png
423,umobile,11GB,auto_candidate,55000,132000,,2026-01-29 10:17:53,케이엘모바일_부성정책_ 1월 29일~ 11차,"| ※ | LTE 스페셜 34,900 무제한 | 무제한 ㅣ 300 분 ㅣ 1168+ 일 2686 ㅣ 314605 55,000 132,000 ** 55,000 132,000 tok",/Users/jinwoo/Documents/Codex/2026-05-30/new-chat/policy-tracker/data/images/423/umobile.png
423,umobile,7GB,auto_candidate,55000,121000,,2026-01-29 10:17:53,케이엘모바일_부성정책_ 1월 29일~ 11차,"568 LTE (768+/ 통 화 기 본) 18,600 무제한 | 무제한 3008 7668 Mbps 55,000 121,000 kk 55,000 121,000 kk",/Users/jinwoo/Documents/Codex/2026-05-30/new-chat/policy-tracker/data/images/423/umobile.png
424,hello,11GB,auto_candidate,30000,100000,,2026-01-30 10:12:31,케이엘모바일_부성정책_ 1월 30일~ 12차,"FEY 데이터 더 주는 유심 1168 49,390 | 10,900 | 38,490 | 무제한 | 무제한 300% 11GB ‘Y2GB+3Mbps 30,000 100,000 wk 30,000 100,000 kw",/Users/jinwoo/Documents/Codex/2026-05-30/new-chat/policy-tracker/data/images/424/hello.png
424,hello,7GB,auto_candidate,30000,80000,,2026-01-30 10:12:31,케이엘모바일_부성정책_ 1월 30일~ 12차,"데이터 더 주는 유심 768 45,100 | 23.600 | 21.500 | 무제한 | 무제한 | 300 분 | 708 ‘1Mbps 30,000 80,000 *k 30,000 80,000 1k",/Users/jinwoo/Documents/Codex/2026-05-30/new-chat/policy-tracker/data/images/424/hello.png
424,ktm,11GB,auto_candidate,60000,120000,,2026-01-30 10:12:31,케이엘모바일_부성정책_ 1월 30일~ 12차,"2008 1 프리미엄 1168( 밀 리 의 서재) 45,900 34,000 무제한 무제한 300%  |1168+ 일 268| 34005 60,000 120,000 FOI 60,000 120,000 FOI",/Users/jinwoo/Documents/Codex/2026-05-30/new-chat/policy-tracker/data/images/424/ktm.png
424,ktm,7GB,auto_candidate,60000,110000,,2026-01-30 10:12:31,케이엘모바일_부성정책_ 1월 30일~ 12차,"506 M 스페셜 708( 밀 리 의 서재) 31000 | 17,900 무제한 무제한 300 분 768 ‘Mbps 60,000 110,000 ok IK 60,000 110,000 ok",/Users/jinwoo/Documents/Codex/2026-05-30/new-chat/policy-tracker/data/images/424/ktm.png
424,skylife,11GB,auto_candidate,75000,120000,,2026-01-30 10:12:31,케이엘모바일_부성정책_ 1월 30일~ 12차,"2008 SKY 모두 충분 1168+( 밀 리 의 서재) 34,000 무제한 무제한 300%  |1108+ 일 208 3Mbps 75,000 120,000 tok 75,000 120,000 ok",/Users/jinwoo/Documents/Codex/2026-05-30/new-chat/policy-tracker/data/images/424/skylife.png
424,skylife,7GB,auto_candidate,65000,110000,,2026-01-30 10:12:31,케이엘모바일_부성정책_ 1월 30일~ 12차,"5GB Sky 모두 SH 768+( 밀 리 의 서재) 17,900 무제한 무제한 300 분 708 ‘Mbps 65,000 110,000 *** 65,000 110,000 tok",/Users/jinwoo/Documents/Codex/2026-05-30/new-chat/policy-tracker/data/images/424/skylife.png
424,umobile,11GB,auto_candidate,55000,132000,,2026-01-30 10:12:31,케이엘모바일_부성정책_ 1월 30일~ 12차,"| ※ | LTE 스페셜 34,900 무제한 | 무제한 ㅣ 300 분 ㅣ 1168+ 일 2686 ㅣ 314605 55,000 132,000 ** 55,000 132,000 tok",/Users/jinwoo/Documents/Codex/2026-05-30/new-chat/policy-tracker/data/images/424/umobile.png
424,umobile,7GB,auto_candidate,55000,121000,,2026-01-30 10:12:31,케이엘모바일_부성정책_ 1월 30일~ 12차,"568 LTE (768+/ 통 화 기 본) 18,600 무제한 | 무제한 3008 7668 Mbps 55,000 121,000 kk 55,000 121,000 kk",/Users/jinwoo/Documents/Codex/2026-05-30/new-chat/policy-tracker/data/images/424/umobile.png
425,hello,11GB,auto_candidate,30000,100000,,2026-02-01 13:15:57,케이엘모바일_부성정책_ 2월 1일_ 1차 정책,"쿠 폰 팩 데이터 GFE 유심 1168 49,390 10,900 | 38,490 무제한 무제한 300% 11GB ‘@2GB+3Mbps 30,000 | 100,000, 30,000 100,000",/Users/jinwoo/Documents/Codex/2026-05-30/new-chat/policy-tracker/data/images/425/hello.png
425,hello,7GB,auto_candidate,30000,80000,,2026-02-01 13:15:57,케이엘모바일_부성정책_ 2월 1일_ 1차 정책,"데이터 더 주는 유심 768 45,100 23,600 | 21,500 무제한 무제한 300% 7GB Mbps. 30,000 | 80,000 30,000 80,000",/Users/jinwoo/Documents/Codex/2026-05-30/new-chat/policy-tracker/data/images/425/hello.png
425,ktm,11GB,auto_candidate,60000,120000,,2026-02-01 13:15:57,케이엘모바일_부성정책_ 2월 1일_ 1차 정책,"2008 M 프리미엄 1168( 밀 리 의 서재) 34,000 무제한 무제한 300%  1168+ 일 2068. 314605 60,000 120,000 60,000 120,000 |",/Users/jinwoo/Documents/Codex/2026-05-30/new-chat/policy-tracker/data/images/425/ktm.png
425,ktm,7GB,auto_candidate,60000,110000,,2026-02-01 13:15:57,케이엘모바일_부성정책_ 2월 1일_ 1차 정책,"5GB M 스페셜 768( 밀 리 의 서 재 ) 17,900 무제한 무제한 300 분 708 Mbps 60,000 110,000 60,000 110,000 |",/Users/jinwoo/Documents/Codex/2026-05-30/new-chat/policy-tracker/data/images/425/ktm.png
425,sk7,11GB,auto_candidate,80000,120000,,2026-02-01 13:15:57,케이엘모바일_부성정책_ 2월 1일_ 1차 정책,"결 합 1068: 글로벌 300 (1168+/ 통 화 맘껏) 46,040 36,140 무제한 ㅣ 무제한 3008 11GB 3Mbps 80,000 120,000 80,000 120,000, Bie 요금제 요금 He 프 로 오션;",/Users/jinwoo/Documents/Codex/2026-05-30/new-chat/policy-tracker/data/images/425/sk7.png
425,sk7,7GB,auto_candidate,80000,110000,,2026-02-01 13:15:57,케이엘모바일_부성정책_ 2월 1일_ 1차 정책,"결 합 1068 글로벌 300 (768+/ 통 화 맘껏) 29,040 19,140 sue 무제한 ㅣ 무제한 3008 768 Mbps. 80,000 110,000. 80,000 110,000 ㆍ 할 인 금 액 ( 월 기준)",/Users/jinwoo/Documents/Codex/2026-05-30/new-chat/policy-tracker/data/images/425/sk7.png
425,skylife,11GB,auto_candidate,75000,140000,,2026-02-01 13:15:57,케이엘모바일_부성정책_ 2월 1일_ 1차 정책,"20GB SKY 모두 충분 1168+( 밀 리 의 서재) 34,000 무제한 무제한 300 분 | 11GB+22GB) 314665 75,000 140,000 75,000 140,000",/Users/jinwoo/Documents/Codex/2026-05-30/new-chat/policy-tracker/data/images/425/skylife.png
425,skylife,7GB,auto_candidate,65000,130000,,2026-02-01 13:15:57,케이엘모바일_부성정책_ 2월 1일_ 1차 정책,"5GB SKY 모두 충분 768+( 밀 리 의 서재) 17,900 무제한 무제한 300 분 | 708 76609 65,000 130,000 65,000 130,000",/Users/jinwoo/Documents/Codex/2026-05-30/new-chat/policy-tracker/data/images/425/skylife.png
425,umobile,11GB,auto_candidate,55000,131000,,2026-02-01 13:15:57,케이엘모바일_부성정책_ 2월 1일_ 1차 정책,"2008 LTE 스페셜 34,900 무제한 무제한 | 300 11GB+ 22GB 3Mbps: 55,000 131,000 55,000 131,000",/Users/jinwoo/Documents/Codex/2026-05-30/new-chat/policy-tracker/data/images/425/umobile.png
425,umobile,7GB,auto_candidate,55000,120000,,2026-02-01 13:15:57,케이엘모바일_부성정책_ 2월 1일_ 1차 정책,"506 LTE (768+/ 통 화 기 본) 18,600 무제한 무제한 | 300 분 768 ‘Mbps 55,000 120,000 55,000 120,000",/Users/jinwoo/Documents/Codex/2026-05-30/new-chat/policy-tracker/data/images/425/umobile.png
426,hello,11GB,auto_candidate,30000,110000,,2026-02-02 10:57:59,케이엘모바일_부성정책_ 2월 2일_ 2차 정책,"FEW 데이터 더 주는 유심 1168 49,390 | 10,900 | 38,490 | 무제한 | 무제한 | 300 분 | 1168 Y2GB+3Mbps 30,000 110,000 30,000 110,000",/Users/jinwoo/Documents/Codex/2026-05-30/new-chat/policy-tracker/data/images/426/hello.png
426,hello,7GB,auto_candidate,30000,100000,,2026-02-02 10:57:59,케이엘모바일_부성정책_ 2월 2일_ 2차 정책,"DATA 걱 정 없는 유심 768 45.100 | 26,600 | 18,500 | 무제한 | 무제한 | 300 분 7GB ‘Mbps 30,000 100,000 30,000 100,000",/Users/jinwoo/Documents/Codex/2026-05-30/new-chat/policy-tracker/data/images/426/hello.png
426,ktm,11GB,auto_candidate,60000,120000,,2026-02-02 10:57:59,케이엘모바일_부성정책_ 2월 2일_ 2차 정책,"2008 M 프리미엄 1168( 밀 리 의 서재) 34,000 무제한 무제한 300%  1168+ 일 2068. 314605 60,000 120,000 60,000 120,000 |",/Users/jinwoo/Documents/Codex/2026-05-30/new-chat/policy-tracker/data/images/426/ktm.png
426,ktm,7GB,auto_candidate,60000,110000,,2026-02-02 10:57:59,케이엘모바일_부성정책_ 2월 2일_ 2차 정책,"5GB M 스페셜 768( 밀 리 의 서 재 ) 17,900 무제한 무제한 300 분 708 Mbps 60,000 110,000 60,000 110,000 |",/Users/jinwoo/Documents/Codex/2026-05-30/new-chat/policy-tracker/data/images/426/ktm.png
426,sk7,11GB,auto_candidate,80000,130000,,2026-02-02 10:57:59,케이엘모바일_부성정책_ 2월 2일_ 2차 정책,"결 합 1068: 글로벌 300 (1168+/ 통 화 맘껏) 46,040 36,140 무제한 ㅣ 무제한 3008 11GB 3Mbps 80,000 130,000 80,000 130,000, Bie 요금제 요금 He 프 로 오션;",/Users/jinwoo/Documents/Codex/2026-05-30/new-chat/policy-tracker/data/images/426/sk7.png
426,sk7,7GB,auto_candidate,80000,120000,,2026-02-02 10:57:59,케이엘모바일_부성정책_ 2월 2일_ 2차 정책,"결 합 1068 글로벌 300 (768+/ 통 화 맘껏) 29,040 19,140 sue 무제한 ㅣ 무제한 3008 768 Mbps. 80,000 120,000 80,000 120,000 ㆍ 할 인 금 액 ( 월 기준)",/Users/jinwoo/Documents/Codex/2026-05-30/new-chat/policy-tracker/data/images/426/sk7.png
426,skylife,11GB,auto_candidate,75000,140000,,2026-02-02 10:57:59,케이엘모바일_부성정책_ 2월 2일_ 2차 정책,"20GB SKY 모두 충분 1168+( 밀 리 의 서재) 34,000 무제한 무제한 300 분 | 11GB+22GB) 314665 75,000 140,000 75,000 140,000",/Users/jinwoo/Documents/Codex/2026-05-30/new-chat/policy-tracker/data/images/426/skylife.png
426,skylife,7GB,auto_candidate,65000,130000,,2026-02-02 10:57:59,케이엘모바일_부성정책_ 2월 2일_ 2차 정책,"5GB SKY 모두 충분 768+( 밀 리 의 서재) 17,900 무제한 무제한 300 분 | 708 76609 65,000 130,000 65,000 130,000",/Users/jinwoo/Documents/Codex/2026-05-30/new-chat/policy-tracker/data/images/426/skylife.png
426,umobile,11GB,auto_candidate,55000,151000,,2026-02-02 10:57:59,케이엘모바일_부성정책_ 2월 2일_ 2차 정책,"2008 LTE 스페셜 34,900 무제한 무제한 | 300 11GB+ 22GB 3Mbps: 55,000 151,000 55,000 151,000",/Users/jinwoo/Documents/Codex/2026-05-30/new-chat/policy-tracker/data/images/426/umobile.png
426,umobile,7GB,auto_candidate,55000,140000,,2026-02-02 10:57:59,케이엘모바일_부성정책_ 2월 2일_ 2차 정책,"568 LTE (768+/ 통 화 기 본) 18,600 무제한 무제한 | 300 분 768 ‘Mbps 55,000 140,000 55,000 140,000",/Users/jinwoo/Documents/Codex/2026-05-30/new-chat/policy-tracker/data/images/426/umobile.png
427,hello,11GB,auto_candidate,30000,100000,,2026-02-02 14:01:52,케이엘모바일_부성정책_ 2월 2일_ 2차 정책_(수정),"FEF 데이터 더 주는 FH 11GB 무제한 | 무제한 | 300 Y2GB+3Mbps 30,000 100,000 30,000 100,000",/Users/jinwoo/Documents/Codex/2026-05-30/new-chat/policy-tracker/data/images/427/hello.png
427,hello,7GB,auto_candidate,30000,80000,,2026-02-02 14:01:52,케이엘모바일_부성정책_ 2월 2일_ 2차 정책_(수정),"| 데이터 더 주는 유심 768 45,100 | 23600 | 21,500 | 무제한 ㅣ 무제한 ㅣ 300 분 768 ‘Mbps 30,000 80,000 30,000 80,000",/Users/jinwoo/Documents/Codex/2026-05-30/new-chat/policy-tracker/data/images/427/hello.png
427,ktm,11GB,auto_candidate,60000,120000,,2026-02-02 14:01:52,케이엘모바일_부성정책_ 2월 2일_ 2차 정책_(수정),"2008 M 프리미엄 1168( 밀 리 의 서재) 34,000 무제한 무제한 300%  |1168+ 일 208. 31665 60,000 120,000 60,000 120,000 |",/Users/jinwoo/Documents/Codex/2026-05-30/new-chat/policy-tracker/data/images/427/ktm.png
427,ktm,7GB,auto_candidate,60000,110000,,2026-02-02 14:01:52,케이엘모바일_부성정책_ 2월 2일_ 2차 정책_(수정),"5GB M 스페셜 768( 밀 리 의 서재) 17,900 무제한 무제한 300 분 7068 ‘Mbps 60,000 110,000 60,000 110,000 |",/Users/jinwoo/Documents/Codex/2026-05-30/new-chat/policy-tracker/data/images/427/ktm.png
427,sk7,11GB,auto_candidate,80000,130000,,2026-02-02 14:01:52,케이엘모바일_부성정책_ 2월 2일_ 2차 정책_(수정),"결 합 1068: 글로벌 300 (1168+/ 통 화 맘껏) 46,040 36,140 무제한 ㅣ 무제한 3008 11GB 3Mbps 80,000 130,000 80,000 130,000, Bie 요금제 요금 He 프 로 오션;",/Users/jinwoo/Documents/Codex/2026-05-30/new-chat/policy-tracker/data/images/427/sk7.png
427,sk7,7GB,auto_candidate,80000,120000,,2026-02-02 14:01:52,케이엘모바일_부성정책_ 2월 2일_ 2차 정책_(수정),"결 합 1068 글로벌 300 (768+/ 통 화 맘껏) 29,040 19,140 sue 무제한 ㅣ 무제한 3008 768 Mbps. 80,000 120,000 80,000 120,000 ㆍ 할 인 금 액 ( 월 기준)",/Users/jinwoo/Documents/Codex/2026-05-30/new-chat/policy-tracker/data/images/427/sk7.png
427,skylife,11GB,auto_candidate,75000,150000,,2026-02-02 14:01:52,케이엘모바일_부성정책_ 2월 2일_ 2차 정책_(수정),"20GB SKY 모두 충분 1168+( 밀 리 의 서재) 34,000 무제한 무제한 300 분 | 11GB+22GB) 314665 75,000 150,000 75,000 150,000",/Users/jinwoo/Documents/Codex/2026-05-30/new-chat/policy-tracker/data/images/427/skylife.png
427,skylife,7GB,auto_candidate,65000,140000,,2026-02-02 14:01:52,케이엘모바일_부성정책_ 2월 2일_ 2차 정책_(수정),"5GB SKY 모두 충분 768+( 밀 리 의 서재) 17,900 무제한 무제한 300 분 | 708 76609 65,000 140,000 65,000 140,000",/Users/jinwoo/Documents/Codex/2026-05-30/new-chat/policy-tracker/data/images/427/skylife.png
427,umobile,11GB,auto_candidate,55000,151000,,2026-02-02 14:01:52,케이엘모바일_부성정책_ 2월 2일_ 2차 정책_(수정),"2008 LTE 스페셜 34,900 무제한 무제한 | 300 11GB+ 22GB 3Mbps: 55,000 151,000 55,000 151,000",/Users/jinwoo/Documents/Codex/2026-05-30/new-chat/policy-tracker/data/images/427/umobile.png
427,umobile,7GB,auto_candidate,55000,140000,,2026-02-02 14:01:52,케이엘모바일_부성정책_ 2월 2일_ 2차 정책_(수정),"568 LTE (768+/ 통 화 기 본) 18,600 무제한 무제한 | 300 분 768 ‘Mbps 55,000 140,000 55,000 140,000",/Users/jinwoo/Documents/Codex/2026-05-30/new-chat/policy-tracker/data/images/427/umobile.png
430,hello,11GB,auto_candidate,30000,100000,,2026-02-04 11:04:47,케이엘모바일_부성정책_ 2월 4일_ 3차 정책,"FEF 데이터 더 주는 FH 11GB 무제한 | 무제한 | 300 Y2GB+3Mbps 30,000 100,000 30,000 100,000",/Users/jinwoo/Documents/Codex/2026-05-30/new-chat/policy-tracker/data/images/430/hello.png
430,hello,7GB,auto_candidate,30000,80000,,2026-02-04 11:04:47,케이엘모바일_부성정책_ 2월 4일_ 3차 정책,"| 데이터 더 주는 유심 768 45,100 | 23600 | 21,500 | 무제한 ㅣ 무제한 ㅣ 300 분 768 ‘Mbps 30,000 80,000 30,000 80,000",/Users/jinwoo/Documents/Codex/2026-05-30/new-chat/policy-tracker/data/images/430/hello.png
430,ktm,11GB,auto_candidate,60000,120000,,2026-02-04 11:04:47,케이엘모바일_부성정책_ 2월 4일_ 3차 정책,"20GB M 프리미엄 1168( 밀 리 의 서 재 ) 34,000 무제한 무제한 300 분 1168+ 일 268. 3Mbps 60,000 120,000 wk 60,000 120,000 ek",/Users/jinwoo/Documents/Codex/2026-05-30/new-chat/policy-tracker/data/images/430/ktm.png
430,ktm,7GB,auto_candidate,60000,110000,,2026-02-04 11:04:47,케이엘모바일_부성정책_ 2월 4일_ 3차 정책,"5GB M 스페셜 760( 밀 리 의 서재) 17,900 무제한 무제한 300 분 768 ‘Mbps 60,000 110,000 * 60,000 110,000 wk",/Users/jinwoo/Documents/Codex/2026-05-30/new-chat/policy-tracker/data/images/430/ktm.png
430,sk7,11GB,auto_candidate,80000,110000,,2026-02-04 11:04:47,케이엘모바일_부성정책_ 2월 4일_ 3차 정책,"결 합 1068: 글로벌 300 (1168+/ 통 화 맘껏) 46,040 36,140 무제한 ㅣ 무제한 3008 11GB 3Mbps 80,000 110,000 80,000 110,000 Bie 요금제 요금 He 프 로 오션;",/Users/jinwoo/Documents/Codex/2026-05-30/new-chat/policy-tracker/data/images/430/sk7.png
430,sk7,7GB,auto_candidate,80000,100000,,2026-02-04 11:04:47,케이엘모바일_부성정책_ 2월 4일_ 3차 정책,"결 합 1068 글로벌 300 (768+/ 통 화 맘껏) 29,040 19,140 sue 무제한 ㅣ 무제한 3008 768 Mbps. 80,000 100,000 80,000 100,000 ㆍ 할 인 금 액 ( 월 기준)",/Users/jinwoo/Documents/Codex/2026-05-30/new-chat/policy-tracker/data/images/430/sk7.png
430,skylife,11GB,auto_candidate,75000,120000,,2026-02-04 11:04:47,케이엘모바일_부성정책_ 2월 4일_ 3차 정책,"2008 SKY 모두 충분 1168+( 밀 리 의 서 재 ) 34,000 무제한 무제한 300%  1168+ 일 208| 34665 75,000 120,000 tk 75,000 120,000 kkk",/Users/jinwoo/Documents/Codex/2026-05-30/new-chat/policy-tracker/data/images/430/skylife.png
430,skylife,7GB,auto_candidate,65000,110000,,2026-02-04 11:04:47,케이엘모바일_부성정책_ 2월 4일_ 3차 정책,"5GB SKY 모두 충분 768+( 밀 리 의 서재) 17,900 무제한 무제한 300 분 768 ‘Mbps 65,000 110,000 *** 65,000 110,000 kkk",/Users/jinwoo/Documents/Codex/2026-05-30/new-chat/policy-tracker/data/images/430/skylife.png
430,umobile,11GB,auto_candidate,55000,131000,,2026-02-04 11:04:47,케이엘모바일_부성정책_ 2월 4일_ 3차 정책,"2008 이 동 의 를 거 움 (- 패 스 (7168+ 동 화 기 본) 34,900 쿠 제한 무제한 | 300% ㅣ 11G8+22GB | 3Mbps 55,000 131,000 ** 55,000 131,000 1k",/Users/jinwoo/Documents/Codex/2026-05-30/new-chat/policy-tracker/data/images/430/umobile.png
430,umobile,7GB,auto_candidate,55000,120000,,2026-02-04 11:04:47,케이엘모바일_부성정책_ 2월 4일_ 3차 정책,"508 LTE (768+/ 통 화 기 본) 18,600 무제한 무제한 | 300 분 768 ‘Mbps 55,000 120,000 ek 55,000 120,000 **",/Users/jinwoo/Documents/Codex/2026-05-30/new-chat/policy-tracker/data/images/430/umobile.png
431,hello,11GB,auto_candidate,30000,100000,,2026-02-04 13:05:00,케이엘모바일_부성정책_ 2월 4일_ 3차 정책_(수정),"FEF 데이터 더 주는 FH 11GB 무제한 | 무제한 | 300 Y2GB+3Mbps 30,000 100,000 30,000 100,000",/Users/jinwoo/Documents/Codex/2026-05-30/new-chat/policy-tracker/data/images/431/hello.png
431,hello,7GB,auto_candidate,30000,80000,,2026-02-04 13:05:00,케이엘모바일_부성정책_ 2월 4일_ 3차 정책_(수정),"| 데이터 더 주는 유심 768 45,100 | 23600 | 21,500 | 무제한 ㅣ 무제한 ㅣ 300 분 768 ‘Mbps 30,000 80,000 30,000 80,000",/Users/jinwoo/Documents/Codex/2026-05-30/new-chat/policy-tracker/data/images/431/hello.png
431,ktm,11GB,auto_candidate,60000,110000,,2026-02-04 13:05:00,케이엘모바일_부성정책_ 2월 4일_ 3차 정책_(수정),"2008 M 프리미엄 1168( 밀 리 의 서재) 34,000 무제한 무제한 300%  |1168+ 일 208. 314605 60,000 110,000 60,000 110,000 |",/Users/jinwoo/Documents/Codex/2026-05-30/new-chat/policy-tracker/data/images/431/ktm.png
431,ktm,7GB,auto_candidate,60000,100000,,2026-02-04 13:05:00,케이엘모바일_부성정책_ 2월 4일_ 3차 정책_(수정),"5GB M 스페셜 768( 밀 리 의 서재) 17,900 무제한 무제한 300 분 7068 Mbps 60,000 100,000 60,000 100,000 |",/Users/jinwoo/Documents/Codex/2026-05-30/new-chat/policy-tracker/data/images/431/ktm.png
431,sk7,11GB,auto_candidate,80000,110000,,2026-02-04 13:05:00,케이엘모바일_부성정책_ 2월 4일_ 3차 정책_(수정),"결 합 1068: 글로벌 300 (1168+/ 통 화 맘껏) 46,040 36,140 무제한 ㅣ 무제한 3008 11GB 3Mbps 80,000 110,000 80,000 110,000 Bie 요금제 요금 He 프 로 오션;",/Users/jinwoo/Documents/Codex/2026-05-30/new-chat/policy-tracker/data/images/431/sk7.png
431,sk7,7GB,auto_candidate,80000,100000,,2026-02-04 13:05:00,케이엘모바일_부성정책_ 2월 4일_ 3차 정책_(수정),"결 합 1068 글로벌 300 (768+/ 통 화 맘껏) 29,040 19,140 sue 무제한 ㅣ 무제한 3008 768 Mbps. 80,000 100,000 80,000 100,000 ㆍ 할 인 금 액 ( 월 기준)",/Users/jinwoo/Documents/Codex/2026-05-30/new-chat/policy-tracker/data/images/431/sk7.png
431,skylife,11GB,auto_candidate,75000,120000,,2026-02-04 13:05:00,케이엘모바일_부성정책_ 2월 4일_ 3차 정책_(수정),"2008 SKY 모두 충분 1168+( 밀 리 의 서 재 ) 34,000 무제한 무제한 300%  1168+ 일 208| 34665 75,000 120,000 tk 75,000 120,000 kkk",/Users/jinwoo/Documents/Codex/2026-05-30/new-chat/policy-tracker/data/images/431/skylife.png
431,skylife,7GB,auto_candidate,65000,110000,,2026-02-04 13:05:00,케이엘모바일_부성정책_ 2월 4일_ 3차 정책_(수정),"5GB SKY 모두 충분 768+( 밀 리 의 서재) 17,900 무제한 무제한 300 분 768 ‘Mbps 65,000 110,000 *** 65,000 110,000 kkk",/Users/jinwoo/Documents/Codex/2026-05-30/new-chat/policy-tracker/data/images/431/skylife.png
431,umobile,11GB,auto_candidate,55000,131000,,2026-02-04 13:05:00,케이엘모바일_부성정책_ 2월 4일_ 3차 정책_(수정),"2008 이 동 의 를 거 움 (- 패 스 (7168+ 동 화 기 본) 34,900 쿠 제한 무제한 | 300% ㅣ 11G8+22GB | 3Mbps 55,000 131,000 ** 55,000 131,000 1k",/Users/jinwoo/Documents/Codex/2026-05-30/new-chat/policy-tracker/data/images/431/umobile.png
431,umobile,7GB,auto_candidate,55000,120000,,2026-02-04 13:05:00,케이엘모바일_부성정책_ 2월 4일_ 3차 정책_(수정),"508 LTE (768+/ 통 화 기 본) 18,600 무제한 무제한 | 300 분 768 ‘Mbps 55,000 120,000 ek 55,000 120,000 **",/Users/jinwoo/Documents/Codex/2026-05-30/new-chat/policy-tracker/data/images/431/umobile.png
432,hello,11GB,auto_candidate,30000,100000,,2026-02-04 16:03:13,케이엘모바일_부성정책_ 2월 4일_ 4차 정책,"쿠 폰 팩 데이터 GFE 유심 1168 49,390 10,900 | 38,490 무제한 ㅣ 무제한 300% 11GB ‘@2GB+3Mbps 30,000 | 100,000, 30,000 100,000",/Users/jinwoo/Documents/Codex/2026-05-30/new-chat/policy-tracker/data/images/432/hello.png
432,hello,7GB,auto_candidate,30000,80000,,2026-02-04 16:03:13,케이엘모바일_부성정책_ 2월 4일_ 4차 정책,"데이터 더 주는 유심 768 45,100 | 23,600 | 21,500 무제한 | 무제한 3008 7GB Mbps. 30,000 | 80,000 30,000 80,000",/Users/jinwoo/Documents/Codex/2026-05-30/new-chat/policy-tracker/data/images/432/hello.png
432,ktm,11GB,auto_candidate,60000,110000,,2026-02-04 16:03:13,케이엘모바일_부성정책_ 2월 4일_ 4차 정책,"2008 M 프리미엄 1168( 밀 리 의 서재) 34,000 무제한 무제한 300%  |1168+ 일 208. 314605 60,000 110,000 60,000 110,000 |",/Users/jinwoo/Documents/Codex/2026-05-30/new-chat/policy-tracker/data/images/432/ktm.png
432,ktm,7GB,auto_candidate,60000,100000,,2026-02-04 16:03:13,케이엘모바일_부성정책_ 2월 4일_ 4차 정책,"5GB M 스페셜 768( 밀 리 의 서재) 17,900 무제한 무제한 300 분 7068 Mbps 60,000 100,000 60,000 100,000 |",/Users/jinwoo/Documents/Codex/2026-05-30/new-chat/policy-tracker/data/images/432/ktm.png
432,sk7,11GB,auto_candidate,80000,110000,,2026-02-04 16:03:13,케이엘모바일_부성정책_ 2월 4일_ 4차 정책,"결 합 1068: 글로벌 300 (1168+/ 통 화 맘껏) 46,040 36,140 무제한 ㅣ 무제한 3008 11GB 3Mbps 80,000 110,000 80,000 110,000 Bie 요금제 요금 He 프 로 오션;",/Users/jinwoo/Documents/Codex/2026-05-30/new-chat/policy-tracker/data/images/432/sk7.png
432,sk7,7GB,auto_candidate,80000,100000,,2026-02-04 16:03:13,케이엘모바일_부성정책_ 2월 4일_ 4차 정책,"결 합 1068 글로벌 300 (768+/ 통 화 맘껏) 29,040 19,140 sue 무제한 ㅣ 무제한 3008 768 Mbps. 80,000 100,000 80,000 100,000 ㆍ 할 인 금 액 ( 월 기준)",/Users/jinwoo/Documents/Codex/2026-05-30/new-chat/policy-tracker/data/images/432/sk7.png
432,skylife,11GB,auto_candidate,75000,110000,,2026-02-04 16:03:13,케이엘모바일_부성정책_ 2월 4일_ 4차 정책,"20GB SKY 모두 충분 1168+( 밀 리 의 서 재 ) 34,000 무제한 무제한 300 분  1168+ 일 266| 3Mbps 75,000 110,000 75,000 110,000",/Users/jinwoo/Documents/Codex/2026-05-30/new-chat/policy-tracker/data/images/432/skylife.png
432,skylife,7GB,auto_candidate,65000,100000,,2026-02-04 16:03:13,케이엘모바일_부성정책_ 2월 4일_ 4차 정책,"5GB 1068 SKY 모두 충분 768+( 밀 리 의 서재) 17,900 무제한 무제한 300 분 768 1Mbps 65,000 100,000 65,000 100,000",/Users/jinwoo/Documents/Codex/2026-05-30/new-chat/policy-tracker/data/images/432/skylife.png
432,umobile,11GB,auto_candidate,55000,131000,,2026-02-04 16:03:13,케이엘모바일_부성정책_ 2월 4일_ 4차 정책,"2008 이 동 의 를 거 움 (- 패 스 (7168+ 동 화 기 본) 34,900 쿠 제한 무제한 | 300% ㅣ 11G8+22GB | 3Mbps 55,000 131,000 ** 55,000 131,000 1k",/Users/jinwoo/Documents/Codex/2026-05-30/new-chat/policy-tracker/data/images/432/umobile.png
432,umobile,7GB,auto_candidate,55000,120000,,2026-02-04 16:03:13,케이엘모바일_부성정책_ 2월 4일_ 4차 정책,"508 LTE (768+/ 통 화 기 본) 18,600 무제한 무제한 | 300 분 768 ‘Mbps 55,000 120,000 ek 55,000 120,000 **",/Users/jinwoo/Documents/Codex/2026-05-30/new-chat/policy-tracker/data/images/432/umobile.png
433,hello,11GB,auto_candidate,30000,100000,,2026-02-05 10:46:16,케이엘모바일_부성정책_ 2월 5일_ 5차 정책,"| 쿠 폰 팩 유심 1166"" | 49,390 | 13,000 | 36,390 | 무제한 | 무제한 | 300 분 | 11GB ‘2GB+3Mbps 30,000 100,000 | 30,000 | 100,000",/Users/jinwoo/Documents/Codex/2026-05-30/new-chat/policy-tracker/data/images/433/hello.png
433,hello,7GB,auto_candidate,30000,90000,,2026-02-05 10:46:16,케이엘모바일_부성정책_ 2월 5일_ 5차 정책,"DATA 걱 정 없는 유심 768 45,100 | 26600 | 18,500 | 무제한 | 무제한 | 300 분 | 768 1Mbps 30,000 90,000 30,000 90,000",/Users/jinwoo/Documents/Codex/2026-05-30/new-chat/policy-tracker/data/images/433/hello.png
433,ktm,11GB,auto_candidate,60000,110000,,2026-02-05 10:46:16,케이엘모바일_부성정책_ 2월 5일_ 5차 정책,"2008 M 프리미엄 1168( 밀 리 의 서재) 34,000 무제한 무제한 300%  |1168+ 일 208. 314605 60,000 110,000 60,000 110,000 |",/Users/jinwoo/Documents/Codex/2026-05-30/new-chat/policy-tracker/data/images/433/ktm.png
433,ktm,7GB,auto_candidate,60000,100000,,2026-02-05 10:46:16,케이엘모바일_부성정책_ 2월 5일_ 5차 정책,"5GB M 스페셜 768( 밀 리 의 서재) 17,900 무제한 무제한 300 분 7068 Mbps 60,000 100,000 60,000 100,000 |",/Users/jinwoo/Documents/Codex/2026-05-30/new-chat/policy-tracker/data/images/433/ktm.png
433,sk7,11GB,auto_candidate,80000,110000,,2026-02-05 10:46:16,케이엘모바일_부성정책_ 2월 5일_ 5차 정책,"결 합 1068: 글로벌 300 (1168+/ 통 화 맘껏) 46,040 36,140 무제한 ㅣ 무제한 3008 11GB 3Mbps 80,000 110,000 80,000 110,000 Bie 요금제 요금 He 프 로 오션;",/Users/jinwoo/Documents/Codex/2026-05-30/new-chat/policy-tracker/data/images/433/sk7.png
433,sk7,7GB,auto_candidate,80000,100000,,2026-02-05 10:46:16,케이엘모바일_부성정책_ 2월 5일_ 5차 정책,"결 합 1068 글로벌 300 (768+/ 통 화 맘껏) 29,040 19,140 sue 무제한 ㅣ 무제한 3008 768 Mbps. 80,000 100,000 80,000 100,000 ㆍ 할 인 금 액 ( 월 기준)",/Users/jinwoo/Documents/Codex/2026-05-30/new-chat/policy-tracker/data/images/433/sk7.png
433,skylife,11GB,auto_candidate,65000,110000,,2026-02-05 10:46:16,케이엘모바일_부성정책_ 2월 5일_ 5차 정책,"20GB | SKY 모두 충분 1168+( 밀 리 의 서 재 ) 34,000 무제한 무제한 | 300 분 1168+ 일 268| 3Mbps 65,000 110,000 65,000 | 110,000",/Users/jinwoo/Documents/Codex/2026-05-30/new-chat/policy-tracker/data/images/433/skylife.png
433,skylife,7GB,auto_candidate,55000,100000,,2026-02-05 10:46:16,케이엘모바일_부성정책_ 2월 5일_ 5차 정책,"568 1068 ㅣ SKY 모두 충분 768+( 모 아진) 17,900 무제한 무제한 ㅣ 300 분 768 | 14685 55,000 100,000 55,000 | 100,000",/Users/jinwoo/Documents/Codex/2026-05-30/new-chat/policy-tracker/data/images/433/skylife.png
433,umobile,11GB,auto_candidate,55000,101000,,2026-02-05 10:46:16,케이엘모바일_부성정책_ 2월 5일_ 5차 정책,"2008 이 동 의 를 거 움 - 패 스 (7168+ 동 화 기 본) 34,900 무제한 무제한 | 300% ㅣ 11G8+22GB | 3Mbps 55,000 101,000 | kkk) 55,000 101,000 | kkk",/Users/jinwoo/Documents/Codex/2026-05-30/new-chat/policy-tracker/data/images/433/umobile.png
433,umobile,7GB,auto_candidate,55000,100000,,2026-02-05 10:46:16,케이엘모바일_부성정책_ 2월 5일_ 5차 정책,"508 LTE (768+/ 통 화 기 본) 18,600 무제한 무제한 | 300 분 768 ‘Mbps 55,000 100,000 deka . 55,000 100,000 **",/Users/jinwoo/Documents/Codex/2026-05-30/new-chat/policy-tracker/data/images/433/umobile.png
434,hello,11GB,auto_candidate,30000,100000,,2026-02-05 13:48:22,케이엘모바일_부성정책_ 2월 5일_ 5차 정책_(수정),"FEW 데이터 더 주는 유심 1168 49,390 | 10,900 | 38,490 | 무제한 | 무제한 | 300 분 | 1168 Y2GB+3Mbps 30,000 100,000 30,000 100,000",/Users/jinwoo/Documents/Codex/2026-05-30/new-chat/policy-tracker/data/images/434/hello.png
434,hello,7GB,auto_candidate,30000,90000,,2026-02-05 13:48:22,케이엘모바일_부성정책_ 2월 5일_ 5차 정책_(수정),"DATA 걱 정 없는 유심 768 45.100 | 26,600 | 18,500 | 무제한 | 무제한 | 300 분 7GB ‘Mbps 30,000 90,000 30,000 90,000",/Users/jinwoo/Documents/Codex/2026-05-30/new-chat/policy-tracker/data/images/434/hello.png
434,ktm,11GB,auto_candidate,60000,110000,,2026-02-05 13:48:22,케이엘모바일_부성정책_ 2월 5일_ 5차 정책_(수정),"2008 M 프리미엄 1168( 밀 리 의 서재) 34,000 무제한 무제한 300%  |1168+ 일 208. 314605 60,000 110,000 60,000 110,000 |",/Users/jinwoo/Documents/Codex/2026-05-30/new-chat/policy-tracker/data/images/434/ktm.png
434,ktm,7GB,auto_candidate,60000,100000,,2026-02-05 13:48:22,케이엘모바일_부성정책_ 2월 5일_ 5차 정책_(수정),"5GB M 스페셜 768( 밀 리 의 서재) 17,900 무제한 무제한 300 분 708 Mbps 60,000 100,000 60,000 100,000 |",/Users/jinwoo/Documents/Codex/2026-05-30/new-chat/policy-tracker/data/images/434/ktm.png
434,sk7,11GB,auto_candidate,80000,110000,,2026-02-05 13:48:22,케이엘모바일_부성정책_ 2월 5일_ 5차 정책_(수정),"결 합 1068: 글로벌 300 (1168+/ 통 화 맘껏) 46,040 36,140 무제한 ㅣ 무제한 3008 11GB 3Mbps 80,000 110,000 80,000 110,000 Bie 요금제 요금 He 프 로 오션;",/Users/jinwoo/Documents/Codex/2026-05-30/new-chat/policy-tracker/data/images/434/sk7.png
434,sk7,7GB,auto_candidate,80000,100000,,2026-02-05 13:48:22,케이엘모바일_부성정책_ 2월 5일_ 5차 정책_(수정),"결 합 1068 글로벌 300 (768+/ 통 화 맘껏) 29,040 19,140 sue 무제한 ㅣ 무제한 3008 768 Mbps. 80,000 100,000 80,000 100,000 ㆍ 할 인 금 액 ( 월 기준)",/Users/jinwoo/Documents/Codex/2026-05-30/new-chat/policy-tracker/data/images/434/sk7.png
434,skylife,11GB,auto_candidate,65000,110000,,2026-02-05 13:48:22,케이엘모바일_부성정책_ 2월 5일_ 5차 정책_(수정),"20GB | SKY 모두 충분 1168+( 밀 리 의 서 재 ) 34,000 무제한 무제한 | 300 분 1168+ 일 268| 3Mbps 65,000 110,000 65,000 | 110,000",/Users/jinwoo/Documents/Codex/2026-05-30/new-chat/policy-tracker/data/images/434/skylife.png
434,skylife,7GB,auto_candidate,55000,100000,,2026-02-05 13:48:22,케이엘모바일_부성정책_ 2월 5일_ 5차 정책_(수정),"568 1068 ㅣ SKY 모두 충분 768+( 모 아진) 17,900 무제한 무제한 ㅣ 300 분 768 | 14685 55,000 100,000 55,000 | 100,000",/Users/jinwoo/Documents/Codex/2026-05-30/new-chat/policy-tracker/data/images/434/skylife.png
434,umobile,11GB,auto_candidate,55000,111000,,2026-02-05 13:48:22,케이엘모바일_부성정책_ 2월 5일_ 5차 정책_(수정),"2008 LTE 스페셜 34,900 무제한 무제한 | 300 11GB+ 22GB 3Mbps: | 55,000 111,000 55,000 111,000",/Users/jinwoo/Documents/Codex/2026-05-30/new-chat/policy-tracker/data/images/434/umobile.png
434,umobile,7GB,auto_candidate,55000,100000,,2026-02-05 13:48:22,케이엘모바일_부성정책_ 2월 5일_ 5차 정책_(수정),"506 LTE (768+/ 통 화 기 본) 18,600 무제한 무제한 | 300 분 768 ‘Mbps | 55,000 100,000 55,000 100,000",/Users/jinwoo/Documents/Codex/2026-05-30/new-chat/policy-tracker/data/images/434/umobile.png
435,hello,11GB,auto_candidate,30000,100000,,2026-02-06 11:26:39,케이엘모바일_부성정책_ 2월 6일_ 6차 정책_(수정),"FEW 데이터 더 주는 유심 1168 49,390 | 10,900 | 38,490 | 무제한 | 무제한 | 300 분 | 1168 Y2GB+3Mbps 30,000 100,000 30,000 100,000",/Users/jinwoo/Documents/Codex/2026-05-30/new-chat/policy-tracker/data/images/435/hello.png
435,hello,7GB,auto_candidate,30000,90000,,2026-02-06 11:26:39,케이엘모바일_부성정책_ 2월 6일_ 6차 정책_(수정),"DATA 걱 정 없는 유심 768 45.100 | 26,600 | 18,500 | 무제한 | 무제한 | 300 분 7GB ‘Mbps 30,000 90,000 30,000 90,000",/Users/jinwoo/Documents/Codex/2026-05-30/new-chat/policy-tracker/data/images/435/hello.png
435,ktm,11GB,auto_candidate,80000,110000,,2026-02-06 11:26:39,케이엘모바일_부성정책_ 2월 6일_ 6차 정책_(수정),"2008 M 프리미엄 1168( 밀 리 의 서재) 34,000 무제한 무제한 300%  |1168+ 일 208| 34605 80,000 110,000 80,000 110,000",/Users/jinwoo/Documents/Codex/2026-05-30/new-chat/policy-tracker/data/images/435/ktm.png
435,ktm,7GB,auto_candidate,80000,100000,,2026-02-06 11:26:39,케이엘모바일_부성정책_ 2월 6일_ 6차 정책_(수정),"5GB M 스페셜 768( 밀 리 의 서 재 ) 17,900 무제한 무제한 300 분 708 Mbps 80,000 100,000 80,000 | 100,000",/Users/jinwoo/Documents/Codex/2026-05-30/new-chat/policy-tracker/data/images/435/ktm.png
435,sk7,11GB,auto_candidate,80000,110000,,2026-02-06 11:26:39,케이엘모바일_부성정책_ 2월 6일_ 6차 정책_(수정),"결 합 1068: 글로벌 300 (1168+/ 통 화 맘껏) 46,040 36,140 무제한 ㅣ 무제한 3008 11GB 3Mbps 80,000 110,000 80,000 110,000 Bie 요금제 요금 He 프 로 오션;",/Users/jinwoo/Documents/Codex/2026-05-30/new-chat/policy-tracker/data/images/435/sk7.png
435,sk7,7GB,auto_candidate,80000,100000,,2026-02-06 11:26:39,케이엘모바일_부성정책_ 2월 6일_ 6차 정책_(수정),"결 합 1068 글로벌 300 (768+/ 통 화 맘껏) 29,040 19,140 sue 무제한 ㅣ 무제한 3008 768 Mbps. 80,000 100,000 80,000 100,000 ㆍ 할 인 금 액 ( 월 기준)",/Users/jinwoo/Documents/Codex/2026-05-30/new-chat/policy-tracker/data/images/435/sk7.png
435,skylife,11GB,auto_candidate,65000,110000,,2026-02-06 11:26:39,케이엘모바일_부성정책_ 2월 6일_ 6차 정책_(수정),"20GB | SKY 모두 충분 1168+( 밀 리 의 서 재 ) 34,000 무제한 무제한 | 300 분 1168+ 일 268| 3Mbps 65,000 110,000 65,000 | 110,000",/Users/jinwoo/Documents/Codex/2026-05-30/new-chat/policy-tracker/data/images/435/skylife.png
435,skylife,7GB,auto_candidate,55000,100000,,2026-02-06 11:26:39,케이엘모바일_부성정책_ 2월 6일_ 6차 정책_(수정),"568 1068 ㅣ SKY 모두 충분 768+( 모 아진) 17,900 무제한 무제한 ㅣ 300 분 768 | 14685 55,000 100,000 55,000 | 100,000",/Users/jinwoo/Documents/Codex/2026-05-30/new-chat/policy-tracker/data/images/435/skylife.png
435,umobile,11GB,auto_candidate,55000,111000,,2026-02-06 11:26:39,케이엘모바일_부성정책_ 2월 6일_ 6차 정책_(수정),"2008 LTE 스페셜 34,900 무제한 무제한 | 300 11GB+ 22GB 3Mbps: | 55,000 111,000 55,000 111,000",/Users/jinwoo/Documents/Codex/2026-05-30/new-chat/policy-tracker/data/images/435/umobile.png
435,umobile,7GB,auto_candidate,55000,100000,,2026-02-06 11:26:39,케이엘모바일_부성정책_ 2월 6일_ 6차 정책_(수정),"506 LTE (768+/ 통 화 기 본) 18,600 무제한 무제한 | 300 분 768 ‘Mbps | 55,000 100,000 55,000 100,000",/Users/jinwoo/Documents/Codex/2026-05-30/new-chat/policy-tracker/data/images/435/umobile.png
436,hello,11GB,auto_candidate,30000,100000,,2026-02-10 10:37:54,케이엘모바일_부성정책_ 2월 10일_ 7차 정책,"FEW 데이터 더 주는 유심 1168 49,390 | 10,900 | 38,490 | 무제한 | 무제한 | 300 분 | 1168 Y2GB+3Mbps 30,000 100,000 30,000 100,000",/Users/jinwoo/Documents/Codex/2026-05-30/new-chat/policy-tracker/data/images/436/hello.png
436,hello,7GB,auto_candidate,30000,90000,,2026-02-10 10:37:54,케이엘모바일_부성정책_ 2월 10일_ 7차 정책,"DATA 걱 정 없는 유심 768 45.100 | 26,600 | 18,500 | 무제한 | 무제한 | 300 분 7GB ‘Mbps 30,000 90,000 30,000 90,000",/Users/jinwoo/Documents/Codex/2026-05-30/new-chat/policy-tracker/data/images/436/hello.png
436,ktm,11GB,auto_candidate,80000,110000,,2026-02-10 10:37:54,케이엘모바일_부성정책_ 2월 10일_ 7차 정책,"2008 M 프리미엄 1168( 밀 리 의 서재) 34,000 무제한 무제한 300%  |1168+ 일 208| 34605 80,000 110,000 80,000 110,000",/Users/jinwoo/Documents/Codex/2026-05-30/new-chat/policy-tracker/data/images/436/ktm.png
436,ktm,7GB,auto_candidate,80000,100000,,2026-02-10 10:37:54,케이엘모바일_부성정책_ 2월 10일_ 7차 정책,"5GB M 스페셜 768( 밀 리 의 서 재 ) 17,900 무제한 무제한 300 분 708 Mbps 80,000 100,000 80,000 | 100,000",/Users/jinwoo/Documents/Codex/2026-05-30/new-chat/policy-tracker/data/images/436/ktm.png
436,skylife,11GB,auto_candidate,65000,110000,,2026-02-10 10:37:54,케이엘모바일_부성정책_ 2월 10일_ 7차 정책,"20GB | SKY 모두 충분 1168+( 밀 리 의 서 재 ) 34,000 무제한 무제한 | 300 분 1168+ 일 268| 3Mbps 65,000 110,000 65,000 | 110,000",/Users/jinwoo/Documents/Codex/2026-05-30/new-chat/policy-tracker/data/images/436/skylife.png
436,skylife,7GB,auto_candidate,55000,100000,,2026-02-10 10:37:54,케이엘모바일_부성정책_ 2월 10일_ 7차 정책,"568 1068 ㅣ SKY 모두 충분 768+( 모 아진) 17,900 무제한 무제한 ㅣ 300 분 768 | 14685 55,000 100,000 55,000 | 100,000",/Users/jinwoo/Documents/Codex/2026-05-30/new-chat/policy-tracker/data/images/436/skylife.png
436,umobile,11GB,auto_candidate,55000,111000,,2026-02-10 10:37:54,케이엘모바일_부성정책_ 2월 10일_ 7차 정책,"2008 LTE 스페셜 34,900 무제한 무제한 | 300 11GB+ 22GB 3Mbps: | 55,000 111,000 55,000 111,000",/Users/jinwoo/Documents/Codex/2026-05-30/new-chat/policy-tracker/data/images/436/umobile.png
436,umobile,7GB,auto_candidate,55000,100000,,2026-02-10 10:37:54,케이엘모바일_부성정책_ 2월 10일_ 7차 정책,"506 LTE (768+/ 통 화 기 본) 18,600 무제한 무제한 | 300 분 768 ‘Mbps | 55,000 100,000 55,000 100,000",/Users/jinwoo/Documents/Codex/2026-05-30/new-chat/policy-tracker/data/images/436/umobile.png
437,hello,11GB,auto_candidate,30000,100000,,2026-02-10 16:01:39,케이엘모바일_부성정책_ 2월 10일_ 7차 정책_(수정),"FEW 데이터 더 주는 유심 1168 49,390 | 10,900 | 38,490 | 무제한 | 무제한 | 300 분 | 1168 Y2GB+3Mbps 30,000 100,000 30,000 100,000",/Users/jinwoo/Documents/Codex/2026-05-30/new-chat/policy-tracker/data/images/437/hello.png
437,hello,7GB,auto_candidate,30000,90000,,2026-02-10 16:01:39,케이엘모바일_부성정책_ 2월 10일_ 7차 정책_(수정),"DATA 걱 정 없는 유심 768 45.100 | 26,600 | 18,500 | 무제한 | 무제한 | 300 분 7GB ‘Mbps 30,000 90,000 30,000 90,000",/Users/jinwoo/Documents/Codex/2026-05-30/new-chat/policy-tracker/data/images/437/hello.png
437,ktm,11GB,auto_candidate,80000,110000,,2026-02-10 16:01:39,케이엘모바일_부성정책_ 2월 10일_ 7차 정책_(수정),"2008 M 프리미엄 1168( 밀 리 의 서재) 34,000 무제한 무제한 300%  |1168+ 일 208| 34605 80,000 110,000 80,000 110,000",/Users/jinwoo/Documents/Codex/2026-05-30/new-chat/policy-tracker/data/images/437/ktm.png
437,ktm,7GB,auto_candidate,80000,100000,,2026-02-10 16:01:39,케이엘모바일_부성정책_ 2월 10일_ 7차 정책_(수정),"5GB M 스페셜 768( 밀 리 의 서 재 ) 17,900 무제한 무제한 300 분 708 Mbps 80,000 100,000 80,000 | 100,000",/Users/jinwoo/Documents/Codex/2026-05-30/new-chat/policy-tracker/data/images/437/ktm.png
437,sk7,11GB,auto_candidate,100000,110000,,2026-02-10 16:01:39,케이엘모바일_부성정책_ 2월 10일_ 7차 정책_(수정),"결 합 1066 . 글로벌 300 (1168+/ 통 화 맘껏) | 46,040 36,140 무제한 무제한 300 분 1168 3Mbps 100,000 110,000 100,000 | 110,000",/Users/jinwoo/Documents/Codex/2026-05-30/new-chat/policy-tracker/data/images/437/sk7.png
437,sk7,7GB,auto_candidate,100000,100000,,2026-02-10 16:01:39,케이엘모바일_부성정책_ 2월 10일_ 7차 정책_(수정),"결 합 1066 글로벌 300 (768+/ 통 화 맘 껏 ) 29,040 19,140 .65 편 의 점 무제한 무제한 300 분 768 Mbps. 100,000 100,000 100,000 | 100,000",/Users/jinwoo/Documents/Codex/2026-05-30/new-chat/policy-tracker/data/images/437/sk7.png
437,skylife,11GB,auto_candidate,65000,110000,,2026-02-10 16:01:39,케이엘모바일_부성정책_ 2월 10일_ 7차 정책_(수정),"20GB | SKY 모두 충분 1168+( 밀 리 의 서 재 ) 34,000 무제한 무제한 | 300 분 1168+ 일 268| 3Mbps 65,000 110,000 65,000 | 110,000",/Users/jinwoo/Documents/Codex/2026-05-30/new-chat/policy-tracker/data/images/437/skylife.png
437,skylife,7GB,auto_candidate,55000,100000,,2026-02-10 16:01:39,케이엘모바일_부성정책_ 2월 10일_ 7차 정책_(수정),"568 1068 ㅣ SKY 모두 충분 768+( 모 아진) 17,900 무제한 무제한 ㅣ 300 분 768 | 14685 55,000 100,000 55,000 | 100,000",/Users/jinwoo/Documents/Codex/2026-05-30/new-chat/policy-tracker/data/images/437/skylife.png
437,umobile,11GB,auto_candidate,55000,111000,,2026-02-10 16:01:39,케이엘모바일_부성정책_ 2월 10일_ 7차 정책_(수정),"2008 LTE 스페셜 34,900 무제한 무제한 | 300 11GB+ 22GB 3Mbps: | 55,000 111,000 55,000 111,000",/Users/jinwoo/Documents/Codex/2026-05-30/new-chat/policy-tracker/data/images/437/umobile.png
437,umobile,7GB,auto_candidate,55000,100000,,2026-02-10 16:01:39,케이엘모바일_부성정책_ 2월 10일_ 7차 정책_(수정),"506 LTE (768+/ 통 화 기 본) 18,600 무제한 무제한 | 300 분 768 ‘Mbps | 55,000 100,000 55,000 100,000",/Users/jinwoo/Documents/Codex/2026-05-30/new-chat/policy-tracker/data/images/437/umobile.png
438,hello,11GB,auto_candidate,30000,100000,,2026-02-11 11:30:08,케이엘모바일_부성정책_ 2월 11일_ 8차 정책,"FEW 데이터 더 주는 유심 1168 49,390 | 10,900 | 38,490 | 무제한 | 무제한 | 300 분 | 1168 Y2GB+3Mbps 30,000 100,000 30,000 100,000",/Users/jinwoo/Documents/Codex/2026-05-30/new-chat/policy-tracker/data/images/438/hello.png
438,hello,7GB,auto_candidate,30000,90000,,2026-02-11 11:30:08,케이엘모바일_부성정책_ 2월 11일_ 8차 정책,"DATA 걱 정 없는 유심 768 45,100 | 26,600 | 18,500 | 무제한 | 무제한 | 3008 7GB ‘Mbps 30,000 90,000 30,000 90,000",/Users/jinwoo/Documents/Codex/2026-05-30/new-chat/policy-tracker/data/images/438/hello.png
438,ktm,11GB,auto_candidate,80000,110000,,2026-02-11 11:30:08,케이엘모바일_부성정책_ 2월 11일_ 8차 정책,"2008 M 프리미엄 1168( 밀 리 의 서재) 34,000 무제한 무제한 300%  |1168+ 일 208| 34605 80,000 110,000 80,000 110,000",/Users/jinwoo/Documents/Codex/2026-05-30/new-chat/policy-tracker/data/images/438/ktm.png
438,ktm,7GB,auto_candidate,80000,100000,,2026-02-11 11:30:08,케이엘모바일_부성정책_ 2월 11일_ 8차 정책,"5GB M 스페셜 768( 밀 리 의 서 재 ) 17,900 무제한 무제한 300 분 708 Mbps 80,000 100,000 80,000 | 100,000",/Users/jinwoo/Documents/Codex/2026-05-30/new-chat/policy-tracker/data/images/438/ktm.png
438,sk7,11GB,auto_candidate,100000,110000,,2026-02-11 11:30:08,케이엘모바일_부성정책_ 2월 11일_ 8차 정책,"결 합 1066 . 글로벌 300 (1168+/ 통 화 맘껏) | 46,040 36,140 무제한 무제한 300 분 1168 3Mbps 100,000 110,000 100,000 | 110,000",/Users/jinwoo/Documents/Codex/2026-05-30/new-chat/policy-tracker/data/images/438/sk7.png
438,sk7,7GB,auto_candidate,100000,100000,,2026-02-11 11:30:08,케이엘모바일_부성정책_ 2월 11일_ 8차 정책,"결 합 1066 글로벌 300 (768+/ 통 화 맘 껏 ) 29,040 19,140 .65 편 의 점 무제한 무제한 300 분 768 Mbps. 100,000 100,000 100,000 | 100,000",/Users/jinwoo/Documents/Codex/2026-05-30/new-chat/policy-tracker/data/images/438/sk7.png
438,skylife,11GB,auto_candidate,65000,110000,,2026-02-11 11:30:08,케이엘모바일_부성정책_ 2월 11일_ 8차 정책,"20GB | SKY 모두 충분 1168+( 밀 리 의 서 재 ) 34,000 무제한 무제한 | 300 분 1168+ 일 268| 3Mbps 65,000 110,000 65,000 | 110,000",/Users/jinwoo/Documents/Codex/2026-05-30/new-chat/policy-tracker/data/images/438/skylife.png
438,skylife,7GB,auto_candidate,55000,100000,,2026-02-11 11:30:08,케이엘모바일_부성정책_ 2월 11일_ 8차 정책,"568 1068 ㅣ SKY 모두 충분 768+( 모 아진) 17,900 무제한 무제한 ㅣ 300 분 768 | 14685 55,000 100,000 55,000 | 100,000",/Users/jinwoo/Documents/Codex/2026-05-30/new-chat/policy-tracker/data/images/438/skylife.png
438,umobile,11GB,auto_candidate,55000,110000,,2026-02-11 11:30:08,케이엘모바일_부성정책_ 2월 11일_ 8차 정책,"2008 LTE 스페셜 34,900 무제한 무제한 | 300 11GB+ 22GB 3Mbps: | 55,000 110,000 55,000 110,000",/Users/jinwoo/Documents/Codex/2026-05-30/new-chat/policy-tracker/data/images/438/umobile.png
438,umobile,7GB,auto_candidate,55000,100000,,2026-02-11 11:30:08,케이엘모바일_부성정책_ 2월 11일_ 8차 정책,"568 LTE (768+/ 통 화 기 본) 18,600 무제한 무제한 | 300 분 768 ‘Mbps | 55,000 100,000 55,000 100,000",/Users/jinwoo/Documents/Codex/2026-05-30/new-chat/policy-tracker/data/images/438/umobile.png
439,hello,11GB,auto_candidate,30000,100000,,2026-02-12 10:19:04,케이엘모바일_부성정책_ 2월 12일_ 9차 정책,"FEW 데이터 더 주는 유심 1168 49,390 | 10,900 | 38,490 | 무제한 | 무제한 | 300 분 | 1168 Y2GB+3Mbps 30,000 100,000 30,000 100,000",/Users/jinwoo/Documents/Codex/2026-05-30/new-chat/policy-tracker/data/images/439/hello.png
439,hello,7GB,auto_candidate,30000,90000,,2026-02-12 10:19:04,케이엘모바일_부성정책_ 2월 12일_ 9차 정책,"DATA 걱 정 없는 유심 768 45,100 | 26,600 | 18,500 | 무제한 | 무제한 | 3008 7GB ‘Mbps 30,000 90,000 30,000 90,000",/Users/jinwoo/Documents/Codex/2026-05-30/new-chat/policy-tracker/data/images/439/hello.png
439,ktm,11GB,auto_candidate,60000,110000,,2026-02-12 10:19:04,케이엘모바일_부성정책_ 2월 12일_ 9차 정책,"2008 M 프리미엄 1168( 밀 리 의 서 재 ) 34,000 무제한 무제한 300%  |1168+ 일 208. 314605 60,000 110,000 60,000 110,000 |",/Users/jinwoo/Documents/Codex/2026-05-30/new-chat/policy-tracker/data/images/439/ktm.png
439,ktm,7GB,auto_candidate,60000,100000,,2026-02-12 10:19:04,케이엘모바일_부성정책_ 2월 12일_ 9차 정책,"5GB M 스페셜 768( 밀 리 의 서재) 17,900 무제한 무제한 300 분 7068 ‘Mbps 60,000 100,000 60,000 100,000 |",/Users/jinwoo/Documents/Codex/2026-05-30/new-chat/policy-tracker/data/images/439/ktm.png
439,sk7,11GB,auto_candidate,100000,110000,,2026-02-12 10:19:04,케이엘모바일_부성정책_ 2월 12일_ 9차 정책,"결 합 1068: 글로벌 300 (1168+/ 통 화 맘껏) 46,040 36,140 무제한 | 무제한 300 분 1168 3Mbps 100,000 110,000 100,000 110,000, B22 요금제 요 근 Ho 프 로 오션;",/Users/jinwoo/Documents/Codex/2026-05-30/new-chat/policy-tracker/data/images/439/sk7.png
439,sk7,7GB,auto_candidate,100000,100000,,2026-02-12 10:19:04,케이엘모바일_부성정책_ 2월 12일_ 9차 정책,"결 합 1068 글로벌 300 (768+/ 통 화 맘껏) 29.040 19,140 .65 편 의 점 무제한 | 무제한 300 분 768 Mbps 100,000, 100,000. 100,000 100,000, ㆍ 할 인 금 액 ( 월 기준)",/Users/jinwoo/Documents/Codex/2026-05-30/new-chat/policy-tracker/data/images/439/sk7.png
439,skylife,11GB,auto_candidate,65000,110000,,2026-02-12 10:19:04,케이엘모바일_부성정책_ 2월 12일_ 9차 정책,"20GB | SKY 모두 충분 1168+( 밀 리 의 서 재 ) 34,000 무제한 무제한 | 300 분 1168+ 일 268| 3Mbps 65,000 110,000 65,000 | 110,000",/Users/jinwoo/Documents/Codex/2026-05-30/new-chat/policy-tracker/data/images/439/skylife.png
439,skylife,7GB,auto_candidate,55000,100000,,2026-02-12 10:19:04,케이엘모바일_부성정책_ 2월 12일_ 9차 정책,"568 1068 ㅣ SKY 모두 충분 768+( 모 아진) 17,900 무제한 무제한 ㅣ 300 분 768 | 14685 55,000 100,000 55,000 100,000",/Users/jinwoo/Documents/Codex/2026-05-30/new-chat/policy-tracker/data/images/439/skylife.png
439,umobile,11GB,auto_candidate,55000,110000,,2026-02-12 10:19:04,케이엘모바일_부성정책_ 2월 12일_ 9차 정책,"2008 LTE 스페셜 34,900 무제한 무제한 | 300 11GB+ 22GB 3Mbps: | 55,000 110,000 55,000 110,000",/Users/jinwoo/Documents/Codex/2026-05-30/new-chat/policy-tracker/data/images/439/umobile.png
439,umobile,7GB,auto_candidate,55000,100000,,2026-02-12 10:19:04,케이엘모바일_부성정책_ 2월 12일_ 9차 정책,"506 LTE (768+/ 통 화 기 본) 18,600 무제한 무제한 | 300 분 768 ‘Mbps | 55,000 100,000 55,000 100,000",/Users/jinwoo/Documents/Codex/2026-05-30/new-chat/policy-tracker/data/images/439/umobile.png
440,hello,11GB,auto_candidate,30000,100000,,2026-02-13 11:51:11,케이엘모바일_부성정책_ 2월 13일_ 10차 정책,"FEW 데이터 더 주는 유심 1168 49,390 | 10,900 | 38,490 | 무제한 | 무제한 | 300 분 | 1168 Y2GB+3Mbps 30,000 100,000 30,000 100,000",/Users/jinwoo/Documents/Codex/2026-05-30/new-chat/policy-tracker/data/images/440/hello.png
440,hello,7GB,auto_candidate,30000,90000,,2026-02-13 11:51:11,케이엘모바일_부성정책_ 2월 13일_ 10차 정책,"DATA 걱 정 없는 유심 768 45,100 | 26,600 | 18,500 | 무제한 | 무제한 | 3008 7GB ‘Mbps 30,000 90,000 30,000 90,000",/Users/jinwoo/Documents/Codex/2026-05-30/new-chat/policy-tracker/data/images/440/hello.png
440,ktm,11GB,auto_candidate,60000,110000,,2026-02-13 11:51:11,케이엘모바일_부성정책_ 2월 13일_ 10차 정책,"2008 M 프리미엄 1168( 밀 리 의 서 재 ) 34,000 무제한 무제한 300%  |1168+ 일 208. 314605 60,000 110,000 60,000 110,000 |",/Users/jinwoo/Documents/Codex/2026-05-30/new-chat/policy-tracker/data/images/440/ktm.png
440,ktm,7GB,auto_candidate,60000,100000,,2026-02-13 11:51:11,케이엘모바일_부성정책_ 2월 13일_ 10차 정책,"5GB M 스페셜 768( 밀 리 의 서재) 17,900 무제한 무제한 300 분 7068 ‘Mbps 60,000 100,000 60,000 100,000 |",/Users/jinwoo/Documents/Codex/2026-05-30/new-chat/policy-tracker/data/images/440/ktm.png
440,sk7,11GB,auto_candidate,100000,110000,,2026-02-13 11:51:11,케이엘모바일_부성정책_ 2월 13일_ 10차 정책,"결 합 1068: 글로벌 300 (1168+/ 통 화 맘껏) 46,040 36,140 무제한 | 무제한 300 분 1168 3Mbps 100,000 110,000 100,000 110,000, B22 요금제 요 근 Ho 프 로 오션;",/Users/jinwoo/Documents/Codex/2026-05-30/new-chat/policy-tracker/data/images/440/sk7.png
440,sk7,7GB,auto_candidate,100000,100000,,2026-02-13 11:51:11,케이엘모바일_부성정책_ 2월 13일_ 10차 정책,"결 합 1068 글로벌 300 (768+/ 통 화 맘껏) 29.040 19,140 .65 편 의 점 무제한 | 무제한 300 분 768 Mbps 100,000, 100,000. 100,000 100,000, ㆍ 할 인 금 액 ( 월 기준)",/Users/jinwoo/Documents/Codex/2026-05-30/new-chat/policy-tracker/data/images/440/sk7.png
440,skylife,11GB,auto_candidate,65000,110000,,2026-02-13 11:51:11,케이엘모바일_부성정책_ 2월 13일_ 10차 정책,"20GB | SKY 모두 충분 1168+( 밀 리 의 서 재 ) 34,000 무제한 무제한 | 300 분 1168+ 일 268| 3Mbps 65,000 110,000 65,000 | 110,000",/Users/jinwoo/Documents/Codex/2026-05-30/new-chat/policy-tracker/data/images/440/skylife.png
440,skylife,7GB,auto_candidate,55000,100000,,2026-02-13 11:51:11,케이엘모바일_부성정책_ 2월 13일_ 10차 정책,"568 1068 ㅣ SKY 모두 충분 768+( 모 아진) 17,900 무제한 무제한 ㅣ 300 분 768 | 14685 55,000 100,000 55,000 100,000",/Users/jinwoo/Documents/Codex/2026-05-30/new-chat/policy-tracker/data/images/440/skylife.png
440,umobile,11GB,auto_candidate,55000,110000,,2026-02-13 11:51:11,케이엘모바일_부성정책_ 2월 13일_ 10차 정책,"2008 LTE 스페셜 34,900 무제한 무제한 | 300 11GB+ 22GB 3Mbps: | 55,000 110,000 55,000 110,000",/Users/jinwoo/Documents/Codex/2026-05-30/new-chat/policy-tracker/data/images/440/umobile.png
440,umobile,7GB,auto_candidate,55000,100000,,2026-02-13 11:51:11,케이엘모바일_부성정책_ 2월 13일_ 10차 정책,"506 LTE (768+/ 통 화 기 본) 18,600 무제한 무제한 | 300 분 768 ‘Mbps | 55,000 100,000 55,000 100,000",/Users/jinwoo/Documents/Codex/2026-05-30/new-chat/policy-tracker/data/images/440/umobile.png
441,hello,11GB,auto_candidate,30000,100000,,2026-02-20 10:43:05,케이엘모바일_부성정책_ 2월 20일_ 11차 정책,"FEW 데이터 더 주는 유심 1168 49,390 | 10,900 | 38,490 | 무제한 | 무제한 | 300 분 | 1168 Y2GB+3Mbps 30,000 100,000 30,000 100,000",/Users/jinwoo/Documents/Codex/2026-05-30/new-chat/policy-tracker/data/images/441/hello.png
441,hello,7GB,auto_candidate,30000,90000,,2026-02-20 10:43:05,케이엘모바일_부성정책_ 2월 20일_ 11차 정책,"DATA 걱 정 없는 유심 768 45,100 | 26,600 | 18,500 | 무제한 | 무제한 | 3008 7GB ‘Mbps 30,000 90,000 30,000 90,000",/Users/jinwoo/Documents/Codex/2026-05-30/new-chat/policy-tracker/data/images/441/hello.png
441,ktm,11GB,auto_candidate,60000,110000,,2026-02-20 10:43:05,케이엘모바일_부성정책_ 2월 20일_ 11차 정책,"2008 M 프리미엄 1168( 밀 리 의 서 재 ) 34,000 무제한 무제한 300%  |1168+ 일 208. 314605 60,000 110,000 60,000 110,000 |",/Users/jinwoo/Documents/Codex/2026-05-30/new-chat/policy-tracker/data/images/441/ktm.png
441,ktm,7GB,auto_candidate,60000,100000,,2026-02-20 10:43:05,케이엘모바일_부성정책_ 2월 20일_ 11차 정책,"5GB M 스페셜 768( 밀 리 의 서재) 17,900 무제한 무제한 300 분 7068 ‘Mbps 60,000 100,000 60,000 100,000 |",/Users/jinwoo/Documents/Codex/2026-05-30/new-chat/policy-tracker/data/images/441/ktm.png
441,skylife,11GB,auto_candidate,65000,110000,,2026-02-20 10:43:05,케이엘모바일_부성정책_ 2월 20일_ 11차 정책,"20GB | SKY 모두 충분 1168+( 밀 리 의 서 재 ) 34,000 무제한 무제한 | 300 분 1168+ 일 268| 3Mbps 65,000 110,000 65,000 | 110,000",/Users/jinwoo/Documents/Codex/2026-05-30/new-chat/policy-tracker/data/images/441/skylife.png
441,skylife,7GB,auto_candidate,55000,100000,,2026-02-20 10:43:05,케이엘모바일_부성정책_ 2월 20일_ 11차 정책,"568 1068 ㅣ SKY 모두 충분 768+( 모 아진) 17,900 무제한 무제한 ㅣ 300 분 768 | 14685 55,000 100,000 55,000 100,000",/Users/jinwoo/Documents/Codex/2026-05-30/new-chat/policy-tracker/data/images/441/skylife.png
441,umobile,11GB,auto_candidate,55000,110000,,2026-02-20 10:43:05,케이엘모바일_부성정책_ 2월 20일_ 11차 정책,"2008 LTE 스페셜 34,900 무제한 무제한 | 300 11GB+ 22GB 3Mbps: | 55,000 110,000 55,000 110,000",/Users/jinwoo/Documents/Codex/2026-05-30/new-chat/policy-tracker/data/images/441/umobile.png
441,umobile,7GB,auto_candidate,55000,100000,,2026-02-20 10:43:05,케이엘모바일_부성정책_ 2월 20일_ 11차 정책,"506 LTE (768+/ 통 화 기 본) 18,600 무제한 무제한 | 300 분 768 ‘Mbps | 55,000 100,000 55,000 100,000",/Users/jinwoo/Documents/Codex/2026-05-30/new-chat/policy-tracker/data/images/441/umobile.png
442,hello,11GB,auto_candidate,30000,100000,,2026-02-20 12:54:54,케이엘모바일_부성정책_ 2월 20일_ 11차 정책_(수정),"FEY 유심 1168 49,390 | 13,000 | 36,390 | 무제한 | 무제한 | 300 분 11GB Y2GB+3Mbps 30,000 100,000 30,000 100,000",/Users/jinwoo/Documents/Codex/2026-05-30/new-chat/policy-tracker/data/images/442/hello.png
442,hello,7GB,auto_candidate,30000,90000,,2026-02-20 12:54:54,케이엘모바일_부성정책_ 2월 20일_ 11차 정책_(수정),"DATA 걱 정 없는 유심 768 45,100 | 26,600 | 18,500 | 무제한 | 무제한 300% 7GB Mbps 30,000 90,000 30,000 90,000",/Users/jinwoo/Documents/Codex/2026-05-30/new-chat/policy-tracker/data/images/442/hello.png
442,ktm,11GB,auto_candidate,60000,110000,,2026-02-20 12:54:54,케이엘모바일_부성정책_ 2월 20일_ 11차 정책_(수정),"2008 M 프리미엄 1168( 밀 리 의 서 재 ) 34,000 무제한 무제한 300%  |1168+ 일 208. 314605 60,000 110,000 60,000 110,000 |",/Users/jinwoo/Documents/Codex/2026-05-30/new-chat/policy-tracker/data/images/442/ktm.png
442,ktm,7GB,auto_candidate,60000,100000,,2026-02-20 12:54:54,케이엘모바일_부성정책_ 2월 20일_ 11차 정책_(수정),"5GB M 스페셜 768( 밀 리 의 서재) 17,900 무제한 무제한 300 분 7068 ‘Mbps 60,000 100,000 60,000 100,000 |",/Users/jinwoo/Documents/Codex/2026-05-30/new-chat/policy-tracker/data/images/442/ktm.png
442,sk7,11GB,auto_candidate,100000,150000,,2026-02-20 12:54:54,케이엘모바일_부성정책_ 2월 20일_ 11차 정책_(수정),"결 합 1068: 글로벌 300 (1168+/ 통 화 맘껏) 46,040 36,140 무제한 | 무제한 300 분 1168 3Mbps 100,000 150,000 100,000 150,000, B22 요금제 요 근 Ho 프 로 오션;",/Users/jinwoo/Documents/Codex/2026-05-30/new-chat/policy-tracker/data/images/442/sk7.png
442,sk7,7GB,auto_candidate,100000,140000,,2026-02-20 12:54:54,케이엘모바일_부성정책_ 2월 20일_ 11차 정책_(수정),"결 합 1068 글로벌 300 (768+/ 통 화 맘껏) 29.040 19,140 .65 편 의 점 무제한 | 무제한 300 분 768 Mbps 100,000, 140,000 100,000 140,000, ㆍ 할 인 금 액 ( 월 기준)",/Users/jinwoo/Documents/Codex/2026-05-30/new-chat/policy-tracker/data/images/442/sk7.png
442,skylife,11GB,auto_candidate,65000,110000,,2026-02-20 12:54:54,케이엘모바일_부성정책_ 2월 20일_ 11차 정책_(수정),"20GB | SKY 모두 충분 1168+( 밀 리 의 서 재 ) 34,000 무제한 무제한 | 300 분 1168+ 일 268| 3Mbps 65,000 110,000 65,000 | 110,000",/Users/jinwoo/Documents/Codex/2026-05-30/new-chat/policy-tracker/data/images/442/skylife.png
442,skylife,7GB,auto_candidate,55000,100000,,2026-02-20 12:54:54,케이엘모바일_부성정책_ 2월 20일_ 11차 정책_(수정),"568 1068 ㅣ SKY 모두 충분 768+( 모 아진) 17,900 무제한 무제한 ㅣ 300 분 768 | 14685 55,000 100,000 55,000 100,000",/Users/jinwoo/Documents/Codex/2026-05-30/new-chat/policy-tracker/data/images/442/skylife.png
442,umobile,11GB,auto_candidate,55000,140000,,2026-02-20 12:54:54,케이엘모바일_부성정책_ 2월 20일_ 11차 정책_(수정),"2008 LTE 스페셜 34,900 무제한 무제한 | 300 11GB+ 22GB 3Mbps: | 55,000 140,000 55,000 140,000",/Users/jinwoo/Documents/Codex/2026-05-30/new-chat/policy-tracker/data/images/442/umobile.png
442,umobile,7GB,auto_candidate,55000,130000,,2026-02-20 12:54:54,케이엘모바일_부성정책_ 2월 20일_ 11차 정책_(수정),"506 LTE (768+/ 통 화 기 본) 18,600 무제한 무제한 | 300 분 768 ‘Mbps | 55,000 130,000 55,000 130,000",/Users/jinwoo/Documents/Codex/2026-05-30/new-chat/policy-tracker/data/images/442/umobile.png
443,hello,11GB,auto_candidate,30000,100000,,2026-02-21 10:15:50,케이엘모바일_부성정책_ 2월 21일_ 12차 정책,"FEW 데이터 더 주는 유심 1168 49,390 | 10,900 | 38,490 | 무제한 | 무제한 | 300 분 | 1168 Y2GB+3Mbps 30,000 100,000 30,000 100,000",/Users/jinwoo/Documents/Codex/2026-05-30/new-chat/policy-tracker/data/images/443/hello.png
443,hello,7GB,auto_candidate,30000,90000,,2026-02-21 10:15:50,케이엘모바일_부성정책_ 2월 21일_ 12차 정책,"DATA 걱 정 없는 유심 768 45,100 | 26,600 | 18,500 | 무제한 | 무제한 | 3008 7GB ‘Mbps 30,000 90,000 30,000 90,000",/Users/jinwoo/Documents/Codex/2026-05-30/new-chat/policy-tracker/data/images/443/hello.png
443,ktm,11GB,auto_candidate,60000,140000,,2026-02-21 10:15:50,케이엘모바일_부성정책_ 2월 21일_ 12차 정책,"20GB M 프리미엄 1168( 밀 리 의 서 재 ) 34,000 무제한 무제한 300 분 1168+ 일 268|  314605 60,000 140,000 60,000 140,000",/Users/jinwoo/Documents/Codex/2026-05-30/new-chat/policy-tracker/data/images/443/ktm.png
443,ktm,7GB,auto_candidate,60000,130000,,2026-02-21 10:15:50,케이엘모바일_부성정책_ 2월 21일_ 12차 정책,"5068 M 스페셜 768( 밀 리 의 서재) 17,900 무제한 무제한 300 분 768 ‘Mbps. 60,000 130,000 60,000 130,000",/Users/jinwoo/Documents/Codex/2026-05-30/new-chat/policy-tracker/data/images/443/ktm.png
443,sk7,11GB,auto_candidate,100000,150000,,2026-02-21 10:15:50,케이엘모바일_부성정책_ 2월 21일_ 12차 정책,"결 합 1068: 글로벌 300 (1168+/ 통 화 맘껏) 46,040 36,140 무제한 | 무제한 300 분 1168 3Mbps 100,000 150,000 100,000 150,000, B22 요금제 요 근 Ho 프 로 오션;",/Users/jinwoo/Documents/Codex/2026-05-30/new-chat/policy-tracker/data/images/443/sk7.png
443,sk7,7GB,auto_candidate,100000,140000,,2026-02-21 10:15:50,케이엘모바일_부성정책_ 2월 21일_ 12차 정책,"결 합 1068 글로벌 300 (768+/ 통 화 맘껏) 29.040 19,140 .65 편 의 점 무제한 | 무제한 300 분 768 Mbps 100,000, 140,000 100,000 140,000, ㆍ 할 인 금 액 ( 월 기준)",/Users/jinwoo/Documents/Codex/2026-05-30/new-chat/policy-tracker/data/images/443/sk7.png
443,skylife,11GB,auto_candidate,75000,140000,,2026-02-21 10:15:50,케이엘모바일_부성정책_ 2월 21일_ 12차 정책,"2008 | sky 모두 충분 1168+( 모 아진) 34.000 무제한 무제한 | 300%  1168+ 일 268|  3Mbps  75.000 140,000 75,000 | 140,000",/Users/jinwoo/Documents/Codex/2026-05-30/new-chat/policy-tracker/data/images/443/skylife.png
443,skylife,7GB,auto_candidate,65000,130000,,2026-02-21 10:15:50,케이엘모바일_부성정책_ 2월 21일_ 12차 정책,"568 1068 ㅣ SKY 모두 충분 768+( 모 아진) 17,900 무제한 무제한 ㅣ 300 분 768 | 14685 65,000 130,000 65,000 | 130,000",/Users/jinwoo/Documents/Codex/2026-05-30/new-chat/policy-tracker/data/images/443/skylife.png
443,umobile,11GB,auto_candidate,55000,160000,,2026-02-21 10:15:50,케이엘모바일_부성정책_ 2월 21일_ 12차 정책,"2008 LTE 스페셜 34,900 무제한 무제한 | 300 11GB+ 22GB 3Mbps: | 55,000 160,000 55,000 160,000",/Users/jinwoo/Documents/Codex/2026-05-30/new-chat/policy-tracker/data/images/443/umobile.png
443,umobile,7GB,auto_candidate,55000,150000,,2026-02-21 10:15:50,케이엘모바일_부성정책_ 2월 21일_ 12차 정책,"506 LTE (768+/ 통 화 기 본) 18,600 무제한 무제한 | 300 분 768 ‘Mbps | 55,000 150,000 55,000 150,000",/Users/jinwoo/Documents/Codex/2026-05-30/new-chat/policy-tracker/data/images/443/umobile.png
444,hello,11GB,auto_candidate,30000,100000,,2026-02-25 09:56:16,케이엘모바일_부성정책_ 2월 25일_ 13차 정책,"FEW 데이터 더 주는 유심 1168 49,390 | 10,900 | 38,490 | 무제한 | 무제한 | 300 분 | 1168 Y2GB+3Mbps 30,000 100,000 30,000 100,000",/Users/jinwoo/Documents/Codex/2026-05-30/new-chat/policy-tracker/data/images/444/hello.png
444,hello,7GB,auto_candidate,30000,90000,,2026-02-25 09:56:16,케이엘모바일_부성정책_ 2월 25일_ 13차 정책,"DATA 걱 정 없는 유심 768 45,100 | 26,600 | 18,500 | 무제한 | 무제한 | 3008 7GB ‘Mbps 30,000 90,000 30,000 90,000",/Users/jinwoo/Documents/Codex/2026-05-30/new-chat/policy-tracker/data/images/444/hello.png
444,ktm,11GB,auto_candidate,60000,140000,,2026-02-25 09:56:16,케이엘모바일_부성정책_ 2월 25일_ 13차 정책,"20GB M 프리미엄 1168( 밀 리 의 서 재 ) 34,000 무제한 무제한 300 분 1168+ 일 268|  314605 60,000 140,000 60,000 140,000",/Users/jinwoo/Documents/Codex/2026-05-30/new-chat/policy-tracker/data/images/444/ktm.png
444,ktm,7GB,auto_candidate,60000,130000,,2026-02-25 09:56:16,케이엘모바일_부성정책_ 2월 25일_ 13차 정책,"5068 M 스페셜 768( 밀 리 의 서재) 17,900 무제한 무제한 300 분 768 ‘Mbps. 60,000 130,000 60,000 130,000",/Users/jinwoo/Documents/Codex/2026-05-30/new-chat/policy-tracker/data/images/444/ktm.png
444,sk7,11GB,auto_candidate,80000,150000,,2026-02-25 09:56:16,케이엘모바일_부성정책_ 2월 25일_ 13차 정책,"결 합 1068: 글로벌 300 (1168+/ 통 화 맘껏) 46,040 36,140 무제한 ㅣ 무제한 3008 11GB 3Mbps 80,000 150,000. 80,000 150,000, Bie 요금제 요금 He 프 로 오션;",/Users/jinwoo/Documents/Codex/2026-05-30/new-chat/policy-tracker/data/images/444/sk7.png
444,sk7,7GB,auto_candidate,80000,140000,,2026-02-25 09:56:16,케이엘모바일_부성정책_ 2월 25일_ 13차 정책,"결 합 1068 글로벌 300 (768+/ 통 화 맘껏) 29,040 19,140 sue 무제한 ㅣ 무제한 3008 768 Mbps. 80,000 140,000 80,000, 140,000 ㆍ 할 인 금 액 ( 월 기준)",/Users/jinwoo/Documents/Codex/2026-05-30/new-chat/policy-tracker/data/images/444/sk7.png
444,skylife,11GB,auto_candidate,75000,140000,,2026-02-25 09:56:16,케이엘모바일_부성정책_ 2월 25일_ 13차 정책,"2008 | sky 모두 충분 1168+( 모 아진) 34.000 무제한 무제한 | 300%  1168+ 일 268|  3Mbps  75.000 140,000 75,000 | 140,000",/Users/jinwoo/Documents/Codex/2026-05-30/new-chat/policy-tracker/data/images/444/skylife.png
444,skylife,7GB,auto_candidate,65000,130000,,2026-02-25 09:56:16,케이엘모바일_부성정책_ 2월 25일_ 13차 정책,"568 1068 ㅣ SKY 모두 충분 768+( 모 아진) 17,900 무제한 무제한 ㅣ 300 분 768 | 14685 65,000 130,000 65,000 | 130,000",/Users/jinwoo/Documents/Codex/2026-05-30/new-chat/policy-tracker/data/images/444/skylife.png
444,umobile,11GB,auto_candidate,55000,160000,,2026-02-25 09:56:16,케이엘모바일_부성정책_ 2월 25일_ 13차 정책,"2008 LTE 스페셜 34,900 무제한 무제한 | 300 11GB+ 22GB 3Mbps: | 55,000 160,000 55,000 160,000",/Users/jinwoo/Documents/Codex/2026-05-30/new-chat/policy-tracker/data/images/444/umobile.png
444,umobile,7GB,auto_candidate,55000,150000,,2026-02-25 09:56:16,케이엘모바일_부성정책_ 2월 25일_ 13차 정책,"506 LTE (768+/ 통 화 기 본) 18,600 무제한 무제한 | 300 분 768 ‘Mbps | 55,000 150,000 55,000 150,000",/Users/jinwoo/Documents/Codex/2026-05-30/new-chat/policy-tracker/data/images/444/umobile.png
445,hello,11GB,auto_candidate,30000,100000,,2026-02-26 11:16:02,케이엘모바일_부성정책_ 2월 26일_ 14차 정책_(수정),"FEW 데이터 더 주는 유심 1168 49,390 | 10,900 | 38,490 | 무제한 | 무제한 | 300 분 | 1168 Y2GB+3Mbps 30,000 100,000 30,000 100,000",/Users/jinwoo/Documents/Codex/2026-05-30/new-chat/policy-tracker/data/images/445/hello.png
445,hello,7GB,auto_candidate,30000,90000,,2026-02-26 11:16:02,케이엘모바일_부성정책_ 2월 26일_ 14차 정책_(수정),"DATA 걱 정 없는 유심 768 45,100 | 26,600 | 18,500 | 무제한 | 무제한 | 3008 7GB ‘Mbps 30,000 90,000 30,000 90,000",/Users/jinwoo/Documents/Codex/2026-05-30/new-chat/policy-tracker/data/images/445/hello.png
445,ktm,11GB,auto_candidate,60000,140000,,2026-02-26 11:16:02,케이엘모바일_부성정책_ 2월 26일_ 14차 정책_(수정),"20GB M 프리미엄 1168( 밀 리 의 서 재 ) 34,000 무제한 무제한 300 분 1168+ 일 268|  314605 60,000 140,000 60,000 140,000",/Users/jinwoo/Documents/Codex/2026-05-30/new-chat/policy-tracker/data/images/445/ktm.png
445,ktm,7GB,auto_candidate,60000,130000,,2026-02-26 11:16:02,케이엘모바일_부성정책_ 2월 26일_ 14차 정책_(수정),"5068 M 스페셜 768( 밀 리 의 서재) 17,900 무제한 무제한 300 분 768 ‘Mbps. 60,000 130,000 60,000 130,000",/Users/jinwoo/Documents/Codex/2026-05-30/new-chat/policy-tracker/data/images/445/ktm.png
445,sk7,11GB,auto_candidate,70000,150000,,2026-02-26 11:16:02,케이엘모바일_부성정책_ 2월 26일_ 14차 정책_(수정),"결 합 1068: 글로벌 300 (1168+/ 통 화 맘껏) 46,040 36,140 무제한 ㅣ 무제한 3008 11GB 3Mbps 70,000 150,000. 70,000 150,000, Bie 요금제 요금 He 프 로 오션;",/Users/jinwoo/Documents/Codex/2026-05-30/new-chat/policy-tracker/data/images/445/sk7.png
445,sk7,7GB,auto_candidate,70000,140000,,2026-02-26 11:16:02,케이엘모바일_부성정책_ 2월 26일_ 14차 정책_(수정),"결 합 1068 글로벌 300 (768+/ 통 화 맘껏) 29,040 19,140 sue 무제한 ㅣ 무제한 3008 768 Mbps. 70,000 140,000 70,000, 140,000 ㆍ 할 인 금 액 ( 월 기준)",/Users/jinwoo/Documents/Codex/2026-05-30/new-chat/policy-tracker/data/images/445/sk7.png
445,skylife,11GB,auto_candidate,75000,160000,,2026-02-26 11:16:02,케이엘모바일_부성정책_ 2월 26일_ 14차 정책_(수정),"2008 | sky 모두 충분 1168+( 모 아진) 34.000 무제한 무제한 | 300%  1168+ 일 268| 314665  75.000 160,000 75,000 | 160,000",/Users/jinwoo/Documents/Codex/2026-05-30/new-chat/policy-tracker/data/images/445/skylife.png
445,skylife,7GB,auto_candidate,65000,130000,,2026-02-26 11:16:02,케이엘모바일_부성정책_ 2월 26일_ 14차 정책_(수정),"568 1068 ㅣ SKY 모두 충분 768+( 모 아진) 17,900 무제한 무제한 ㅣ 300 분 768 | 14685 65,000 130,000 65,000 | 130,000",/Users/jinwoo/Documents/Codex/2026-05-30/new-chat/policy-tracker/data/images/445/skylife.png
445,umobile,11GB,auto_candidate,55000,160000,,2026-02-26 11:16:02,케이엘모바일_부성정책_ 2월 26일_ 14차 정책_(수정),"2008 LTE 스페셜 34,900 무제한 무제한 | 300 11GB+ 22GB 3Mbps: | 55,000 160,000 55,000 160,000",/Users/jinwoo/Documents/Codex/2026-05-30/new-chat/policy-tracker/data/images/445/umobile.png
445,umobile,7GB,auto_candidate,55000,150000,,2026-02-26 11:16:02,케이엘모바일_부성정책_ 2월 26일_ 14차 정책_(수정),"506 LTE (768+/ 통 화 기 본) 18,600 무제한 무제한 | 300 분 768 ‘Mbps | 55,000 150,000 55,000 150,000",/Users/jinwoo/Documents/Codex/2026-05-30/new-chat/policy-tracker/data/images/445/umobile.png
446,hello,11GB,auto_candidate,30000,100000,,2026-02-27 15:49:37,케이엘모바일_부성정책_ 2월 27일_ 15차 정책,"FEW 데이터 더 주는 유심 1168 49,390 | 10,900 | 38,490 | 무제한 | 무제한 | 300 분 | 1168 Y2GB+3Mbps 30,000 100,000 30,000 100,000",/Users/jinwoo/Documents/Codex/2026-05-30/new-chat/policy-tracker/data/images/446/hello.png
446,hello,7GB,auto_candidate,30000,90000,,2026-02-27 15:49:37,케이엘모바일_부성정책_ 2월 27일_ 15차 정책,"DATA 걱 정 없는 유심 768 45,100 | 26,600 | 18,500 | 무제한 | 무제한 | 3008 7GB ‘Mbps 30,000 90,000 30,000 90,000",/Users/jinwoo/Documents/Codex/2026-05-30/new-chat/policy-tracker/data/images/446/hello.png
446,ktm,11GB,auto_candidate,60000,120000,,2026-02-27 15:49:37,케이엘모바일_부성정책_ 2월 27일_ 15차 정책,"2008 M 프리미엄 1168( 밀 리 의 서 재 ) 34,000 무제한 무제한 300 분 1168+ 일 268|  314605 60,000 120,000 60,000 120,000",/Users/jinwoo/Documents/Codex/2026-05-30/new-chat/policy-tracker/data/images/446/ktm.png
446,ktm,7GB,auto_candidate,60000,110000,,2026-02-27 15:49:37,케이엘모바일_부성정책_ 2월 27일_ 15차 정책,"5068 M 스페셜 768( 밀 리 의 서재) 17,900 무제한 무제한 300 분 768 ‘Mbps. 60,000 110,000 60,000 110,000",/Users/jinwoo/Documents/Codex/2026-05-30/new-chat/policy-tracker/data/images/446/ktm.png
446,sk7,11GB,auto_candidate,70000,110000,,2026-02-27 15:49:37,케이엘모바일_부성정책_ 2월 27일_ 15차 정책,"결 합 1068: 글로벌 300 (1168+/ 통 화 맘껏) 46,040 36,140 무제한 ㅣ 무제한 3008 11GB 3Mbps 70,000 110,000 70,000 110,000 Bie 요금제 요금 He 프 로 오션;",/Users/jinwoo/Documents/Codex/2026-05-30/new-chat/policy-tracker/data/images/446/sk7.png
446,sk7,7GB,auto_candidate,70000,110000,,2026-02-27 15:49:37,케이엘모바일_부성정책_ 2월 27일_ 15차 정책,"결 합 1068 글로벌 300 (768+/ 통 화 맘껏) 29,040 19,140 sue 무제한 ㅣ 무제한 3008 768 Mbps. 70,000 110,000, 70,000, 110,000 ㆍ 할 인 금 액 ( 월 기준)",/Users/jinwoo/Documents/Codex/2026-05-30/new-chat/policy-tracker/data/images/446/sk7.png
446,skylife,11GB,auto_candidate,75000,160000,,2026-02-27 15:49:37,케이엘모바일_부성정책_ 2월 27일_ 15차 정책,"2008 | sky 모두 충분 1168+( 모 아진) 34.000 무제한 무제한 | 300%  1168+ 일 268| 314665  75.000 160,000 75,000 | 160,000",/Users/jinwoo/Documents/Codex/2026-05-30/new-chat/policy-tracker/data/images/446/skylife.png
446,skylife,7GB,auto_candidate,65000,130000,,2026-02-27 15:49:37,케이엘모바일_부성정책_ 2월 27일_ 15차 정책,"568 1068 ㅣ SKY 모두 충분 768+( 모 아진) 17,900 무제한 무제한 ㅣ 300 분 768 | 14685 65,000 130,000 65,000 | 130,000",/Users/jinwoo/Documents/Codex/2026-05-30/new-chat/policy-tracker/data/images/446/skylife.png
446,umobile,11GB,auto_candidate,55000,160000,,2026-02-27 15:49:37,케이엘모바일_부성정책_ 2월 27일_ 15차 정책,"2008 LTE 스페셜 34,900 무제한 무제한 | 300 11GB+ 22GB 3Mbps: | 55,000 160,000 55,000 160,000",/Users/jinwoo/Documents/Codex/2026-05-30/new-chat/policy-tracker/data/images/446/umobile.png
446,umobile,7GB,auto_candidate,55000,150000,,2026-02-27 15:49:37,케이엘모바일_부성정책_ 2월 27일_ 15차 정책,"506 LTE (768+/ 통 화 기 본) 18,600 무제한 무제한 | 300 분 768 ‘Mbps | 55,000 150,000 55,000 150,000",/Users/jinwoo/Documents/Codex/2026-05-30/new-chat/policy-tracker/data/images/446/umobile.png
447,hello,11GB,auto_candidate,30000,100000,,2026-02-28 11:39:53,케이엘모바일_부성정책_ 2월 28일_ 16차 정책,"FEW 데이터 더 주는 유심 1168 49,390 | 10,900 | 38,490 | 무제한 | 무제한 | 300 분 | 1168 Y2GB+3Mbps 30,000 100,000 30,000 100,000",/Users/jinwoo/Documents/Codex/2026-05-30/new-chat/policy-tracker/data/images/447/hello.png
447,hello,7GB,auto_candidate,30000,90000,,2026-02-28 11:39:53,케이엘모바일_부성정책_ 2월 28일_ 16차 정책,"DATA 걱 정 없는 유심 768 45.100 | 26,600 | 18,500 | 무제한 | 무제한 | 300 분 7GB ‘Mbps 30,000 90,000 30,000 90,000",/Users/jinwoo/Documents/Codex/2026-05-30/new-chat/policy-tracker/data/images/447/hello.png
447,ktm,11GB,auto_candidate,60000,120000,,2026-02-28 11:39:53,케이엘모바일_부성정책_ 2월 28일_ 16차 정책,"2008 M 프리미엄 1168( 밀 리 의 서 재 ) 34,000 무제한 무제한 300 분 1168+ 일 268|  314605 60,000 120,000 60,000 120,000",/Users/jinwoo/Documents/Codex/2026-05-30/new-chat/policy-tracker/data/images/447/ktm.png
447,ktm,7GB,auto_candidate,60000,110000,,2026-02-28 11:39:53,케이엘모바일_부성정책_ 2월 28일_ 16차 정책,"5068 M 스페셜 768( 밀 리 의 서재) 17,900 무제한 무제한 300 분 768 ‘Mbps. 60,000 110,000 60,000 110,000",/Users/jinwoo/Documents/Codex/2026-05-30/new-chat/policy-tracker/data/images/447/ktm.png
447,sk7,11GB,auto_candidate,70000,110000,,2026-02-28 11:39:53,케이엘모바일_부성정책_ 2월 28일_ 16차 정책,"결 합 1068: 글로벌 300 (1168+/ 통 화 맘껏) 46,040 36,140 무제한 ㅣ 무제한 3008 11GB 3Mbps 70,000 110,000 70,000 110,000 Bie 요금제 요금 He 프 로 오션;",/Users/jinwoo/Documents/Codex/2026-05-30/new-chat/policy-tracker/data/images/447/sk7.png
447,sk7,7GB,auto_candidate,70000,110000,,2026-02-28 11:39:53,케이엘모바일_부성정책_ 2월 28일_ 16차 정책,"결 합 1068 글로벌 300 (768+/ 통 화 맘껏) 29,040 19,140 sue 무제한 ㅣ 무제한 3008 768 Mbps. 70,000 110,000, 70,000, 110,000 ㆍ 할 인 금 액 ( 월 기준)",/Users/jinwoo/Documents/Codex/2026-05-30/new-chat/policy-tracker/data/images/447/sk7.png
447,skylife,11GB,auto_candidate,75000,160000,,2026-02-28 11:39:53,케이엘모바일_부성정책_ 2월 28일_ 16차 정책,"2008 | sky 모두 충분 1168+( 모 아진) 34.000 무제한 무제한 | 300%  1168+ 일 268| 314665  75.000 160,000 75,000 | 160,000",/Users/jinwoo/Documents/Codex/2026-05-30/new-chat/policy-tracker/data/images/447/skylife.png
447,skylife,7GB,auto_candidate,65000,130000,,2026-02-28 11:39:53,케이엘모바일_부성정책_ 2월 28일_ 16차 정책,"568 1068 ㅣ SKY 모두 충분 768+( 모 아진) 17,900 무제한 무제한 ㅣ 300 분 768 | 14685 65,000 130,000 65,000 | 130,000",/Users/jinwoo/Documents/Codex/2026-05-30/new-chat/policy-tracker/data/images/447/skylife.png
447,umobile,11GB,auto_candidate,55000,140000,,2026-02-28 11:39:53,케이엘모바일_부성정책_ 2월 28일_ 16차 정책,"2008 LTE 스페셜 34,900 무제한 무제한 | 300 11GB+ 22GB 3Mbps: 55,000 140,000 55,000 140,000",/Users/jinwoo/Documents/Codex/2026-05-30/new-chat/policy-tracker/data/images/447/umobile.png
447,umobile,7GB,auto_candidate,55000,130000,,2026-02-28 11:39:53,케이엘모바일_부성정책_ 2월 28일_ 16차 정책,"506 LTE (768+/ 통 화 기 본) 18,600 무제한 무제한 | 300 분 768 ‘Mbps 55,000 130,000 55,000 130,000",/Users/jinwoo/Documents/Codex/2026-05-30/new-chat/policy-tracker/data/images/447/umobile.png
448,hello,11GB,auto_candidate,30000,120000,,2026-03-02 11:15:25,케이엘모바일_부성정책_ 3월 1일_ 1차 정책,"The 착한 데이터 유심 11GB 33,990 무제한 무제한 300 분 11.068 일 208+314605 | 30,000 120,000 30,000 120,000",/Users/jinwoo/Documents/Codex/2026-05-30/new-chat/policy-tracker/data/images/448/hello.png
448,hello,7GB,auto_candidate,30000,90000,,2026-03-02 11:15:25,케이엘모바일_부성정책_ 3월 1일_ 1차 정책,"DATA 걱 정 없는 유심 768 18,500 무제한 무제한 300 분 768 Mbps | 30,000 90,000 30,000 90,000",/Users/jinwoo/Documents/Codex/2026-05-30/new-chat/policy-tracker/data/images/448/hello.png
448,ktm,11GB,auto_candidate,60000,120000,,2026-03-02 11:15:25,케이엘모바일_부성정책_ 3월 1일_ 1차 정책,"2008 M 프리미엄 1168( 밀 리 의 서재) 34,000 무제한 | 무제한 300%  |1168+ 일 268| 3Mbps 60,000 120,000 60,000 120,000 |",/Users/jinwoo/Documents/Codex/2026-05-30/new-chat/policy-tracker/data/images/448/ktm.png
448,ktm,7GB,auto_candidate,60000,110000,,2026-03-02 11:15:25,케이엘모바일_부성정책_ 3월 1일_ 1차 정책,"5GB M 스페셜 768( 밀 리 의 서재) 17,900 무제한 | 무제한 300 분 708 ‘Mbps 60,000 110,000 60,000 110,000 |",/Users/jinwoo/Documents/Codex/2026-05-30/new-chat/policy-tracker/data/images/448/ktm.png
448,skylife,11GB,auto_candidate,75000,120000,,2026-03-02 11:15:25,케이엘모바일_부성정책_ 3월 1일_ 1차 정책,"20GB SKY 모두 충분 1168+( 밀 리 의 서재) 34,000 무제한 | 무제한 300 분 | 1168+ 일 268 | 3Mbps. 75,000 120,000 75,000 120,000",/Users/jinwoo/Documents/Codex/2026-05-30/new-chat/policy-tracker/data/images/448/skylife.png
448,skylife,7GB,auto_candidate,65000,110000,,2026-03-02 11:15:25,케이엘모바일_부성정책_ 3월 1일_ 1차 정책,"5GB 1068 SKY 모두 충분 768+( 밀 리 의 서재) 17.900 무제한 | 무제한 300 분 | 768 1Mbps 65,000 110,000 65,000 110,000",/Users/jinwoo/Documents/Codex/2026-05-30/new-chat/policy-tracker/data/images/448/skylife.png
448,umobile,11GB,auto_candidate,55000,120000,,2026-03-02 11:15:25,케이엘모바일_부성정책_ 3월 1일_ 1차 정책,"| 2008 LTE 스페셜 34,900 무제한 | 무제한 ： 300 분 1168+ 일 208 3Mbps. 55,000 120,000 55,000 120,000",/Users/jinwoo/Documents/Codex/2026-05-30/new-chat/policy-tracker/data/images/448/umobile.png
448,umobile,7GB,auto_candidate,55000,110000,,2026-03-02 11:15:25,케이엘모바일_부성정책_ 3월 1일_ 1차 정책,"16 무제한 | 508 LTE (708+/ 통 화 기 본) 18,600 무제한 | 무제한 ㅣ 300 분 768 Mbps 55,000 110,000 55,000 110,000",/Users/jinwoo/Documents/Codex/2026-05-30/new-chat/policy-tracker/data/images/448/umobile.png
449,hello,11GB,auto_candidate,30000,120000,,2026-03-03 10:30:01,케이엘모바일_부성정책_ 3월 3일_ 2차 정책,"The 착한 데이터 유심 11GB 33,990 무제한 무제한 300 분 11.068 일 208+314605 | 30,000 120,000 30,000 120,000",/Users/jinwoo/Documents/Codex/2026-05-30/new-chat/policy-tracker/data/images/449/hello.png
449,hello,7GB,auto_candidate,30000,90000,,2026-03-03 10:30:01,케이엘모바일_부성정책_ 3월 3일_ 2차 정책,"DATA 걱 정 없는 유심 768 18,500 무제한 무제한 300 분 768 Mbps | 30,000 90,000 30,000 90,000",/Users/jinwoo/Documents/Codex/2026-05-30/new-chat/policy-tracker/data/images/449/hello.png
449,ktm,11GB,auto_candidate,80000,120000,,2026-03-03 10:30:01,케이엘모바일_부성정책_ 3월 3일_ 2차 정책,"20GB M 프리미엄 1160( 밀 리 의 서재) 34,000 무제한 무제한 300%  |1168+ 일 208. 31605 80,000 120,000 80,000 120,000",/Users/jinwoo/Documents/Codex/2026-05-30/new-chat/policy-tracker/data/images/449/ktm.png
449,ktm,7GB,auto_candidate,80000,110000,,2026-03-03 10:30:01,케이엘모바일_부성정책_ 3월 3일_ 2차 정책,"56GB MAMA 768( 밀 리 의 서재) 17,900 무제한 무제한 300 분 708 ‘Mbps 80,000 110,000 80,000 110,000",/Users/jinwoo/Documents/Codex/2026-05-30/new-chat/policy-tracker/data/images/449/ktm.png
449,sk7,11GB,auto_candidate,80000,120000,,2026-03-03 10:30:01,케이엘모바일_부성정책_ 3월 3일_ 2차 정책,"7066 글로벌 300 (1168+/ 통 화 맘껏) 46,040 36,140 무제한 | 무제한 . 300 분 ㅣ 1168 34665 80.000 | 120000 80000 ㅣ 120.000 < 글 로 벌 요금제 요금 할인 프 로 모 션 >",/Users/jinwoo/Documents/Codex/2026-05-30/new-chat/policy-tracker/data/images/449/sk7.png
449,sk7,7GB,auto_candidate,80000,110000,,2026-03-03 10:30:01,케이엘모바일_부성정책_ 3월 3일_ 2차 정책,"7068 글로벌 300 (768+/ 동 화 맘껏) 29,040 19,140 .69 편 의 점 무제한 | 무제한 300% ㅣ 708 ‘Mbps 80,000 | 110,000 80,000 ㅣ 110.000 . 할인 금 액 ( 월 기준)",/Users/jinwoo/Documents/Codex/2026-05-30/new-chat/policy-tracker/data/images/449/sk7.png
449,skylife,11GB,auto_candidate,75000,120000,,2026-03-03 10:30:01,케이엘모바일_부성정책_ 3월 3일_ 2차 정책,"2068 SKY 모두 충분 1168+( 밀 리 의 서재) 34,000 ㅣ 무제한 ㅣ 무제한  300 분 1168+ 일 268. 31605 75,000 120,000 75,000 120,000",/Users/jinwoo/Documents/Codex/2026-05-30/new-chat/policy-tracker/data/images/449/skylife.png
449,skylife,7GB,auto_candidate,65000,110000,,2026-03-03 10:30:01,케이엘모바일_부성정책_ 3월 3일_ 2차 정책,"5068 1068  51<* 모두 충분 768+( 밀 리 의 서재) 17900 무제한 ㅣ 무제한 ㅣ 300 분 768 46605 65,000 110,000 65,000 110,000",/Users/jinwoo/Documents/Codex/2026-05-30/new-chat/policy-tracker/data/images/449/skylife.png
449,umobile,11GB,auto_candidate,60000,120000,,2026-03-03 10:30:01,케이엘모바일_부성정책_ 3월 3일_ 2차 정책,"20GB LTE 스폐셜 34,900 무제한 무제한 ： 300 분 1168+ 일 208 3Mbps 60,000 120,000 60,000 120,000",/Users/jinwoo/Documents/Codex/2026-05-30/new-chat/policy-tracker/data/images/449/umobile.png
449,umobile,7GB,auto_candidate,60000,110000,,2026-03-03 10:30:01,케이엘모바일_부성정책_ 3월 3일_ 2차 정책,"116 무제한 568 LTE (768+/ 통 화 기 본) 18,600 무제한 무제한 ： 300 분 768 Mbps. 60,000 110,000 60,000 110,000",/Users/jinwoo/Documents/Codex/2026-05-30/new-chat/policy-tracker/data/images/449/umobile.png
450,hello,11GB,auto_candidate,30000,120000,,2026-03-05 10:25:51,케이엘모바일_부성정책_ 3월 5일_ 3차 정책,"The 착한 데이터 유심 11GB 33,990 무제한 무제한 300 분 11.068 일 208+314605 | 30,000 120,000 30,000 120,000",/Users/jinwoo/Documents/Codex/2026-05-30/new-chat/policy-tracker/data/images/450/hello.png
450,hello,7GB,auto_candidate,30000,90000,,2026-03-05 10:25:51,케이엘모바일_부성정책_ 3월 5일_ 3차 정책,"DATA 걱 정 없는 유심 768 18,500 무제한 무제한 300 분 768 Mbps | 30,000 90,000 30,000 90,000",/Users/jinwoo/Documents/Codex/2026-05-30/new-chat/policy-tracker/data/images/450/hello.png
450,ktm,11GB,auto_candidate,80000,120000,,2026-03-05 10:25:51,케이엘모바일_부성정책_ 3월 5일_ 3차 정책,"20GB M 프리미엄 1160( 밀 리 의 서재) 34,000 무제한 무제한 300%  |1168+ 일 208. 31605 80,000 120,000 80,000 120,000",/Users/jinwoo/Documents/Codex/2026-05-30/new-chat/policy-tracker/data/images/450/ktm.png
450,ktm,7GB,auto_candidate,80000,110000,,2026-03-05 10:25:51,케이엘모바일_부성정책_ 3월 5일_ 3차 정책,"56GB MAMA 768( 밀 리 의 서재) 17,900 무제한 무제한 300 분 708 ‘Mbps 80,000 110,000 80,000 110,000",/Users/jinwoo/Documents/Codex/2026-05-30/new-chat/policy-tracker/data/images/450/ktm.png
450,sk7,11GB,auto_candidate,80000,120000,,2026-03-05 10:25:51,케이엘모바일_부성정책_ 3월 5일_ 3차 정책,"7066 글로벌 300 (1168+/ 통 화 맘껏) 46,040 36,140 무제한 | 무제한 . 300 분 ㅣ 1168 34665 80.000 | 120000 80000 ㅣ 120.000 < 글 로 벌 요금제 요금 할인 프 로 모 션 >",/Users/jinwoo/Documents/Codex/2026-05-30/new-chat/policy-tracker/data/images/450/sk7.png
450,sk7,7GB,auto_candidate,80000,110000,,2026-03-05 10:25:51,케이엘모바일_부성정책_ 3월 5일_ 3차 정책,"7068 글로벌 300 (768+/ 동 화 맘껏) 29,040 19,140 .69 편 의 점 무제한 | 무제한 300% ㅣ 708 ‘Mbps 80,000 | 110,000 80,000 ㅣ 110.000 . 할인 금 액 ( 월 기준)",/Users/jinwoo/Documents/Codex/2026-05-30/new-chat/policy-tracker/data/images/450/sk7.png
450,skylife,11GB,auto_candidate,75000,120000,,2026-03-05 10:25:51,케이엘모바일_부성정책_ 3월 5일_ 3차 정책,"2068 SKY 모두 충분 1168+( 밀 리 의 서재) 34,000 ㅣ 무제한 ㅣ 무제한  300 분 1168+ 일 268. 31605 75,000 120,000 75,000 120,000",/Users/jinwoo/Documents/Codex/2026-05-30/new-chat/policy-tracker/data/images/450/skylife.png
450,skylife,7GB,auto_candidate,65000,110000,,2026-03-05 10:25:51,케이엘모바일_부성정책_ 3월 5일_ 3차 정책,"5068 1068  51<* 모두 충분 768+( 밀 리 의 서재) 17900 무제한 ㅣ 무제한 ㅣ 300 분 768 46605 65,000 110,000 65,000 110,000",/Users/jinwoo/Documents/Codex/2026-05-30/new-chat/policy-tracker/data/images/450/skylife.png
450,umobile,11GB,auto_candidate,60000,120000,,2026-03-05 10:25:51,케이엘모바일_부성정책_ 3월 5일_ 3차 정책,"20GB LTE 스폐셜 34,900 무제한 무제한 ： 300 분 1168+ 일 208 3Mbps 60,000 120,000 60,000 120,000",/Users/jinwoo/Documents/Codex/2026-05-30/new-chat/policy-tracker/data/images/450/umobile.png
450,umobile,7GB,auto_candidate,60000,110000,,2026-03-05 10:25:51,케이엘모바일_부성정책_ 3월 5일_ 3차 정책,"116 무제한 568 LTE (768+/ 통 화 기 본) 18,600 무제한 무제한 ： 300 분 768 Mbps. 60,000 110,000 60,000 110,000",/Users/jinwoo/Documents/Codex/2026-05-30/new-chat/policy-tracker/data/images/450/umobile.png
451,hello,11GB,auto_candidate,30000,150000,,2026-03-06 11:16:17,케이엘모바일_부성정책_ 3월 6일_ 4차 정책,"The 착한 데이터 유심 1168 33,990 무제한 무제한 300 분 11.068 2GB+3Mbps 30,000 150,000 30,000 150,000",/Users/jinwoo/Documents/Codex/2026-05-30/new-chat/policy-tracker/data/images/451/hello.png
451,hello,7GB,auto_candidate,30000,90000,,2026-03-06 11:16:17,케이엘모바일_부성정책_ 3월 6일_ 4차 정책,"DATA 걱 정 없는 유심 768 18,500 무제한 무제한 300 분 768 Mbps 30,000 90,000 30,000 90,000",/Users/jinwoo/Documents/Codex/2026-05-30/new-chat/policy-tracker/data/images/451/hello.png
451,ktm,11GB,auto_candidate,80000,120000,,2026-03-06 11:16:17,케이엘모바일_부성정책_ 3월 6일_ 4차 정책,"2008 | 프리미엄 1160( 밀 리 의 서재) 34,000 무제한 무제한 300 분  1168+ 일 208. 34665 80,000 120,000 80,000 120,000",/Users/jinwoo/Documents/Codex/2026-05-30/new-chat/policy-tracker/data/images/451/ktm.png
451,ktm,7GB,auto_candidate,70000,110000,,2026-03-06 11:16:17,케이엘모바일_부성정책_ 3월 6일_ 4차 정책,"506 | 스페셜 768( 밀 리 의 서재) 17,900 무제한 무제한 300 분 768 003 70,000 110,000 70,000 110,000",/Users/jinwoo/Documents/Codex/2026-05-30/new-chat/policy-tracker/data/images/451/ktm.png
451,sk7,11GB,auto_candidate,80000,130000,,2026-03-06 11:16:17,케이엘모바일_부성정책_ 3월 6일_ 4차 정책,"2006 글로벌 300 (1168+/ 통 화 맘껏) 46,040 36,140 무제한 ㅣ 무제한 | 300 분 | 1168 34605 80.000 130,000 80000 ㅣ 130.000 < 글 로 벌 요금제 요금 할인 프 로 모 션 >",/Users/jinwoo/Documents/Codex/2026-05-30/new-chat/policy-tracker/data/images/451/sk7.png
451,sk7,7GB,auto_candidate,80000,120000,,2026-03-06 11:16:17,케이엘모바일_부성정책_ 3월 6일_ 4차 정책,"508 글로벌 300 (768+/ 통 화 맘껏)  29,040 19,140 .65 편 의 점 무제한 ㅣ 무제한 | 300 분 ㅣ 768 Mbps 80,000 120,000 80,000 120,000 Bel 금 액 ( 월 기준)",/Users/jinwoo/Documents/Codex/2026-05-30/new-chat/policy-tracker/data/images/451/sk7.png
451,skylife,11GB,auto_candidate,75000,120000,,2026-03-06 11:16:17,케이엘모바일_부성정책_ 3월 6일_ 4차 정책,"2008 156 모두 충분 1168+( 밀 리 의 서재) 34,000 무제한 무제한 300% |1168+ 일 208| 34605 75,000 120,000 75,000 | 120.000",/Users/jinwoo/Documents/Codex/2026-05-30/new-chat/policy-tracker/data/images/451/skylife.png
451,skylife,7GB,auto_candidate,65000,110000,,2026-03-06 11:16:17,케이엘모바일_부성정책_ 3월 6일_ 4차 정책,"5GB 1068 156 모두 충분 766+( 밀 리 의 서재) 17,900 무제한 무제한 300 분 768 1Mbps 65,000 110,000 65,000 | 110,000",/Users/jinwoo/Documents/Codex/2026-05-30/new-chat/policy-tracker/data/images/451/skylife.png
451,umobile,11GB,auto_candidate,60000,150000,,2026-03-06 11:16:17,케이엘모바일_부성정책_ 3월 6일_ 4차 정책,"| 2008 LTE 스페셜 34,900 무제한 | 무제한 ㅣ 300 분 1168+ 일 208 3Mbps 60,000 150,000 60,000 150,000",/Users/jinwoo/Documents/Codex/2026-05-30/new-chat/policy-tracker/data/images/451/umobile.png
451,umobile,7GB,auto_candidate,60000,120000,,2026-03-06 11:16:17,케이엘모바일_부성정책_ 3월 6일_ 4차 정책,"176 무제한 | 568  | 나 트 (768+/ 통 화 기 본) 18,600 무제한 | 무제한 ㅣ 300 분 708 ‘Mbps 60,000 120,000 60,000 120,000",/Users/jinwoo/Documents/Codex/2026-05-30/new-chat/policy-tracker/data/images/451/umobile.png
452,hello,11GB,auto_candidate,30000,150000,,2026-03-07 11:26:39,케이엘모바일_부성정책_ 3월 7일_ 5차 정책,"The 착한 데이터 유심 1168 33,990 무제한 무제한 300 분 11.068 2GB+3Mbps 30,000 150,000 30,000 150,000",/Users/jinwoo/Documents/Codex/2026-05-30/new-chat/policy-tracker/data/images/452/hello.png
452,hello,7GB,auto_candidate,30000,90000,,2026-03-07 11:26:39,케이엘모바일_부성정책_ 3월 7일_ 5차 정책,"DATA 걱 정 없는 유심 768 18,500 무제한 무제한 300 분 768 Mbps 30,000 90,000 30,000 90,000",/Users/jinwoo/Documents/Codex/2026-05-30/new-chat/policy-tracker/data/images/452/hello.png
452,ktm,11GB,auto_candidate,80000,140000,,2026-03-07 11:26:39,케이엘모바일_부성정책_ 3월 7일_ 5차 정책,"2006 10 프리미엄 1168( 밀 리 의 서재) 34,000 무제한 무제한 300 분 1168+ 일 268. 3Mbps 80,000 140,000 80,000 140,000",/Users/jinwoo/Documents/Codex/2026-05-30/new-chat/policy-tracker/data/images/452/ktm.png
452,ktm,7GB,auto_candidate,70000,130000,,2026-03-07 11:26:39,케이엘모바일_부성정책_ 3월 7일_ 5차 정책,"5066 |/M 스페셜 768( 밀 리 의 서재) 17,900 무제한 무제한 300 분 768 ‘Mbps. 70,000 130,000 70,000 130,000",/Users/jinwoo/Documents/Codex/2026-05-30/new-chat/policy-tracker/data/images/452/ktm.png
452,sk7,11GB,auto_candidate,80000,140000,,2026-03-07 11:26:39,케이엘모바일_부성정책_ 3월 7일_ 5차 정책,"20GB 글로벌 300 (1168+/ 통 화 맘껏) 46,040 36,140 무제한 ㅣ 무제한 ㅣ 300 분 1168 3Mbps 80,000 140,000, 80,000 140,000 < 글 로 벌 요금제 요금 할인 프 로 모 션 >",/Users/jinwoo/Documents/Codex/2026-05-30/new-chat/policy-tracker/data/images/452/sk7.png
452,sk7,7GB,auto_candidate,80000,130000,,2026-03-07 11:26:39,케이엘모바일_부성정책_ 3월 7일_ 5차 정책,"506 글로벌 300 (768+/ 통 화 맘껏. 29,040 | 19,140 '69 편 의 점 무제한 ㅣ 무제한  300 분 | 708 76605 80.000 | 130,000 | 80,000 | 130,000 ㆍ 할인 금 액 ( 월 기준)",/Users/jinwoo/Documents/Codex/2026-05-30/new-chat/policy-tracker/data/images/452/sk7.png
452,skylife,11GB,auto_candidate,75000,130000,,2026-03-07 11:26:39,케이엘모바일_부성정책_ 3월 7일_ 5차 정책,"2008 156 모두 충분 1168+( 밀 리 의 서재) 34,000 무제한 무제한 300 분 |1168+ 일 268 | 314605 75,000 130,000 75,000 | 130,000",/Users/jinwoo/Documents/Codex/2026-05-30/new-chat/policy-tracker/data/images/452/skylife.png
452,skylife,7GB,auto_candidate,65000,120000,,2026-03-07 11:26:39,케이엘모바일_부성정책_ 3월 7일_ 5차 정책,"5GB 1068 156 모두 충분 766+( 밀 리 의 서재) 17,900 무제한 무제한 300 분 768 ‘Mbps 65,000 120,000 65,000 | 120,000",/Users/jinwoo/Documents/Codex/2026-05-30/new-chat/policy-tracker/data/images/452/skylife.png
452,umobile,11GB,auto_candidate,60000,150000,,2026-03-07 11:26:39,케이엘모바일_부성정책_ 3월 7일_ 5차 정책,"| 2008 LTE 스페셜 34,900 무제한 | 무제한 ㅣ 300 분 1168+ 일 208 3Mbps 60,000 150,000 60,000 150,000",/Users/jinwoo/Documents/Codex/2026-05-30/new-chat/policy-tracker/data/images/452/umobile.png
452,umobile,7GB,auto_candidate,60000,120000,,2026-03-07 11:26:39,케이엘모바일_부성정책_ 3월 7일_ 5차 정책,"176 무제한 | 568  | 나 트 (768+/ 통 화 기 본) 18,600 무제한 | 무제한 ㅣ 300 분 708 ‘Mbps 60,000 120,000 60,000 120,000",/Users/jinwoo/Documents/Codex/2026-05-30/new-chat/policy-tracker/data/images/452/umobile.png
453,hello,11GB,auto_candidate,30000,130000,,2026-03-10 10:21:01,케이엘모바일_부성정책_ 3월 10일_ 6차 정책,"The 착한 데이터 유심 11GB 49,390 | 15,400 33,990 무제한 | 무제한 300 분 11.068 일 268+3146605 30,000 130,000 30,000 130,000 |",/Users/jinwoo/Documents/Codex/2026-05-30/new-chat/policy-tracker/data/images/453/hello.png
453,hello,7GB,auto_candidate,30000,90000,,2026-03-10 10:21:01,케이엘모바일_부성정책_ 3월 10일_ 6차 정책,"DATA 걱 정 없는 유심 768 45,100 | 26,600 | 18,500 무제한 | 무제한 300 분 768 ‘Mbps 30,000 90,000 30,000 90,000 |",/Users/jinwoo/Documents/Codex/2026-05-30/new-chat/policy-tracker/data/images/453/hello.png
453,ktm,11GB,auto_candidate,80000,130000,,2026-03-10 10:21:01,케이엘모바일_부성정책_ 3월 10일_ 6차 정책,"2008 ™ 프리미엄 1168( 밀 리 의 서재) 34,000 무제한 | 무제한 300%  1168+ 일 208| 34605 80,000 130,000 80,000 130,000 |",/Users/jinwoo/Documents/Codex/2026-05-30/new-chat/policy-tracker/data/images/453/ktm.png
453,ktm,7GB,auto_candidate,70000,120000,,2026-03-10 10:21:01,케이엘모바일_부성정책_ 3월 10일_ 6차 정책,"5GB ™ 스페셜 768( 밀 리 의 서재) 17,900 무제한 | 무제한 300 분 708 ‘Mbps 70,000 120,000 70,000 120,000 |",/Users/jinwoo/Documents/Codex/2026-05-30/new-chat/policy-tracker/data/images/453/ktm.png
453,sk7,11GB,auto_candidate,70000,130000,,2026-03-10 10:21:01,케이엘모바일_부성정책_ 3월 10일_ 6차 정책,"20GB 글로벌 300 (1168+/ 통 화 맘껏) 46,040 36,140 무제한 ㅣ 무제한 ： 300 분 1168 3Mbps 70,000 130,000, 70,000 130,000 | < 글 로 벌 요금제 요금 할인 프 로 모 션 >",/Users/jinwoo/Documents/Codex/2026-05-30/new-chat/policy-tracker/data/images/453/sk7.png
453,sk7,7GB,auto_candidate,70000,120000,,2026-03-10 10:21:01,케이엘모바일_부성정책_ 3월 10일_ 6차 정책,"508 글로벌 300 (768+/ 통 화 맘껏) 29,040 | 19,140 '69 편 의 점 무제한 | 무제한 | 300 분 ㅣ 768 ‘Mbps 70,000 | 120,000 70,000 120,000 ㆍ 할인 금 액 ( 월 기준)",/Users/jinwoo/Documents/Codex/2026-05-30/new-chat/policy-tracker/data/images/453/sk7.png
453,skylife,11GB,auto_candidate,75000,130000,,2026-03-10 10:21:01,케이엘모바일_부성정책_ 3월 10일_ 6차 정책,"2008 156 모두 충분 1168+( 밀 리 의 서재) 34,000 무제한 무제한 300 분 |1168+ 일 268 | 314605 75,000 130,000 75,000 | 130,000",/Users/jinwoo/Documents/Codex/2026-05-30/new-chat/policy-tracker/data/images/453/skylife.png
453,skylife,7GB,auto_candidate,65000,120000,,2026-03-10 10:21:01,케이엘모바일_부성정책_ 3월 10일_ 6차 정책,"5GB 1068 156 모두 충분 766+( 밀 리 의 서재) 17,900 무제한 무제한 300 분 768 ‘Mbps 65,000 120,000 65,000 | 120,000",/Users/jinwoo/Documents/Codex/2026-05-30/new-chat/policy-tracker/data/images/453/skylife.png
453,umobile,11GB,auto_candidate,60000,130000,,2026-03-10 10:21:01,케이엘모바일_부성정책_ 3월 10일_ 6차 정책,"20GB LTE 스폐셜 34,900 무제한 무제한 | 300 분 1168+ 일 268 3Mbps. 60,000 130,000 | 60,000 130,000",/Users/jinwoo/Documents/Codex/2026-05-30/new-chat/policy-tracker/data/images/453/umobile.png
453,umobile,7GB,auto_candidate,60000,110000,,2026-03-10 10:21:01,케이엘모바일_부성정책_ 3월 10일_ 6차 정책,"176 무제한 568 LTE (768+/ 통 화 기 본) 18,600 무제한 무제한 | 300 분 708 ‘Mbps 60,000 110,000 | 60,000 110,000",/Users/jinwoo/Documents/Codex/2026-05-30/new-chat/policy-tracker/data/images/453/umobile.png
454,hello,11GB,auto_candidate,30000,130000,,2026-03-11 13:05:47,케이엘모바일_부성정책_ 3월 11일_ 7차 정책,"The 착한 데이터 유심 11GB 49,390 | 15,400 33,990 무제한 | 무제한 300 분 11.068 일 268+3146605 30,000 130,000 30,000 130,000 |",/Users/jinwoo/Documents/Codex/2026-05-30/new-chat/policy-tracker/data/images/454/hello.png
454,hello,7GB,auto_candidate,30000,90000,,2026-03-11 13:05:47,케이엘모바일_부성정책_ 3월 11일_ 7차 정책,"DATA 걱 정 없는 유심 768 45,100 | 26,600 | 18,500 무제한 | 무제한 300 분 768 ‘Mbps 30,000 90,000 30,000 90,000 |",/Users/jinwoo/Documents/Codex/2026-05-30/new-chat/policy-tracker/data/images/454/hello.png
454,ktm,11GB,auto_candidate,80000,130000,,2026-03-11 13:05:47,케이엘모바일_부성정책_ 3월 11일_ 7차 정책,"2008 ™ 프리미엄 1168( 밀 리 의 서재) 34,000 무제한 | 무제한 300%  1168+ 일 208| 34605 80,000 130,000 80,000 130,000 |",/Users/jinwoo/Documents/Codex/2026-05-30/new-chat/policy-tracker/data/images/454/ktm.png
454,ktm,7GB,auto_candidate,70000,120000,,2026-03-11 13:05:47,케이엘모바일_부성정책_ 3월 11일_ 7차 정책,"5GB ™ 스페셜 768( 밀 리 의 서재) 17,900 무제한 | 무제한 300 분 708 ‘Mbps 70,000 120,000 70,000 120,000 |",/Users/jinwoo/Documents/Codex/2026-05-30/new-chat/policy-tracker/data/images/454/ktm.png
454,umobile,11GB,auto_candidate,70000,130000,,2026-03-11 13:05:47,케이엘모바일_부성정책_ 3월 11일_ 7차 정책,"20GB LTE 스폐셜 34,900 무제한 무제한 | 300 분 1168+ 일 268 3Mbps. 70,000 130,000 | 70,000 130,000",/Users/jinwoo/Documents/Codex/2026-05-30/new-chat/policy-tracker/data/images/454/umobile.png
454,umobile,7GB,auto_candidate,70000,120000,,2026-03-11 13:05:47,케이엘모바일_부성정책_ 3월 11일_ 7차 정책,"헬 스 케어 566 다 성 비 (768+/ 통 화 기 본 ) 19,300 | 무제한 무제한 300 분 768 ‘Mbps. 70,000 120,000 70,000 120,000",/Users/jinwoo/Documents/Codex/2026-05-30/new-chat/policy-tracker/data/images/454/umobile.png
455,hello,11GB,auto_candidate,30000,130000,,2026-03-13 10:00:33,케이엘모바일_부성정책_ 3월 13일_ 8차 정책,"The 착한 데이터 유심 11GB 49,390 | 15,400 33,990 무제한 | 무제한 300 분 11.068 일 268+3146605 30,000 130,000 30,000 130,000 |",/Users/jinwoo/Documents/Codex/2026-05-30/new-chat/policy-tracker/data/images/455/hello.png
455,hello,7GB,auto_candidate,30000,90000,,2026-03-13 10:00:33,케이엘모바일_부성정책_ 3월 13일_ 8차 정책,"DATA 걱 정 없는 유심 768 45,100 | 26,600 | 18,500 무제한 | 무제한 300 분 768 ‘Mbps 30,000 90,000 30,000 90,000 |",/Users/jinwoo/Documents/Codex/2026-05-30/new-chat/policy-tracker/data/images/455/hello.png
455,ktm,11GB,auto_candidate,80000,130000,,2026-03-13 10:00:33,케이엘모바일_부성정책_ 3월 13일_ 8차 정책,"2008 ™ 프리미엄 1168( 밀 리 의 서재) 34,000 무제한 | 무제한 300%  1168+ 일 208| 34605 80,000 130,000 80,000 130,000 |",/Users/jinwoo/Documents/Codex/2026-05-30/new-chat/policy-tracker/data/images/455/ktm.png
455,ktm,7GB,auto_candidate,70000,120000,,2026-03-13 10:00:33,케이엘모바일_부성정책_ 3월 13일_ 8차 정책,"5GB ™ 스페셜 768( 밀 리 의 서재) 17,900 무제한 | 무제한 300 분 708 ‘Mbps 70,000 120,000 70,000 120,000 |",/Users/jinwoo/Documents/Codex/2026-05-30/new-chat/policy-tracker/data/images/455/ktm.png
455,sk7,11GB,auto_candidate,70000,130000,,2026-03-13 10:00:33,케이엘모바일_부성정책_ 3월 13일_ 8차 정책,"2008 글로벌 300 (1168+/ 통 화 맘껏) 46,040 36,140 무제한 ㅣ 무제한 ： 300 분 1168 3Mbps 70,000 130,000 70,000 130,000 | < 글 로 벌 요금제 요금 할인 프 로 모 션 >",/Users/jinwoo/Documents/Codex/2026-05-30/new-chat/policy-tracker/data/images/455/sk7.png
455,sk7,7GB,auto_candidate,70000,120000,,2026-03-13 10:00:33,케이엘모바일_부성정책_ 3월 13일_ 8차 정책,"508 글로벌 300 (768+/ 통 화 맘껏.  29,040 | 19,140 '69 편 의 점 무제한 | 무제한 ㅣ 300 분 | 708 76605 70,000 | 120,000 70,000 ㅣ 120,000 ㆍ 할인 금 액 ( 월 기준)",/Users/jinwoo/Documents/Codex/2026-05-30/new-chat/policy-tracker/data/images/455/sk7.png
455,skylife,11GB,auto_candidate,75000,130000,,2026-03-13 10:00:33,케이엘모바일_부성정책_ 3월 13일_ 8차 정책,"2008 156 모두 충분 1168+( 밀 리 의 서재) 34,000 무제한 무제한 300 분 |1168+ 일 268 | 314605 75,000 130,000 75,000 | 130,000",/Users/jinwoo/Documents/Codex/2026-05-30/new-chat/policy-tracker/data/images/455/skylife.png
455,skylife,7GB,auto_candidate,65000,120000,,2026-03-13 10:00:33,케이엘모바일_부성정책_ 3월 13일_ 8차 정책,"5GB 1068 156 모두 충분 766+( 밀 리 의 서재) 17,900 무제한 무제한 300 분 768 ‘Mbps 65,000 120,000 65,000 | 120,000",/Users/jinwoo/Documents/Codex/2026-05-30/new-chat/policy-tracker/data/images/455/skylife.png
455,umobile,11GB,auto_candidate,70000,130000,,2026-03-13 10:00:33,케이엘모바일_부성정책_ 3월 13일_ 8차 정책,"20GB LTE 스폐셜 34,900 무제한 무제한 | 300 분 1168+ 일 268 3Mbps. 70,000 130,000 | 70,000 130,000",/Users/jinwoo/Documents/Codex/2026-05-30/new-chat/policy-tracker/data/images/455/umobile.png
455,umobile,7GB,auto_candidate,70000,120000,,2026-03-13 10:00:33,케이엘모바일_부성정책_ 3월 13일_ 8차 정책,"헬 스 케어 566 다 성 비 (768+/ 통 화 기 본 ) 19,300 | 무제한 무제한 300 분 768 ‘Mbps. 70,000 120,000 70,000 120,000",/Users/jinwoo/Documents/Codex/2026-05-30/new-chat/policy-tracker/data/images/455/umobile.png
456,hello,11GB,auto_candidate,30000,130000,,2026-03-18 09:53:26,케이엘모바일_부성정책_ 3월 18일_ 9차 정책,"| 2008 The 착한 데이터 유심 11GB 49,390 | 15,400 33,990 무제한 무제한 3008 11.068 ‘Y2GB+3Mbps 30,000 130,000 30,000 130,000",/Users/jinwoo/Documents/Codex/2026-05-30/new-chat/policy-tracker/data/images/456/hello.png
456,hello,7GB,auto_candidate,30000,90000,,2026-03-18 09:53:26,케이엘모바일_부성정책_ 3월 18일_ 9차 정책,"568 DATA 걱 정 없는 유심 768 45,100 | 26.600 18,500 무제한 무제한 300 분 768 ‘Mbps, 30,000 90,000 30,000 90,000 |",/Users/jinwoo/Documents/Codex/2026-05-30/new-chat/policy-tracker/data/images/456/hello.png
456,ktm,11GB,auto_candidate,80000,130000,,2026-03-18 09:53:26,케이엘모바일_부성정책_ 3월 18일_ 9차 정책,"2008 ™ 프리미엄 1168( 밀 리 의 서재) 34,000 무제한 | 무제한 300%  1168+ 일 208| 34605 80,000 130,000 80,000 130,000 |",/Users/jinwoo/Documents/Codex/2026-05-30/new-chat/policy-tracker/data/images/456/ktm.png
456,ktm,7GB,auto_candidate,70000,120000,,2026-03-18 09:53:26,케이엘모바일_부성정책_ 3월 18일_ 9차 정책,"5GB ™ 스페셜 768( 밀 리 의 서재) 17,900 무제한 | 무제한 300 분 708 ‘Mbps 70,000 120,000 70,000 120,000 |",/Users/jinwoo/Documents/Codex/2026-05-30/new-chat/policy-tracker/data/images/456/ktm.png
456,sk7,11GB,auto_candidate,70000,130000,,2026-03-18 09:53:26,케이엘모바일_부성정책_ 3월 18일_ 9차 정책,"2008 글로벌 300 (1168+/ 통 화 맘껏) 46,040 36,140 무제한 ㅣ 무제한 ： 300 분 1168 3Mbps 70,000 130,000 70,000 130,000 | < 글 로 벌 요금제 요금 할인 프 로 모 션 >",/Users/jinwoo/Documents/Codex/2026-05-30/new-chat/policy-tracker/data/images/456/sk7.png
456,sk7,7GB,auto_candidate,70000,120000,,2026-03-18 09:53:26,케이엘모바일_부성정책_ 3월 18일_ 9차 정책,"508 글로벌 300 (768+/ 통 화 맘껏.  29,040 | 19,140 '69 편 의 점 무제한 | 무제한 ㅣ 300 분 | 708 76605 70,000 | 120,000 70,000 ㅣ 120,000 ㆍ 할인 금 액 ( 월 기준)",/Users/jinwoo/Documents/Codex/2026-05-30/new-chat/policy-tracker/data/images/456/sk7.png
456,skylife,11GB,auto_candidate,75000,130000,,2026-03-18 09:53:26,케이엘모바일_부성정책_ 3월 18일_ 9차 정책,"2008 156 모두 충분 1168+( 밀 리 의 서재) 34,000 무제한 무제한 300 분 |1168+ 일 268 | 314605 75,000 130,000 75,000 | 130,000",/Users/jinwoo/Documents/Codex/2026-05-30/new-chat/policy-tracker/data/images/456/skylife.png
456,skylife,7GB,auto_candidate,65000,120000,,2026-03-18 09:53:26,케이엘모바일_부성정책_ 3월 18일_ 9차 정책,"5GB 1068 156 모두 충분 766+( 밀 리 의 서재) 17,900 무제한 무제한 300 분 768 ‘Mbps 65,000 120,000 65,000 | 120,000",/Users/jinwoo/Documents/Codex/2026-05-30/new-chat/policy-tracker/data/images/456/skylife.png
456,umobile,11GB,auto_candidate,70000,130000,,2026-03-18 09:53:26,케이엘모바일_부성정책_ 3월 18일_ 9차 정책,"20GB LTE 스폐셜 34,900 무제한 무제한 | 300 분 1168+ 일 268 3Mbps. 70,000 130,000 | 70,000 130,000",/Users/jinwoo/Documents/Codex/2026-05-30/new-chat/policy-tracker/data/images/456/umobile.png
456,umobile,7GB,auto_candidate,70000,120000,,2026-03-18 09:53:26,케이엘모바일_부성정책_ 3월 18일_ 9차 정책,"헬 스 케어 566 다 성 비 (768+/ 통 화 기 본 ) 19,300 | 무제한 무제한 300 분 768 ‘Mbps. 70,000 120,000 70,000 120,000",/Users/jinwoo/Documents/Codex/2026-05-30/new-chat/policy-tracker/data/images/456/umobile.png
458,hello,11GB,auto_candidate,30000,130000,,2026-03-19 10:16:50,케이엘모바일_부성정책_ 3월 19일_ 10차 정책,"| 2008 The 착한 데이터 유심 11GB 49,390 | 15,400 33,990 무제한 무제한 3008 11.068 ‘Y2GB+3Mbps 30,000 130,000 30,000 130,000",/Users/jinwoo/Documents/Codex/2026-05-30/new-chat/policy-tracker/data/images/458/hello.png
458,hello,7GB,auto_candidate,30000,90000,,2026-03-19 10:16:50,케이엘모바일_부성정책_ 3월 19일_ 10차 정책,"568 DATA 걱 정 없는 유심 768 45,100 | 26.600 18,500 무제한 무제한 300 분 768 ‘Mbps, 30,000 90,000 30,000 90,000 |",/Users/jinwoo/Documents/Codex/2026-05-30/new-chat/policy-tracker/data/images/458/hello.png
458,ktm,11GB,auto_candidate,80000,130000,,2026-03-19 10:16:50,케이엘모바일_부성정책_ 3월 19일_ 10차 정책,"2008 ™ 프리미엄 1168( 밀 리 의 서재) 34,000 무제한 | 무제한 300%  1168+ 일 208| 34605 80,000 130,000 80,000 130,000 |",/Users/jinwoo/Documents/Codex/2026-05-30/new-chat/policy-tracker/data/images/458/ktm.png
458,ktm,7GB,auto_candidate,70000,120000,,2026-03-19 10:16:50,케이엘모바일_부성정책_ 3월 19일_ 10차 정책,"5GB ™ 스페셜 768( 밀 리 의 서재) 17,900 무제한 | 무제한 300 분 708 ‘Mbps 70,000 120,000 70,000 120,000 |",/Users/jinwoo/Documents/Codex/2026-05-30/new-chat/policy-tracker/data/images/458/ktm.png
458,sk7,11GB,auto_candidate,70000,110000,,2026-03-19 10:16:50,케이엘모바일_부성정책_ 3월 19일_ 10차 정책,"2008 글로벌 300 (1108+/ 통 화 맘껏) 46,040 36,140 무제한 | 무제한 . 300 분 ㅣ 1168 34665 70,000 | 110000 | 70000 | 110,000 < 글 로 벌 요금제 요금 할인 프 로 모 션 >",/Users/jinwoo/Documents/Codex/2026-05-30/new-chat/policy-tracker/data/images/458/sk7.png
458,sk7,7GB,auto_candidate,70000,100000,,2026-03-19 10:16:50,케이엘모바일_부성정책_ 3월 19일_ 10차 정책,"508 글로벌 300 (768+/ 동 화 맘껏. 29040 19,140 .69 편 의 점 무제한 | 무제한 300% ㅣ 708 ‘Mbps 70,000 | 100,000 70,000 ㅣ 100,000 . 할인 금 액 ( 월 기준)",/Users/jinwoo/Documents/Codex/2026-05-30/new-chat/policy-tracker/data/images/458/sk7.png
458,skylife,11GB,auto_candidate,75000,130000,,2026-03-19 10:16:50,케이엘모바일_부성정책_ 3월 19일_ 10차 정책,"2008 156 모두 충분 1168+( 밀 리 의 서재) 34,000 무제한 무제한 300 분 |1168+ 일 268 | 314605 75,000 130,000 75,000 | 130,000",/Users/jinwoo/Documents/Codex/2026-05-30/new-chat/policy-tracker/data/images/458/skylife.png
458,skylife,7GB,auto_candidate,65000,120000,,2026-03-19 10:16:50,케이엘모바일_부성정책_ 3월 19일_ 10차 정책,"5GB 1068 156 모두 충분 766+( 밀 리 의 서재) 17,900 무제한 무제한 300 분 768 ‘Mbps 65,000 120,000 65,000 | 120,000",/Users/jinwoo/Documents/Codex/2026-05-30/new-chat/policy-tracker/data/images/458/skylife.png
458,umobile,11GB,auto_candidate,70000,130000,,2026-03-19 10:16:50,케이엘모바일_부성정책_ 3월 19일_ 10차 정책,"20GB LTE 스폐셜 34,900 무제한 무제한 | 300 분 1168+ 일 268 3Mbps. 70,000 130,000 | 70,000 130,000",/Users/jinwoo/Documents/Codex/2026-05-30/new-chat/policy-tracker/data/images/458/umobile.png
458,umobile,7GB,auto_candidate,70000,120000,,2026-03-19 10:16:50,케이엘모바일_부성정책_ 3월 19일_ 10차 정책,"헬 스 케어 566 다 성 비 (768+/ 통 화 기 본 ) 19,300 | 무제한 무제한 300 분 768 ‘Mbps. 70,000 120,000 70,000 120,000",/Users/jinwoo/Documents/Codex/2026-05-30/new-chat/policy-tracker/data/images/458/umobile.png
459,hello,11GB,auto_candidate,30000,130000,,2026-03-19 14:10:22,케이엘모바일_부성정책_ 3월 19일_ 10차 정책_수정,"| 2008 The 착한 데이터 유심 11GB 49,390 | 15,400 33,990 무제한 무제한 3008 11.068 ‘Y2GB+3Mbps 30,000 130,000 30,000 130,000",/Users/jinwoo/Documents/Codex/2026-05-30/new-chat/policy-tracker/data/images/459/hello.png
459,hello,7GB,auto_candidate,30000,90000,,2026-03-19 14:10:22,케이엘모바일_부성정책_ 3월 19일_ 10차 정책_수정,"568 DATA 걱 정 없는 유심 768 45,100 | 26.600 18,500 무제한 무제한 300 분 768 ‘Mbps, 30,000 90,000 30,000 90,000 |",/Users/jinwoo/Documents/Codex/2026-05-30/new-chat/policy-tracker/data/images/459/hello.png
459,ktm,11GB,auto_candidate,80000,110000,,2026-03-19 14:10:22,케이엘모바일_부성정책_ 3월 19일_ 10차 정책_수정,"2006 10 프리미엄 1168( 밀 리 의 서재) 34,000 무제한 무제한 300 분 1168+ 일 268. 3Mbps 80,000 110,000 80,000 110,000",/Users/jinwoo/Documents/Codex/2026-05-30/new-chat/policy-tracker/data/images/459/ktm.png
459,ktm,7GB,auto_candidate,70000,100000,,2026-03-19 14:10:22,케이엘모바일_부성정책_ 3월 19일_ 10차 정책_수정,"5066 |/M 스페셜 768( 밀 리 의 서재) 17,900 무제한 무제한 300 분 768 ‘Mbps. 70,000 100,000 70,000 100,000",/Users/jinwoo/Documents/Codex/2026-05-30/new-chat/policy-tracker/data/images/459/ktm.png
459,sk7,11GB,auto_candidate,70000,110000,,2026-03-19 14:10:22,케이엘모바일_부성정책_ 3월 19일_ 10차 정책_수정,"2008 글로벌 300 (1108+/ 통 화 맘껏) 46,040 36,140 무제한 | 무제한 . 300 분 ㅣ 1168 34665 70,000 | 110000 | 70000 | 110,000 < 글 로 벌 요금제 요금 할인 프 로 모 션 >",/Users/jinwoo/Documents/Codex/2026-05-30/new-chat/policy-tracker/data/images/459/sk7.png
459,sk7,7GB,auto_candidate,70000,100000,,2026-03-19 14:10:22,케이엘모바일_부성정책_ 3월 19일_ 10차 정책_수정,"508 글로벌 300 (768+/ 동 화 맘껏. 29040 19,140 .69 편 의 점 무제한 | 무제한 300% ㅣ 708 ‘Mbps 70,000 | 100,000 70,000 ㅣ 100,000 . 할인 금 액 ( 월 기준)",/Users/jinwoo/Documents/Codex/2026-05-30/new-chat/policy-tracker/data/images/459/sk7.png
459,skylife,11GB,auto_candidate,55000,110000,,2026-03-19 14:10:22,케이엘모바일_부성정책_ 3월 19일_ 10차 정책_수정,"2008 156 모두 충분 1168+( 밀 리 의 서재) 34,000 무제한 무제한 300% |1168+ 일 208| 34605 55,000 110,000 55,000 | 110,000",/Users/jinwoo/Documents/Codex/2026-05-30/new-chat/policy-tracker/data/images/459/skylife.png
459,skylife,7GB,auto_candidate,45000,100000,,2026-03-19 14:10:22,케이엘모바일_부성정책_ 3월 19일_ 10차 정책_수정,"568 1068 156 모두 충분 766+( 밀 리 의 서재) 17,900 무제한 무제한 300 분 768 1Mbps 45,000 100,000 45,000 | 100,000",/Users/jinwoo/Documents/Codex/2026-05-30/new-chat/policy-tracker/data/images/459/skylife.png
459,umobile,11GB,auto_candidate,70000,130000,,2026-03-19 14:10:22,케이엘모바일_부성정책_ 3월 19일_ 10차 정책_수정,"20GB LTE 스폐셜 34,900 무제한 무제한 | 300 분 1168+ 일 268 3Mbps. 70,000 130,000 | 70,000 130,000",/Users/jinwoo/Documents/Codex/2026-05-30/new-chat/policy-tracker/data/images/459/umobile.png
459,umobile,7GB,auto_candidate,70000,120000,,2026-03-19 14:10:22,케이엘모바일_부성정책_ 3월 19일_ 10차 정책_수정,"헬 스 케어 566 다 성 비 (768+/ 통 화 기 본 ) 19,300 | 무제한 무제한 300 분 768 ‘Mbps. 70,000 120,000 70,000 120,000",/Users/jinwoo/Documents/Codex/2026-05-30/new-chat/policy-tracker/data/images/459/umobile.png
460,hello,11GB,auto_candidate,30000,110000,,2026-03-20 10:44:57,케이엘모바일_부성정책_ 3월 20일_ 11차 정책,"| 2008 The 착한 데이터 유심 11GB 49,390 | 15,400 33,990 무제한 무제한 3008 11.068 ‘Y2GB+3Mbps 30,000 110,000 30,000 110,000",/Users/jinwoo/Documents/Codex/2026-05-30/new-chat/policy-tracker/data/images/460/hello.png
460,hello,7GB,auto_candidate,30000,90000,,2026-03-20 10:44:57,케이엘모바일_부성정책_ 3월 20일_ 11차 정책,"568 DATA 걱 정 없는 유심 768 45,100 | 26.600 18,500 무제한 무제한 300 분 768 ‘Mbps, 30,000 90,000 30,000 90,000 |",/Users/jinwoo/Documents/Codex/2026-05-30/new-chat/policy-tracker/data/images/460/hello.png
460,ktm,11GB,auto_candidate,80000,100000,,2026-03-20 10:44:57,케이엘모바일_부성정책_ 3월 20일_ 11차 정책,"2008 | 프리미엄 1160( 밀 리 의 서재) 34,000 무제한 무제한 300%  1168+ 일 268. 34605 80,000 100,000 80,000 100,000",/Users/jinwoo/Documents/Codex/2026-05-30/new-chat/policy-tracker/data/images/460/ktm.png
460,ktm,7GB,auto_candidate,70000,90000,,2026-03-20 10:44:57,케이엘모바일_부성정책_ 3월 20일_ 11차 정책,"506 | 스페셜 768( 밀 리 의 서재) 17,900 무제한 무제한 300 분 768 003 70,000 90,000 70,000 90,000",/Users/jinwoo/Documents/Codex/2026-05-30/new-chat/policy-tracker/data/images/460/ktm.png
460,sk7,11GB,auto_candidate,70000,110000,,2026-03-20 10:44:57,케이엘모바일_부성정책_ 3월 20일_ 11차 정책,"2008 글로벌 300 (1108+/ 통 화 맘껏) 46,040 36,140 무제한 | 무제한 . 300 분 ㅣ 1168 34665 70,000 | 110000 | 70000 | 110,000 < 글 로 벌 요금제 요금 할인 프 로 모 션 >",/Users/jinwoo/Documents/Codex/2026-05-30/new-chat/policy-tracker/data/images/460/sk7.png
460,sk7,7GB,auto_candidate,70000,100000,,2026-03-20 10:44:57,케이엘모바일_부성정책_ 3월 20일_ 11차 정책,"508 글로벌 300 (768+/ 동 화 맘껏. 29040 19,140 .69 편 의 점 무제한 | 무제한 300% ㅣ 708 ‘Mbps 70,000 | 100,000 70,000 ㅣ 100,000 . 할인 금 액 ( 월 기준)",/Users/jinwoo/Documents/Codex/2026-05-30/new-chat/policy-tracker/data/images/460/sk7.png
460,skylife,11GB,auto_candidate,55000,110000,,2026-03-20 10:44:57,케이엘모바일_부성정책_ 3월 20일_ 11차 정책,"2008 156 모두 충분 1168+( 밀 리 의 서재) 34,000 무제한 무제한 300% |1168+ 일 208| 34605 55,000 110,000 55,000 | 110,000",/Users/jinwoo/Documents/Codex/2026-05-30/new-chat/policy-tracker/data/images/460/skylife.png
460,skylife,7GB,auto_candidate,45000,100000,,2026-03-20 10:44:57,케이엘모바일_부성정책_ 3월 20일_ 11차 정책,"568 1068 156 모두 충분 766+( 밀 리 의 서재) 17,900 무제한 무제한 300 분 768 1Mbps 45,000 100,000 45,000 | 100,000",/Users/jinwoo/Documents/Codex/2026-05-30/new-chat/policy-tracker/data/images/460/skylife.png
460,umobile,11GB,auto_candidate,60000,100000,,2026-03-20 10:44:57,케이엘모바일_부성정책_ 3월 20일_ 11차 정책,"20GB LTE 스폐셜 34,900 무제한 무제한 | 300 분 1168+ 일 268 3Mbps. 60,000 100,000 | 60,000 100,000",/Users/jinwoo/Documents/Codex/2026-05-30/new-chat/policy-tracker/data/images/460/umobile.png
460,umobile,7GB,auto_candidate,60000,90000,,2026-03-20 10:44:57,케이엘모바일_부성정책_ 3월 20일_ 11차 정책,"176 무제한 568 LTE (768+/ 통 화 기 본) 18,600 무제한 무제한 | 300 분 708 ‘Mbps 60,000 90,000 | 60,000 90,000",/Users/jinwoo/Documents/Codex/2026-05-30/new-chat/policy-tracker/data/images/460/umobile.png
461,hello,11GB,auto_candidate,30000,110000,,2026-03-23 11:21:46,케이엘모바일_부성정책_ 3월 23일_ 12차 정책,"| 2008 The 착한 데이터 유심 11GB 49,390 | 15,400 33,990 무제한 무제한 3008 11.068 ‘Y2GB+3Mbps 30,000 110,000 30,000 110,000",/Users/jinwoo/Documents/Codex/2026-05-30/new-chat/policy-tracker/data/images/461/hello.png
461,hello,7GB,auto_candidate,30000,90000,,2026-03-23 11:21:46,케이엘모바일_부성정책_ 3월 23일_ 12차 정책,"568 DATA 걱 정 없는 유심 768 45,100 | 26.600 18,500 무제한 무제한 300 분 768 ‘Mbps, 30,000 90,000 30,000 90,000 |",/Users/jinwoo/Documents/Codex/2026-05-30/new-chat/policy-tracker/data/images/461/hello.png
461,ktm,11GB,auto_candidate,80000,100000,,2026-03-23 11:21:46,케이엘모바일_부성정책_ 3월 23일_ 12차 정책,"2006 | M 프리미엄 1168( 밀 리 의 서재) 34,000 무제한 무제한 300 분 1168+ 일 268. 3Mbps. 80,000 100,000 80,000 100,000",/Users/jinwoo/Documents/Codex/2026-05-30/new-chat/policy-tracker/data/images/461/ktm.png
461,ktm,7GB,auto_candidate,70000,90000,,2026-03-23 11:21:46,케이엘모바일_부성정책_ 3월 23일_ 12차 정책,"5066 |M 스페셜 768( 밀 리 의 서재) 17,900 무제한 무제한 300 분 768 ‘Mbps. 70,000 90,000 70,000 90,000",/Users/jinwoo/Documents/Codex/2026-05-30/new-chat/policy-tracker/data/images/461/ktm.png
461,sk7,11GB,auto_candidate,70000,110000,,2026-03-23 11:21:46,케이엘모바일_부성정책_ 3월 23일_ 12차 정책,"2008 글로벌 300 (1108+/ 통 화 맘껏) 46,040 36,140 무제한 | 무제한 . 300 분 ㅣ 1168 34665 70,000 | 110000 | 70000 | 110,000 < 글 로 벌 요금제 요금 할인 프 로 모 션 >",/Users/jinwoo/Documents/Codex/2026-05-30/new-chat/policy-tracker/data/images/461/sk7.png
461,sk7,7GB,auto_candidate,70000,100000,,2026-03-23 11:21:46,케이엘모바일_부성정책_ 3월 23일_ 12차 정책,"508 글로벌 300 (768+/ 동 화 맘껏. 29040 19,140 .69 편 의 점 무제한 | 무제한 300% ㅣ 708 ‘Mbps 70,000 | 100,000 70,000 ㅣ 100,000 . 할인 금 액 ( 월 기준)",/Users/jinwoo/Documents/Codex/2026-05-30/new-chat/policy-tracker/data/images/461/sk7.png
461,skylife,11GB,auto_candidate,55000,110000,,2026-03-23 11:21:46,케이엘모바일_부성정책_ 3월 23일_ 12차 정책,"2008 156 모두 충분 1168+( 밀 리 의 서재) 34,000 무제한 무제한 300% |1168+ 일 208| 34605 55,000 110,000 55,000 | 110,000",/Users/jinwoo/Documents/Codex/2026-05-30/new-chat/policy-tracker/data/images/461/skylife.png
461,skylife,7GB,auto_candidate,45000,100000,,2026-03-23 11:21:46,케이엘모바일_부성정책_ 3월 23일_ 12차 정책,"568 1068 156 모두 충분 766+( 밀 리 의 서재) 17,900 무제한 무제한 300 분 768 1Mbps 45,000 100,000 45,000 | 100,000",/Users/jinwoo/Documents/Codex/2026-05-30/new-chat/policy-tracker/data/images/461/skylife.png
461,umobile,11GB,auto_candidate,60000,100000,,2026-03-23 11:21:46,케이엘모바일_부성정책_ 3월 23일_ 12차 정책,"20GB LTE 스폐셜 34,900 무제한 무제한 | 300 분 1168+ 일 268 3Mbps. 60,000 100,000 | 60,000 100,000",/Users/jinwoo/Documents/Codex/2026-05-30/new-chat/policy-tracker/data/images/461/umobile.png
461,umobile,7GB,auto_candidate,60000,90000,,2026-03-23 11:21:46,케이엘모바일_부성정책_ 3월 23일_ 12차 정책,"176 무제한 568 LTE (768+/ 통 화 기 본) 18,600 무제한 무제한 | 300 분 708 ‘Mbps 60,000 90,000 | 60,000 90,000",/Users/jinwoo/Documents/Codex/2026-05-30/new-chat/policy-tracker/data/images/461/umobile.png
462,hello,11GB,auto_candidate,30000,100000,,2026-04-01 12:39:20,케이엘모바일_부성정책_ 4월 1일_ 1차 정책,"2068 The 착한 데이터 유심 1168 49390 | 15400 33,990 | 무제한 ㅣ 무제한 ㅣ 300 분 | 11068 | 22GB+3Mbps 30,000 100,000 30,000 100,000",/Users/jinwoo/Documents/Codex/2026-05-30/new-chat/policy-tracker/data/images/462/hello.png
462,hello,7GB,auto_candidate,30000,100000,,2026-04-01 12:39:20,케이엘모바일_부성정책_ 4월 1일_ 1차 정책,"508 DATA 걱 정 없는 유심 768 45,100 | 26.600 18,500 무제한 무제한 300% 768 ‘Mbps. 30,000 100,000 30,000 100,000",/Users/jinwoo/Documents/Codex/2026-05-30/new-chat/policy-tracker/data/images/462/hello.png
462,sk7,11GB,auto_candidate,70000,100000,,2026-04-01 12:39:20,케이엘모바일_부성정책_ 4월 1일_ 1차 정책,"20GB 글로벌 300 (1168+/ 통 화 맘껏) 46,040 36,140 무제한 ㅣ 무제한 ㅣ 300 분 1168 3Mbps 70,000 100,000 70,000 100,000 < 글 로 벌 요금제 요금 할인 프 로 모 션 >",/Users/jinwoo/Documents/Codex/2026-05-30/new-chat/policy-tracker/data/images/462/sk7.png
462,sk7,7GB,auto_candidate,70000,90000,,2026-04-01 12:39:20,케이엘모바일_부성정책_ 4월 1일_ 1차 정책,"508 글로벌 300 (768+/ 통 화 맘껏)  29,040 | 19,140 '69 편 의 점 무제한 ㅣ 무제한  300 분 | 708 76605 70,000 90,000 70,000 90,000 - He! 금 액 ( 월 기준)",/Users/jinwoo/Documents/Codex/2026-05-30/new-chat/policy-tracker/data/images/462/sk7.png
462,skylife,11GB,auto_candidate,65000,100000,,2026-04-01 12:39:20,케이엘모바일_부성정책_ 4월 1일_ 1차 정책,"20GB 156 모두 충분 1168+( 밀 리 의 서재) 34,000 무제한 무제한 300 분 |11068+ 일 208| 314665 65,000 100,000 65,000 | 100,000",/Users/jinwoo/Documents/Codex/2026-05-30/new-chat/policy-tracker/data/images/462/skylife.png
462,skylife,7GB,auto_candidate,55000,90000,,2026-04-01 12:39:20,케이엘모바일_부성정책_ 4월 1일_ 1차 정책,"568 1068 150 모두 SE 766+( 밀 리 의 서재) 17,900 무제한 무제한 300 분 768 1Mbps 55,000 90,000 55,000 | 90,000",/Users/jinwoo/Documents/Codex/2026-05-30/new-chat/policy-tracker/data/images/462/skylife.png
462,umobile,11GB,auto_candidate,60000,100000,,2026-04-01 12:39:20,케이엘모바일_부성정책_ 4월 1일_ 1차 정책,"2008  | 녀 6 스 페 셜 [ 약 정 형 ] 32,990 무제한 무제한 ㅣ 300 분 11GB+ 22GB 3Mbps 60,000 100,000 | 60,000 100,000",/Users/jinwoo/Documents/Codex/2026-05-30/new-chat/policy-tracker/data/images/462/umobile.png
462,umobile,7GB,auto_candidate,60000,90000,,2026-04-01 12:39:20,케이엘모바일_부성정책_ 4월 1일_ 1차 정책,"5GB LTE (7068+/ 통 화 기 본 )[ 약 정형] 15,900 무제한 무제한 300 분 768 1Mbps 60,000 90,000 | 60,000 90,000",/Users/jinwoo/Documents/Codex/2026-05-30/new-chat/policy-tracker/data/images/462/umobile.png
463,hello,11GB,auto_candidate,30000,100000,,2026-04-02 10:19:17,케이엘모바일_부성정책_ 4월 2일_ 2차 정책,"2068 The 착한 데이터 유심 1168 49390 | 15400 33,990 | 무제한 ㅣ 무제한 ㅣ 300 분 | 11068 | 22GB+3Mbps 30,000 100,000 30,000 100,000",/Users/jinwoo/Documents/Codex/2026-05-30/new-chat/policy-tracker/data/images/463/hello.png
463,hello,7GB,auto_candidate,30000,100000,,2026-04-02 10:19:17,케이엘모바일_부성정책_ 4월 2일_ 2차 정책,"508 DATA 걱 정 없는 유심 768 45,100 | 26.600 18,500 무제한 무제한 300% 768 ‘Mbps. 30,000 100,000 30,000 100,000",/Users/jinwoo/Documents/Codex/2026-05-30/new-chat/policy-tracker/data/images/463/hello.png
463,ktm,11GB,auto_candidate,90000,100000,,2026-04-02 10:19:17,케이엘모바일_부성정책_ 4월 2일_ 2차 정책,"20068 | M 프리미엄 1168( 밀 리 의 서재) 34,000 무제한 무제한 300 분 1168+ 일 268. 3Mbps. 90,000 100,000 90,000 100,000",/Users/jinwoo/Documents/Codex/2026-05-30/new-chat/policy-tracker/data/images/463/ktm.png
463,ktm,7GB,auto_candidate,90000,90000,,2026-04-02 10:19:17,케이엘모바일_부성정책_ 4월 2일_ 2차 정책,"5066 | M 스 페 셜 768( 지 니 뮤직) 20,300 무제한 무제한 300 분 768 Mbps. 90,000 90,000 90,000 90,000",/Users/jinwoo/Documents/Codex/2026-05-30/new-chat/policy-tracker/data/images/463/ktm.png
463,sk7,11GB,auto_candidate,80000,100000,,2026-04-02 10:19:17,케이엘모바일_부성정책_ 4월 2일_ 2차 정책,"2008 글로벌 300 (1168+/ 통 화 맘껏) 46,040 36,140 무제한 ㅣ 무제한 ： 300 분 1168 3Mbps 80,000 100,000 80,000 100,000 | < 글 로 벌 요금제 요금 할인 프 로 모 션 >",/Users/jinwoo/Documents/Codex/2026-05-30/new-chat/policy-tracker/data/images/463/sk7.png
463,sk7,7GB,auto_candidate,80000,90000,,2026-04-02 10:19:17,케이엘모바일_부성정책_ 4월 2일_ 2차 정책,"508 글로벌 300 (768+/ 통 화 맘껏) 29,040 | 19,140 '69 편 의 점 무제한 ㅣ 무제한  300 분 | 708 76605 80.000 90,000 80,000 90,000 - #el 금 액 ( 월 기준)",/Users/jinwoo/Documents/Codex/2026-05-30/new-chat/policy-tracker/data/images/463/sk7.png
463,skylife,11GB,auto_candidate,65000,100000,,2026-04-02 10:19:17,케이엘모바일_부성정책_ 4월 2일_ 2차 정책,"20GB 156 모두 충분 1168+( 밀 리 의 서재) 34,000 무제한 무제한 300 분 |11068+ 일 208| 314665 65,000 100,000 65,000 | 100,000",/Users/jinwoo/Documents/Codex/2026-05-30/new-chat/policy-tracker/data/images/463/skylife.png
463,skylife,7GB,auto_candidate,55000,90000,,2026-04-02 10:19:17,케이엘모바일_부성정책_ 4월 2일_ 2차 정책,"568 1068 150 모두 SE 766+( 밀 리 의 서재) 17,900 무제한 무제한 300 분 768 1Mbps 55,000 90,000 55,000 | 90,000",/Users/jinwoo/Documents/Codex/2026-05-30/new-chat/policy-tracker/data/images/463/skylife.png
463,umobile,11GB,auto_candidate,60000,100000,,2026-04-02 10:19:17,케이엘모바일_부성정책_ 4월 2일_ 2차 정책,"2008  | 녀 6 스 페 셜 [ 약 정 형 ] 32,990 무제한 무제한 ㅣ 300 분 11GB+ 22GB 3Mbps 60,000 100,000 | 60,000 100,000",/Users/jinwoo/Documents/Codex/2026-05-30/new-chat/policy-tracker/data/images/463/umobile.png
463,umobile,7GB,auto_candidate,60000,90000,,2026-04-02 10:19:17,케이엘모바일_부성정책_ 4월 2일_ 2차 정책,"5GB LTE (7068+/ 통 화 기 본 )[ 약 정형] 15,900 무제한 무제한 300 분 768 1Mbps 60,000 90,000 | 60,000 90,000",/Users/jinwoo/Documents/Codex/2026-05-30/new-chat/policy-tracker/data/images/463/umobile.png
464,hello,11GB,auto_candidate,30000,130000,,2026-04-03 10:44:38,케이엘모바일_부성정책_ 4월 3일_ 3차 정책,"2068 The 착한 데이터 유심 1168 49390 | 15400 33,990 | 무제한 ㅣ 무제한 ㅣ 300 분 | 11068 | 22GB+3Mbps 30,000 130,000 30,000 130,000",/Users/jinwoo/Documents/Codex/2026-05-30/new-chat/policy-tracker/data/images/464/hello.png
464,hello,7GB,auto_candidate,30000,100000,,2026-04-03 10:44:38,케이엘모바일_부성정책_ 4월 3일_ 3차 정책,"508 DATA 걱 정 없는 유심 768 45,100 | 26.600 18,500 무제한 무제한 300% 768 ‘Mbps. 30,000 100,000 30,000 100,000",/Users/jinwoo/Documents/Codex/2026-05-30/new-chat/policy-tracker/data/images/464/hello.png
464,ktm,11GB,auto_candidate,90000,100000,,2026-04-03 10:44:38,케이엘모바일_부성정책_ 4월 3일_ 3차 정책,"20068 | M 프리미엄 1168( 밀 리 의 서재) 34,000 무제한 무제한 300 분 1168+ 일 268. 3Mbps. 90,000 100,000 90,000 100,000",/Users/jinwoo/Documents/Codex/2026-05-30/new-chat/policy-tracker/data/images/464/ktm.png
464,ktm,7GB,auto_candidate,90000,90000,,2026-04-03 10:44:38,케이엘모바일_부성정책_ 4월 3일_ 3차 정책,"5066 | M 스 페 셜 768( 지 니 뮤직) 20,300 무제한 무제한 300 분 768 Mbps. 90,000 90,000 90,000 90,000",/Users/jinwoo/Documents/Codex/2026-05-30/new-chat/policy-tracker/data/images/464/ktm.png
464,sk7,11GB,auto_candidate,80000,100000,,2026-04-03 10:44:38,케이엘모바일_부성정책_ 4월 3일_ 3차 정책,"2008 글로벌 300 (1168+/ 통 화 맘껏) 46,040 36,140 무제한 ㅣ 무제한 ： 300 분 1168 3Mbps 80,000 100,000 80,000 100,000 | < 글 로 벌 요금제 요금 할인 프 로 모 션 >",/Users/jinwoo/Documents/Codex/2026-05-30/new-chat/policy-tracker/data/images/464/sk7.png
464,sk7,7GB,auto_candidate,80000,90000,,2026-04-03 10:44:38,케이엘모바일_부성정책_ 4월 3일_ 3차 정책,"508 글로벌 300 (768+/ 통 화 맘껏) 29,040 | 19,140 '69 편 의 점 무제한 ㅣ 무제한  300 분 | 708 76605 80.000 90,000 80,000 90,000 - #el 금 액 ( 월 기준)",/Users/jinwoo/Documents/Codex/2026-05-30/new-chat/policy-tracker/data/images/464/sk7.png
464,skylife,11GB,auto_candidate,65000,120000,,2026-04-03 10:44:38,케이엘모바일_부성정책_ 4월 3일_ 3차 정책,"20GB 156 모두 충분 1168+( 밀 리 의 서재) 34,000 무제한 무제한 300 분 |11068+ 일 208| 314665 65,000 120,000 65,000 | 120,000",/Users/jinwoo/Documents/Codex/2026-05-30/new-chat/policy-tracker/data/images/464/skylife.png
464,skylife,7GB,auto_candidate,55000,110000,,2026-04-03 10:44:38,케이엘모바일_부성정책_ 4월 3일_ 3차 정책,"568 1068 150 모두 충분 768+( 밀 리 의 서재) 17,900 무제한 무제한 300 분 768 1Mbps 55,000 110,000 55,000 | 110,000",/Users/jinwoo/Documents/Codex/2026-05-30/new-chat/policy-tracker/data/images/464/skylife.png
464,umobile,11GB,auto_candidate,60000,130000,,2026-04-03 10:44:38,케이엘모바일_부성정책_ 4월 3일_ 3차 정책,"2008  | 녀 6 스 페 셜 [ 약 정 형 ] 32,990 무제한 무제한 ㅣ 300 분 11GB+ 22GB 3Mbps 60,000 130,000 | 60,000 130,000",/Users/jinwoo/Documents/Codex/2026-05-30/new-chat/policy-tracker/data/images/464/umobile.png
464,umobile,7GB,auto_candidate,60000,120000,,2026-04-03 10:44:38,케이엘모바일_부성정책_ 4월 3일_ 3차 정책,"5GB LTE (7068+/ 통 화 기 본 )[ 약 정형] 15,900 무제한 무제한 300 분 768 1Mbps 60,000 120,000 | 60,000 120,000",/Users/jinwoo/Documents/Codex/2026-05-30/new-chat/policy-tracker/data/images/464/umobile.png
466,hello,11GB,auto_candidate,30000,130000,,2026-04-07 10:27:04,케이엘모바일_부성정책_ 4월 7일_ 4차 정책,"2068 The 착한 데이터 유심 1168 49390 | 15400 33,990 | 무제한 ㅣ 무제한 ㅣ 300 분 | 11068 | 22GB+3Mbps 30,000 130,000 30,000 130,000",/Users/jinwoo/Documents/Codex/2026-05-30/new-chat/policy-tracker/data/images/466/hello.png
466,hello,7GB,auto_candidate,30000,100000,,2026-04-07 10:27:04,케이엘모바일_부성정책_ 4월 7일_ 4차 정책,"508 DATA 걱 정 없는 유심 768 45,100 | 26.600 18,500 무제한 무제한 300% 768 ‘Mbps. 30,000 100,000 30,000 100,000",/Users/jinwoo/Documents/Codex/2026-05-30/new-chat/policy-tracker/data/images/466/hello.png
466,ktm,11GB,auto_candidate,105000,130000,,2026-04-07 10:27:04,케이엘모바일_부성정책_ 4월 7일_ 4차 정책,"2008 4 프리미엄 1160( 밀 리 의 서재) 34,000 무제한 무제한 300 분 | 1168+ 일 208| 3Mbps. 105,000 130,000 105,000 130,000",/Users/jinwoo/Documents/Codex/2026-05-30/new-chat/policy-tracker/data/images/466/ktm.png
466,ktm,7GB,auto_candidate,105000,120000,,2026-04-07 10:27:04,케이엘모바일_부성정책_ 4월 7일_ 4차 정책,"5068 4 스페셜 7680( 밀 리 의 서재) 17,900 무제한 무제한 300 분 708 ‘Mbps 105,000 120,000 105,000 120,000",/Users/jinwoo/Documents/Codex/2026-05-30/new-chat/policy-tracker/data/images/466/ktm.png
466,skylife,11GB,auto_candidate,65000,120000,,2026-04-07 10:27:04,케이엘모바일_부성정책_ 4월 7일_ 4차 정책,"20GB 156 모두 충분 1168+( 밀 리 의 서재) 34,000 무제한 무제한 300 분 |11068+ 일 208| 314665 65,000 120,000 65,000 | 120,000",/Users/jinwoo/Documents/Codex/2026-05-30/new-chat/policy-tracker/data/images/466/skylife.png
466,skylife,7GB,auto_candidate,55000,110000,,2026-04-07 10:27:04,케이엘모바일_부성정책_ 4월 7일_ 4차 정책,"568 1068 150 모두 충분 768+( 밀 리 의 서재) 17,900 무제한 무제한 300 분 768 1Mbps 55,000 110,000 55,000 | 110,000",/Users/jinwoo/Documents/Codex/2026-05-30/new-chat/policy-tracker/data/images/466/skylife.png
466,umobile,11GB,auto_candidate,60000,130000,,2026-04-07 10:27:04,케이엘모바일_부성정책_ 4월 7일_ 4차 정책,"2008  | 녀 6 스 페 셜 [ 약 정 형 ] 32,990 무제한 무제한 ㅣ 300 분 11GB+ 22GB 3Mbps 60,000 130,000 | 60,000 130,000",/Users/jinwoo/Documents/Codex/2026-05-30/new-chat/policy-tracker/data/images/466/umobile.png
466,umobile,7GB,auto_candidate,60000,120000,,2026-04-07 10:27:04,케이엘모바일_부성정책_ 4월 7일_ 4차 정책,"5GB LTE (7068+/ 통 화 기 본 )[ 약 정형] 15,900 무제한 무제한 300 분 768 1Mbps 60,000 120,000 | 60,000 120,000",/Users/jinwoo/Documents/Codex/2026-05-30/new-chat/policy-tracker/data/images/466/umobile.png
467,hello,11GB,auto_candidate,30000,100000,,2026-04-09 10:52:44,케이엘모바일_부성정책_ 4월 9일_ 5차 정책,"2068 The 착한 데이터 유심 1168 49390 | 15400 33,990 | 무제한 ㅣ 무제한 ㅣ 300 분 | 11068 | 22GB+3Mbps 30,000 100,000 30,000 100,000",/Users/jinwoo/Documents/Codex/2026-05-30/new-chat/policy-tracker/data/images/467/hello.png
467,hello,7GB,auto_candidate,30000,100000,,2026-04-09 10:52:44,케이엘모바일_부성정책_ 4월 9일_ 5차 정책,"508 DATA 걱 정 없는 유심 768 45,100 | 26.600 18,500 무제한 무제한 300% 768 ‘Mbps. 30,000 100,000 30,000 100,000",/Users/jinwoo/Documents/Codex/2026-05-30/new-chat/policy-tracker/data/images/467/hello.png
467,ktm,11GB,auto_candidate,90000,100000,,2026-04-09 10:52:44,케이엘모바일_부성정책_ 4월 9일_ 5차 정책,"20GB ™ 프리미엄 1168( 밀 리 의 서재) 34,000 무제한 | 무제한 300 분  1168+ 일 268| — 3Mbps 90,000 100,000 90,000 100,000 |",/Users/jinwoo/Documents/Codex/2026-05-30/new-chat/policy-tracker/data/images/467/ktm.png
467,ktm,7GB,auto_candidate,90000,90000,,2026-04-09 10:52:44,케이엘모바일_부성정책_ 4월 9일_ 5차 정책,"5GB ™ 스페셜 768( 밀 리 의 서재) 17,900 무제한 | 무제한 300 분 768 74605 90,000 90,000 90,000 90,000 |",/Users/jinwoo/Documents/Codex/2026-05-30/new-chat/policy-tracker/data/images/467/ktm.png
467,skylife,11GB,auto_candidate,65000,100000,,2026-04-09 10:52:44,케이엘모바일_부성정책_ 4월 9일_ 5차 정책,"20GB 156 모두 충분 1168+( 밀 리 의 서재) 34,000 무제한 무제한 300 분 |11068+ 일 208| 314665 65,000 100,000 65,000 | 100,000",/Users/jinwoo/Documents/Codex/2026-05-30/new-chat/policy-tracker/data/images/467/skylife.png
467,skylife,7GB,auto_candidate,55000,90000,,2026-04-09 10:52:44,케이엘모바일_부성정책_ 4월 9일_ 5차 정책,"568 1068 150 모두 충분 768+( 밀 리 의 서재) 17,900 무제한 무제한 300 분 768 1Mbps 55,000 90,000 55,000 | 90,000",/Users/jinwoo/Documents/Codex/2026-05-30/new-chat/policy-tracker/data/images/467/skylife.png
467,umobile,11GB,auto_candidate,60000,100000,,2026-04-09 10:52:44,케이엘모바일_부성정책_ 4월 9일_ 5차 정책,"2008  | 녀 6 스 페 셜 [ 약 정 형 ] 32,990 무제한 무제한 ㅣ 300 분 11GB+ 22GB 3Mbps 60,000 100,000 | 60,000 100,000",/Users/jinwoo/Documents/Codex/2026-05-30/new-chat/policy-tracker/data/images/467/umobile.png
467,umobile,7GB,auto_candidate,60000,90000,,2026-04-09 10:52:44,케이엘모바일_부성정책_ 4월 9일_ 5차 정책,"5GB LTE (7068+/ 통 화 기 본 )[ 약 정형] 15,900 무제한 무제한 300 분 768 1Mbps 60,000 90,000 | 60,000 90,000",/Users/jinwoo/Documents/Codex/2026-05-30/new-chat/policy-tracker/data/images/467/umobile.png
468,hello,11GB,auto_candidate,30000,100000,,2026-04-15 10:48:48,케이엘모바일_부성정책_ 4월 15일_ 6차 정책,"2068 The 착한 데이터 유심 1168 49390 | 15400 33,990 | 무제한 ㅣ 무제한 ㅣ 300 분 | 11068 | 22GB+3Mbps 30,000 100,000 30,000 100,000",/Users/jinwoo/Documents/Codex/2026-05-30/new-chat/policy-tracker/data/images/468/hello.png
468,hello,7GB,auto_candidate,30000,100000,,2026-04-15 10:48:48,케이엘모바일_부성정책_ 4월 15일_ 6차 정책,"508 DATA 걱 정 없는 유심 768 45,100 | 26.600 18,500 무제한 무제한 300% 768 ‘Mbps. 30,000 100,000 30,000 100,000",/Users/jinwoo/Documents/Codex/2026-05-30/new-chat/policy-tracker/data/images/468/hello.png
468,ktm,11GB,auto_candidate,90000,100000,,2026-04-15 10:48:48,케이엘모바일_부성정책_ 4월 15일_ 6차 정책,"20GB ™ 프리미엄 1168( 밀 리 의 서재) 34,000 무제한 | 무제한 300 분  1168+ 일 268| — 3Mbps 90,000 100,000 90,000 100,000 |",/Users/jinwoo/Documents/Codex/2026-05-30/new-chat/policy-tracker/data/images/468/ktm.png
468,ktm,7GB,auto_candidate,90000,90000,,2026-04-15 10:48:48,케이엘모바일_부성정책_ 4월 15일_ 6차 정책,"5GB ™ 스페셜 768( 밀 리 의 서재) 17,900 무제한 | 무제한 300 분 768 74605 90,000 90,000 90,000 90,000 |",/Users/jinwoo/Documents/Codex/2026-05-30/new-chat/policy-tracker/data/images/468/ktm.png
468,sk7,11GB,auto_candidate,80000,100000,,2026-04-15 10:48:48,케이엘모바일_부성정책_ 4월 15일_ 6차 정책,"20GB 글로벌 300 (1168+/ 통 화 맘껏) 46,040 36,140 무제한 ㅣ 무제한 ： 300 분 1168 3Mbps 80,000 100,000 80,000 100,000 | < 글 로 벌 요금제 요금 할인 프 로 모 션 >",/Users/jinwoo/Documents/Codex/2026-05-30/new-chat/policy-tracker/data/images/468/sk7.png
468,sk7,7GB,auto_candidate,80000,90000,,2026-04-15 10:48:48,케이엘모바일_부성정책_ 4월 15일_ 6차 정책,"508 글로벌 300 (768+/ 통 화 맘껏) 29,040 | 19,140 '69 편 의 점 무제한 | 무제한 | 300 분 ㅣ 768 ‘Mbps 80,000 90,000 80,000 90,000 - Hel 금 액 ( 월 기준)",/Users/jinwoo/Documents/Codex/2026-05-30/new-chat/policy-tracker/data/images/468/sk7.png
468,skylife,11GB,auto_candidate,55000,100000,,2026-04-15 10:48:48,케이엘모바일_부성정책_ 4월 15일_ 6차 정책,"2008 156 모두 충분 1168+( 밀 리 의 서재) 34,000 무제한 무제한 300 분 |11068+ 일 208| 314665 55,000 100,000 55,000 | 100,000",/Users/jinwoo/Documents/Codex/2026-05-30/new-chat/policy-tracker/data/images/468/skylife.png
468,skylife,7GB,auto_candidate,45000,90000,,2026-04-15 10:48:48,케이엘모바일_부성정책_ 4월 15일_ 6차 정책,"568 1068 150 모두 SE 766+( 밀 리 의 서재) 17,900 무제한 무제한 300 분 768 1Mbps 45,000 90,000 45,000 | 90,000",/Users/jinwoo/Documents/Codex/2026-05-30/new-chat/policy-tracker/data/images/468/skylife.png
468,umobile,11GB,auto_candidate,60000,100000,,2026-04-15 10:48:48,케이엘모바일_부성정책_ 4월 15일_ 6차 정책,"2008  | 녀 6 스 페 셜 [ 약 정 형 ] 32,990 무제한 무제한 ㅣ 300 분 11GB+ 22GB 3Mbps 60,000 100,000 | 60,000 100,000",/Users/jinwoo/Documents/Codex/2026-05-30/new-chat/policy-tracker/data/images/468/umobile.png
468,umobile,7GB,auto_candidate,60000,90000,,2026-04-15 10:48:48,케이엘모바일_부성정책_ 4월 15일_ 6차 정책,"5GB LTE (7068+/ 통 화 기 본 )[ 약 정형] 15,900 무제한 무제한 300 분 768 1Mbps 60,000 90,000 | 60,000 90,000",/Users/jinwoo/Documents/Codex/2026-05-30/new-chat/policy-tracker/data/images/468/umobile.png
469,hello,11GB,auto_candidate,30000,100000,,2026-04-21 12:08:41,케이엘모바일_부성정책_ 4월 21일_ 7차 정책,"2068 The 착한 데이터 유심 1168 49390 | 15400 33,990 | 무제한 ㅣ 무제한 ㅣ 300 분 | 11068 | 22GB+3Mbps 30,000 100,000 30,000 100,000",/Users/jinwoo/Documents/Codex/2026-05-30/new-chat/policy-tracker/data/images/469/hello.png
469,hello,7GB,auto_candidate,30000,100000,,2026-04-21 12:08:41,케이엘모바일_부성정책_ 4월 21일_ 7차 정책,"508 DATA 걱 정 없는 유심 768 45,100 | 26.600 18,500 무제한 무제한 300% 768 ‘Mbps. 30,000 100,000 30,000 100,000",/Users/jinwoo/Documents/Codex/2026-05-30/new-chat/policy-tracker/data/images/469/hello.png
469,ktm,11GB,auto_candidate,100000,100000,,2026-04-21 12:08:41,케이엘모바일_부성정책_ 4월 21일_ 7차 정책,"2008 M 프리미엄 1160( 밀 리 의 서재) 34.000 무제한 무제한 300%  1168+ 일 208. 31605 100,000 100,000 100,000 100,000",/Users/jinwoo/Documents/Codex/2026-05-30/new-chat/policy-tracker/data/images/469/ktm.png
469,ktm,7GB,auto_candidate,90000,90000,,2026-04-21 12:08:41,케이엘모바일_부성정책_ 4월 21일_ 7차 정책,"5068 4 스페셜 708( 밀 리 의 서재) 17,900 무제한 무제한 300 분 768 71405 90,000 90,000 90,000 90,000",/Users/jinwoo/Documents/Codex/2026-05-30/new-chat/policy-tracker/data/images/469/ktm.png
469,skylife,11GB,auto_candidate,55000,100000,,2026-04-21 12:08:41,케이엘모바일_부성정책_ 4월 21일_ 7차 정책,"2008 156 모두 충분 1168+( 밀 리 의 서재) 34,000 무제한 무제한 300 분 |11068+ 일 208| 314665 55,000 100,000 55,000 | 100,000",/Users/jinwoo/Documents/Codex/2026-05-30/new-chat/policy-tracker/data/images/469/skylife.png
469,skylife,7GB,auto_candidate,45000,90000,,2026-04-21 12:08:41,케이엘모바일_부성정책_ 4월 21일_ 7차 정책,"568 1068 150 모두 SE 766+( 밀 리 의 서재) 17,900 무제한 무제한 300 분 768 1Mbps 45,000 90,000 45,000 | 90,000",/Users/jinwoo/Documents/Codex/2026-05-30/new-chat/policy-tracker/data/images/469/skylife.png
469,umobile,11GB,auto_candidate,60000,100000,,2026-04-21 12:08:41,케이엘모바일_부성정책_ 4월 21일_ 7차 정책,"2008  | 녀 6 스 페 셜 [ 약 정 형 ] 32,990 무제한 무제한 ㅣ 300 분 11GB+ 22GB 3Mbps 60,000 100,000 | 60,000 100,000",/Users/jinwoo/Documents/Codex/2026-05-30/new-chat/policy-tracker/data/images/469/umobile.png
469,umobile,7GB,auto_candidate,60000,90000,,2026-04-21 12:08:41,케이엘모바일_부성정책_ 4월 21일_ 7차 정책,"5GB LTE (7068+/ 통 화 기 본 )[ 약 정형] 15,900 무제한 무제한 300 분 768 1Mbps 60,000 90,000 | 60,000 90,000",/Users/jinwoo/Documents/Codex/2026-05-30/new-chat/policy-tracker/data/images/469/umobile.png
470,hello,11GB,auto_candidate,30000,100000,,2026-04-22 11:20:08,케이엘모바일_부성정책_ 4월 22일_ 8차 정책,"2068 The 착한 데이터 유심 1168 49390 | 15400 33,990 | 무제한 ㅣ 무제한 ㅣ 300 분 | 11068 | 22GB+3Mbps 30,000 100,000 30,000 100,000",/Users/jinwoo/Documents/Codex/2026-05-30/new-chat/policy-tracker/data/images/470/hello.png
470,hello,7GB,auto_candidate,30000,100000,,2026-04-22 11:20:08,케이엘모바일_부성정책_ 4월 22일_ 8차 정책,"508 DATA 걱 정 없는 유심 768 45,100 | 26.600 18,500 무제한 무제한 300% 768 ‘Mbps. 30,000 100,000 30,000 100,000",/Users/jinwoo/Documents/Codex/2026-05-30/new-chat/policy-tracker/data/images/470/hello.png
470,ktm,11GB,auto_candidate,90000,100000,,2026-04-22 11:20:08,케이엘모바일_부성정책_ 4월 22일_ 8차 정책,"2068 M 프리미엄 1160( 밀 리 의 서재) 34,000 무제한 무제한 300 분 | 1168+ 일 208| 3Mbps. 90,000 100,000 90,000 100,000",/Users/jinwoo/Documents/Codex/2026-05-30/new-chat/policy-tracker/data/images/470/ktm.png
470,ktm,7GB,auto_candidate,90000,90000,,2026-04-22 11:20:08,케이엘모바일_부성정책_ 4월 22일_ 8차 정책,"5GB M 스페셜 768( 밀 리 의 서재) 17,900 무제한 무제한 300 분 708 ‘Mbps 90,000 90,000 90,000 90,000",/Users/jinwoo/Documents/Codex/2026-05-30/new-chat/policy-tracker/data/images/470/ktm.png
470,skylife,11GB,auto_candidate,55000,100000,,2026-04-22 11:20:08,케이엘모바일_부성정책_ 4월 22일_ 8차 정책,"2008 156 모두 충분 1168+( 밀 리 의 서재) 34,000 무제한 무제한 300 분 |11068+ 일 208| 314665 55,000 100,000 55,000 | 100,000",/Users/jinwoo/Documents/Codex/2026-05-30/new-chat/policy-tracker/data/images/470/skylife.png
470,skylife,7GB,auto_candidate,45000,90000,,2026-04-22 11:20:08,케이엘모바일_부성정책_ 4월 22일_ 8차 정책,"568 1068 150 모두 SE 766+( 밀 리 의 서재) 17,900 무제한 무제한 300 분 768 1Mbps 45,000 90,000 45,000 | 90,000",/Users/jinwoo/Documents/Codex/2026-05-30/new-chat/policy-tracker/data/images/470/skylife.png
470,umobile,11GB,auto_candidate,60000,100000,,2026-04-22 11:20:08,케이엘모바일_부성정책_ 4월 22일_ 8차 정책,"2008  | 녀 6 스 페 셜 [ 약 정 형 ] 32,990 무제한 무제한 ㅣ 300 분 11GB+ 22GB 3Mbps 60,000 100,000 | 60,000 100,000",/Users/jinwoo/Documents/Codex/2026-05-30/new-chat/policy-tracker/data/images/470/umobile.png
470,umobile,7GB,auto_candidate,60000,90000,,2026-04-22 11:20:08,케이엘모바일_부성정책_ 4월 22일_ 8차 정책,"5GB LTE (7068+/ 통 화 기 본 )[ 약 정형] 15,900 무제한 무제한 300 분 768 1Mbps 60,000 90,000 | 60,000 90,000",/Users/jinwoo/Documents/Codex/2026-05-30/new-chat/policy-tracker/data/images/470/umobile.png
471,hello,11GB,auto_candidate,30000,100000,,2026-04-25 10:28:11,케이엘모바일_부성정책_ 4월 25일_ 9차 정책,"2068 The 착한 데이터 유심 1168 49390 | 15400 33,990 | 무제한 ㅣ 무제한 ㅣ 300 분 | 11068 | 22GB+3Mbps 30,000 100,000 30,000 100,000",/Users/jinwoo/Documents/Codex/2026-05-30/new-chat/policy-tracker/data/images/471/hello.png
471,hello,7GB,auto_candidate,30000,100000,,2026-04-25 10:28:11,케이엘모바일_부성정책_ 4월 25일_ 9차 정책,"508 DATA 걱 정 없는 유심 768 45,100 | 26.600 18,500 무제한 무제한 300% 768 ‘Mbps. 30,000 100,000 30,000 100,000",/Users/jinwoo/Documents/Codex/2026-05-30/new-chat/policy-tracker/data/images/471/hello.png
471,ktm,11GB,auto_candidate,90000,100000,,2026-04-25 10:28:11,케이엘모바일_부성정책_ 4월 25일_ 9차 정책,"2008 프리미엄 1168( 밀 리 의 서재) 34,000 무제한 무제한 300 분  1168+ 일 268  3144605 90,000 100,000 90,000 100,000",/Users/jinwoo/Documents/Codex/2026-05-30/new-chat/policy-tracker/data/images/471/ktm.png
471,ktm,7GB,auto_candidate,90000,90000,,2026-04-25 10:28:11,케이엘모바일_부성정책_ 4월 25일_ 9차 정책,"5068  \ 스페셜 768( 밀 리 의 서재) 17,900 무제한 무제한 300 분 768 Mbps 90,000 90,000 90,000 90,000",/Users/jinwoo/Documents/Codex/2026-05-30/new-chat/policy-tracker/data/images/471/ktm.png
471,skylife,11GB,auto_candidate,55000,100000,,2026-04-25 10:28:11,케이엘모바일_부성정책_ 4월 25일_ 9차 정책,"2008 156 모두 충분 1168+( 밀 리 의 서재) 34,000 무제한 무제한 300 분 |11068+ 일 208| 314665 55,000 100,000 55,000 | 100,000",/Users/jinwoo/Documents/Codex/2026-05-30/new-chat/policy-tracker/data/images/471/skylife.png
471,skylife,7GB,auto_candidate,45000,90000,,2026-04-25 10:28:11,케이엘모바일_부성정책_ 4월 25일_ 9차 정책,"568 1068 150 모두 SE 766+( 밀 리 의 서재) 17,900 무제한 무제한 300 분 768 1Mbps 45,000 90,000 45,000 | 90,000",/Users/jinwoo/Documents/Codex/2026-05-30/new-chat/policy-tracker/data/images/471/skylife.png
471,umobile,11GB,auto_candidate,60000,100000,,2026-04-25 10:28:11,케이엘모바일_부성정책_ 4월 25일_ 9차 정책,"2008  | 녀 6 스 페 셜 [ 약 정 형 ] 32,990 무제한 무제한 ㅣ 300 분 11GB+ 22GB 3Mbps 60,000 100,000 | 60,000 100,000",/Users/jinwoo/Documents/Codex/2026-05-30/new-chat/policy-tracker/data/images/471/umobile.png
471,umobile,7GB,auto_candidate,60000,90000,,2026-04-25 10:28:11,케이엘모바일_부성정책_ 4월 25일_ 9차 정책,"5GB LTE (7068+/ 통 화 기 본 )[ 약 정형] 15,900 무제한 무제한 300 분 768 1Mbps 60,000 90,000 | 60,000 90,000",/Users/jinwoo/Documents/Codex/2026-05-30/new-chat/policy-tracker/data/images/471/umobile.png
472,hello,11GB,auto_candidate,30000,100000,,2026-04-27 10:58:03,케이엘모바일_부성정책_ 4월 27일_ 10차 정책,"2068 The 착한 데이터 유심 1168 49390 | 15400 33,990 | 무제한 ㅣ 무제한 ㅣ 300 분 | 11068 | 22GB+3Mbps 30,000 100,000 30,000 100,000",/Users/jinwoo/Documents/Codex/2026-05-30/new-chat/policy-tracker/data/images/472/hello.png
472,hello,7GB,auto_candidate,30000,100000,,2026-04-27 10:58:03,케이엘모바일_부성정책_ 4월 27일_ 10차 정책,"508 DATA 걱 정 없는 유심 768 45,100 | 26.600 18,500 무제한 무제한 300% 768 ‘Mbps. 30,000 100,000 30,000 100,000",/Users/jinwoo/Documents/Codex/2026-05-30/new-chat/policy-tracker/data/images/472/hello.png
472,ktm,11GB,auto_candidate,90000,100000,,2026-04-27 10:58:03,케이엘모바일_부성정책_ 4월 27일_ 10차 정책,"2008 프리미엄 1168( 밀 리 의 서재) 34,000 무제한 무제한 300 분  1168+ 일 268  3144605 90,000 100,000 90,000 100,000",/Users/jinwoo/Documents/Codex/2026-05-30/new-chat/policy-tracker/data/images/472/ktm.png
472,ktm,7GB,auto_candidate,90000,90000,,2026-04-27 10:58:03,케이엘모바일_부성정책_ 4월 27일_ 10차 정책,"5068  \ 스페셜 768( 밀 리 의 서재) 17,900 무제한 무제한 300 분 768 Mbps 90,000 90,000 90,000 90,000",/Users/jinwoo/Documents/Codex/2026-05-30/new-chat/policy-tracker/data/images/472/ktm.png
472,skylife,11GB,auto_candidate,55000,100000,,2026-04-27 10:58:03,케이엘모바일_부성정책_ 4월 27일_ 10차 정책,"2008 156 모두 충분 1168+( 밀 리 의 서재) 34,000 무제한 무제한 300 분 |11068+ 일 208| 314665 55,000 100,000 55,000 | 100,000",/Users/jinwoo/Documents/Codex/2026-05-30/new-chat/policy-tracker/data/images/472/skylife.png
472,skylife,7GB,auto_candidate,45000,90000,,2026-04-27 10:58:03,케이엘모바일_부성정책_ 4월 27일_ 10차 정책,"568 1068 150 모두 SE 766+( 밀 리 의 서재) 17,900 무제한 무제한 300 분 768 1Mbps 45,000 90,000 45,000 | 90,000",/Users/jinwoo/Documents/Codex/2026-05-30/new-chat/policy-tracker/data/images/472/skylife.png
472,umobile,11GB,auto_candidate,60000,100000,,2026-04-27 10:58:03,케이엘모바일_부성정책_ 4월 27일_ 10차 정책,"2008 LTE 스 페 셜 [ 약 정 형 ] 33,900 무제한 무제한 300 분 1168+ 일 208 3Mbps. 60,000 100,000 | 60,000 100,000",/Users/jinwoo/Documents/Codex/2026-05-30/new-chat/policy-tracker/data/images/472/umobile.png
472,umobile,7GB,auto_candidate,60000,90000,,2026-04-27 10:58:03,케이엘모바일_부성정책_ 4월 27일_ 10차 정책,"5GB LTE (768+/ 통 화 기 본 )[ 약 정형] 17,600 무제한 무제한 300 분 768 1Mbps 60,000 90,000 | 60,000 90,000",/Users/jinwoo/Documents/Codex/2026-05-30/new-chat/policy-tracker/data/images/472/umobile.png
473,hello,11GB,auto_candidate,30000,100000,,2026-04-28 11:06:14,케이엘모바일_부성정책_ 4월 28일_ 11차 정책,"2068 The 착한 데이터 유심 1168 49390 | 15400 33,990 | 무제한 ㅣ 무제한 ㅣ 300 분 | 11068 | 22GB+3Mbps 30,000 100,000 30,000 100,000",/Users/jinwoo/Documents/Codex/2026-05-30/new-chat/policy-tracker/data/images/473/hello.png
473,hello,7GB,auto_candidate,30000,100000,,2026-04-28 11:06:14,케이엘모바일_부성정책_ 4월 28일_ 11차 정책,"508 DATA 걱 정 없는 유심 768 45,100 | 26.600 18,500 무제한 무제한 300% 768 ‘Mbps. 30,000 100,000 30,000 100,000",/Users/jinwoo/Documents/Codex/2026-05-30/new-chat/policy-tracker/data/images/473/hello.png
473,ktm,11GB,auto_candidate,90000,100000,,2026-04-28 11:06:14,케이엘모바일_부성정책_ 4월 28일_ 11차 정책,"2008 프리미엄 1168( 밀 리 의 서재) 34,000 무제한 무제한 300 분  1168+ 일 268  3144605 90,000 100,000 90,000 100,000",/Users/jinwoo/Documents/Codex/2026-05-30/new-chat/policy-tracker/data/images/473/ktm.png
473,ktm,7GB,auto_candidate,90000,90000,,2026-04-28 11:06:14,케이엘모바일_부성정책_ 4월 28일_ 11차 정책,"5068  \ 스페셜 768( 밀 리 의 서재) 17,900 무제한 무제한 300 분 768 Mbps 90,000 90,000 90,000 90,000",/Users/jinwoo/Documents/Codex/2026-05-30/new-chat/policy-tracker/data/images/473/ktm.png
473,sk7,11GB,auto_candidate,80000,100000,,2026-04-28 11:06:14,케이엘모바일_부성정책_ 4월 28일_ 11차 정책,"20GB 글로벌 300 (1168+/ 통 화 맘껏) 46,040 36,140 무제한 ㅣ 무제한 ： 300 분 1168 3Mbps 80,000 100,000 80,000 100,000 | < 글 로 벌 요금제 요금 할인 프 로 모 션 >",/Users/jinwoo/Documents/Codex/2026-05-30/new-chat/policy-tracker/data/images/473/sk7.png
473,sk7,7GB,auto_candidate,80000,90000,,2026-04-28 11:06:14,케이엘모바일_부성정책_ 4월 28일_ 11차 정책,"508 글로벌 300 (768+/ 통 화 맘껏) 29,040 | 19,140 '69 편 의 점 무제한 | 무제한 | 300 분 ㅣ 768 ‘Mbps 80,000 90,000 80,000 90,000 - Hel 금 액 ( 월 기준)",/Users/jinwoo/Documents/Codex/2026-05-30/new-chat/policy-tracker/data/images/473/sk7.png
473,skylife,11GB,auto_candidate,55000,100000,,2026-04-28 11:06:14,케이엘모바일_부성정책_ 4월 28일_ 11차 정책,"2008 156 모두 충분 1168+( 밀 리 의 서재) 34,000 무제한 무제한 300 분 |11068+ 일 208| 314665 55,000 100,000 55,000 | 100,000",/Users/jinwoo/Documents/Codex/2026-05-30/new-chat/policy-tracker/data/images/473/skylife.png
473,skylife,7GB,auto_candidate,45000,90000,,2026-04-28 11:06:14,케이엘모바일_부성정책_ 4월 28일_ 11차 정책,"568 1068 150 모두 SE 766+( 밀 리 의 서재) 17,900 무제한 무제한 300 분 768 1Mbps 45,000 90,000 45,000 | 90,000",/Users/jinwoo/Documents/Codex/2026-05-30/new-chat/policy-tracker/data/images/473/skylife.png
473,umobile,11GB,auto_candidate,60000,100000,,2026-04-28 11:06:14,케이엘모바일_부성정책_ 4월 28일_ 11차 정책,"| 2008 때 스 폐 셜 [ 약 정 형 ] 33,900 무제한 무제한 ㅣ 300 분 1168+ 일 208 3Mbps | 60,000 100,000 60,000 100,000",/Users/jinwoo/Documents/Codex/2026-05-30/new-chat/policy-tracker/data/images/473/umobile.png
473,umobile,7GB,auto_candidate,60000,90000,,2026-04-28 11:06:14,케이엘모바일_부성정책_ 4월 28일_ 11차 정책,"| 568 때 (7068+/ 통 화 기 본 )[ 약 정형] 17.600 무제한 무제한 300 분 768 Mbps | 60,000 90,000 60,000 90,000",/Users/jinwoo/Documents/Codex/2026-05-30/new-chat/policy-tracker/data/images/473/umobile.png
474,hello,11GB,auto_candidate,30000,110000,,2026-05-01 12:40:57,케이엘모바일_부성정책_ 5월 1일_ 1차 정책,"2068 The 착한 데이터 유심 1168 49390 | 15400 33,990 | 무제한 ㅣ 무제한 ㅣ 300 분 | 11068 | 22GB+3Mbps 30,000 110,000 30,000 110,000",/Users/jinwoo/Documents/Codex/2026-05-30/new-chat/policy-tracker/data/images/474/hello.png
474,hello,7GB,auto_candidate,30000,100000,,2026-05-01 12:40:57,케이엘모바일_부성정책_ 5월 1일_ 1차 정책,"508 DATA 걱 정 없는 유심 768 45,100 | 26.600 18,500 무제한 무제한 300% 768 ‘Mbps. 30,000 100,000 30,000 100,000",/Users/jinwoo/Documents/Codex/2026-05-30/new-chat/policy-tracker/data/images/474/hello.png
474,ktm,11GB,auto_candidate,90000,110000,,2026-05-01 12:40:57,케이엘모바일_부성정책_ 5월 1일_ 1차 정책,"2008 = M 프리미엄 1160( 밀 리 의 서재) 34,000 무제한 무제한 300 분 1168+ 일 268. 3Mbps 90,000 110,000 90,000 110,000",/Users/jinwoo/Documents/Codex/2026-05-30/new-chat/policy-tracker/data/images/474/ktm.png
474,ktm,7GB,auto_candidate,85000,110000,,2026-05-01 12:40:57,케이엘모바일_부성정책_ 5월 1일_ 1차 정책,"M 라이트 768 플러스 14,000 무제한 무제한 30 분 768 400Kbps. 85,000 110,000 85,000 110,000",/Users/jinwoo/Documents/Codex/2026-05-30/new-chat/policy-tracker/data/images/474/ktm.png
474,sk7,11GB,auto_candidate,70000,110000,,2026-05-01 12:40:57,케이엘모바일_부성정책_ 5월 1일_ 1차 정책,"2008 글로벌 300 (1168+/ 통 화 맘껏) | 46,040 무제한 | 무제한 | 300 분 1168 3Mbps 70,000 | 110,000 70,000 110,000",/Users/jinwoo/Documents/Codex/2026-05-30/new-chat/policy-tracker/data/images/474/sk7.png
474,sk7,7GB,auto_candidate,70000,100000,,2026-05-01 12:40:57,케이엘모바일_부성정책_ 5월 1일_ 1차 정책,"508 글로벌 300 (768+/ 통 화 맘껏. ㅣ 29,040 '65 편 의 점 무제한 ㅣ 무제한 ㅣ 300 분 ㅣ 708 1Mbps 70,000 | 100,000 70,000 100,000",/Users/jinwoo/Documents/Codex/2026-05-30/new-chat/policy-tracker/data/images/474/sk7.png
474,skylife,11GB,auto_candidate,60000,110000,,2026-05-01 12:40:57,케이엘모바일_부성정책_ 5월 1일_ 1차 정책,"2008 150 모두 SE 1168+( 밀 리 의 서재) 34,000 무제한 무제한 300% |1108+ 일 208| 3Mbps 60,000 110,000 60,000 | 110,000",/Users/jinwoo/Documents/Codex/2026-05-30/new-chat/policy-tracker/data/images/474/skylife.png
474,skylife,7GB,auto_candidate,50000,100000,,2026-05-01 12:40:57,케이엘모바일_부성정책_ 5월 1일_ 1차 정책,"5GB 10GB 150 모두 충분 768+( 밀 리 의 서재) 17.900 무제한 무제한 300 분 768 009 50,000 100,000 50,000 | 100,000",/Users/jinwoo/Documents/Codex/2026-05-30/new-chat/policy-tracker/data/images/474/skylife.png
474,umobile,11GB,auto_candidate,55000,110000,,2026-05-01 12:40:57,케이엘모바일_부성정책_ 5월 1일_ 1차 정책,"2008 이 동 의 즐거움 - 패 스 (7166+ 통 화 기 본) 34,900 무제한 무제한 ㅣ 300 분 11GB+ 22GB 3Mbps 55,000 110,000 55,000 110,000",/Users/jinwoo/Documents/Codex/2026-05-30/new-chat/policy-tracker/data/images/474/umobile.png
474,umobile,7GB,auto_candidate,55000,100000,,2026-05-01 12:40:57,케이엘모바일_부성정책_ 5월 1일_ 1차 정책,"566 LTE (768+/ 통 화 기 본 )[ 약 정 형 1] 17,600 무제한 무제한 ㅣ 300 분 768 Mbps 55,000 100,000 55,000 100,000",/Users/jinwoo/Documents/Codex/2026-05-30/new-chat/policy-tracker/data/images/474/umobile.png
475,hello,11GB,auto_candidate,30000,110000,,2026-05-05 11:15:36,케이엘모바일_부성정책_ 5월 5일_ 2차 정책,"2068 The 착한 데이터 유심 1168 49390 | 15400 33,990 | 무제한 ㅣ 무제한 ㅣ 300 분 | 11068 | 22GB+3Mbps 30,000 110,000 30,000 110,000",/Users/jinwoo/Documents/Codex/2026-05-30/new-chat/policy-tracker/data/images/475/hello.png
475,hello,7GB,auto_candidate,30000,100000,,2026-05-05 11:15:36,케이엘모바일_부성정책_ 5월 5일_ 2차 정책,"508 DATA 걱 정 없는 유심 768 45,100 | 26.600 18,500 무제한 무제한 300% 768 ‘Mbps. 30,000 100,000 30,000 100,000",/Users/jinwoo/Documents/Codex/2026-05-30/new-chat/policy-tracker/data/images/475/hello.png
475,ktm,11GB,auto_candidate,90000,110000,,2026-05-05 11:15:36,케이엘모바일_부성정책_ 5월 5일_ 2차 정책,"2008 = M 프리미엄 1160( 밀 리 의 서재) 34,000 무제한 무제한 300 분 1168+ 일 268. 3Mbps 90,000 110,000 90,000 110,000",/Users/jinwoo/Documents/Codex/2026-05-30/new-chat/policy-tracker/data/images/475/ktm.png
475,ktm,7GB,auto_candidate,85000,110000,,2026-05-05 11:15:36,케이엘모바일_부성정책_ 5월 5일_ 2차 정책,"M 라이트 768 플러스 14,000 무제한 무제한 30 분 768 400Kbps. 85,000 110,000 85,000 110,000",/Users/jinwoo/Documents/Codex/2026-05-30/new-chat/policy-tracker/data/images/475/ktm.png
475,sk7,11GB,auto_candidate,70000,110000,,2026-05-05 11:15:36,케이엘모바일_부성정책_ 5월 5일_ 2차 정책,"2008 글로벌 300 (1168+/ 통 화 맘껏) | 46,040 무제한 | 무제한 | 300 분 1168 3Mbps 70,000 | 110,000 70,000 110,000",/Users/jinwoo/Documents/Codex/2026-05-30/new-chat/policy-tracker/data/images/475/sk7.png
475,sk7,7GB,auto_candidate,70000,100000,,2026-05-05 11:15:36,케이엘모바일_부성정책_ 5월 5일_ 2차 정책,"508 글로벌 300 (768+/ 통 화 맘껏. ㅣ 29,040 '65 편 의 점 무제한 ㅣ 무제한 ㅣ 300 분 ㅣ 708 1Mbps 70,000 | 100,000 70,000 100,000",/Users/jinwoo/Documents/Codex/2026-05-30/new-chat/policy-tracker/data/images/475/sk7.png
475,skylife,11GB,auto_candidate,60000,110000,,2026-05-05 11:15:36,케이엘모바일_부성정책_ 5월 5일_ 2차 정책,"2008 150 모두 SE 1168+( 밀 리 의 서재) 34,000 무제한 무제한 300% |1108+ 일 208| 3Mbps 60,000 110,000 60,000 | 110,000",/Users/jinwoo/Documents/Codex/2026-05-30/new-chat/policy-tracker/data/images/475/skylife.png
475,skylife,7GB,auto_candidate,50000,100000,,2026-05-05 11:15:36,케이엘모바일_부성정책_ 5월 5일_ 2차 정책,"5GB 10GB 150 모두 충분 768+( 밀 리 의 서재) 17.900 무제한 무제한 300 분 768 009 50,000 100,000 50,000 | 100,000",/Users/jinwoo/Documents/Codex/2026-05-30/new-chat/policy-tracker/data/images/475/skylife.png
475,umobile,11GB,auto_candidate,55000,110000,,2026-05-05 11:15:36,케이엘모바일_부성정책_ 5월 5일_ 2차 정책,"2008 이 동 의 즐거움 - 패 스 (7166+ 통 화 기 본) 34,900 무제한 무제한 ㅣ 300 분 11GB+ 22GB 3Mbps 55,000 110,000 55,000 110,000",/Users/jinwoo/Documents/Codex/2026-05-30/new-chat/policy-tracker/data/images/475/umobile.png
475,umobile,7GB,auto_candidate,55000,100000,,2026-05-05 11:15:36,케이엘모바일_부성정책_ 5월 5일_ 2차 정책,"566 LTE (768+/ 통 화 기 본 )[ 약 정 형 1] 17,600 무제한 무제한 ㅣ 300 분 768 Mbps 55,000 100,000 55,000 100,000",/Users/jinwoo/Documents/Codex/2026-05-30/new-chat/policy-tracker/data/images/475/umobile.png
476,hello,11GB,auto_candidate,30000,140000,,2026-05-08 10:54:04,케이엘모바일_부성정책_ 5월 8일_ 3차 정책,"2068 The 착한 데이터 유심 1168 49390 | 15400 33,990 | 무제한 ㅣ 무제한 ㅣ 300 분 | 11068 | 22GB+3Mbps 30,000 140,000 30,000 140,000",/Users/jinwoo/Documents/Codex/2026-05-30/new-chat/policy-tracker/data/images/476/hello.png
476,hello,7GB,auto_candidate,30000,120000,,2026-05-08 10:54:04,케이엘모바일_부성정책_ 5월 8일_ 3차 정책,"508 DATA 걱 정 없는 유심 768 45,100 | 26.600 18,500 무제한 무제한 300% 768 ‘Mbps. 30,000 120,000 30,000 120,000",/Users/jinwoo/Documents/Codex/2026-05-30/new-chat/policy-tracker/data/images/476/hello.png
476,ktm,11GB,auto_candidate,90000,130000,,2026-05-08 10:54:04,케이엘모바일_부성정책_ 5월 8일_ 3차 정책,"2068 M 프리미엄 1168( 밀 리 의 서재) 34.000 무제한 무제한 300%  |1108+ 일 208| 31605 90,000 130,000 90,000 130,000",/Users/jinwoo/Documents/Codex/2026-05-30/new-chat/policy-tracker/data/images/476/ktm.png
476,ktm,7GB,auto_candidate,90000,120000,,2026-05-08 10:54:04,케이엘모바일_부성정책_ 5월 8일_ 3차 정책,"568 4 스페셜 768( 밀 리 의 서재) 17.900 무제한 무제한 300 분 708 1Mbps 90,000 120,000 90,000 120,000",/Users/jinwoo/Documents/Codex/2026-05-30/new-chat/policy-tracker/data/images/476/ktm.png
476,sk7,11GB,auto_candidate,100000,130000,,2026-05-08 10:54:04,케이엘모바일_부성정책_ 5월 8일_ 3차 정책,"20GB 글로벌 300 (1168+/ 통 화 맘 껏 ) | 46,040 무제한 무제한 300 분 1168 3Mbps 100,000 | 130,000 100,000 130,000",/Users/jinwoo/Documents/Codex/2026-05-30/new-chat/policy-tracker/data/images/476/sk7.png
476,sk7,7GB,auto_candidate,100000,120000,,2026-05-08 10:54:04,케이엘모바일_부성정책_ 5월 8일_ 3차 정책,"568 글로벌 300 (768+/ 통 화 맘껏) | 29,040 65 편 의 점 무제한 | 무제한 | 300 분 768 1Mbps. 100,000 | 120,000 100,000 120,000",/Users/jinwoo/Documents/Codex/2026-05-30/new-chat/policy-tracker/data/images/476/sk7.png
476,skylife,11GB,auto_candidate,60000,140000,,2026-05-08 10:54:04,케이엘모바일_부성정책_ 5월 8일_ 3차 정책,"2008 150 모두 SE 1168+( 밀 리 의 서재) 34,000 무제한 무제한 300% |1108+ 일 208| 3Mbps 60,000 140,000 60,000 | 140,000",/Users/jinwoo/Documents/Codex/2026-05-30/new-chat/policy-tracker/data/images/476/skylife.png
476,skylife,7GB,auto_candidate,50000,130000,,2026-05-08 10:54:04,케이엘모바일_부성정책_ 5월 8일_ 3차 정책,"5GB 10GB 150 모두 충분 768+( 밀 리 의 서재) 17.900 무제한 무제한 300 분 768 009 50,000 130,000 50,000 | 130,000",/Users/jinwoo/Documents/Codex/2026-05-30/new-chat/policy-tracker/data/images/476/skylife.png
476,umobile,11GB,auto_candidate,55000,130000,,2026-05-08 10:54:04,케이엘모바일_부성정책_ 5월 8일_ 3차 정책,"2008 LTE 스 폐 셜 [ 약 정 형 1] 33,900 무제한 무제한 300 분 1168+ 일 208 31665 55,000 130,000 55,000 130,000",/Users/jinwoo/Documents/Codex/2026-05-30/new-chat/policy-tracker/data/images/476/umobile.png
476,umobile,7GB,auto_candidate,55000,120000,,2026-05-08 10:54:04,케이엘모바일_부성정책_ 5월 8일_ 3차 정책,"566 LTE (768+/ 통 화 기 본 )[ 약 정 형 1] 17,600 무제한 무제한 ㅣ 300 분 768 Mbps 55,000 120,000 55,000 120,000",/Users/jinwoo/Documents/Codex/2026-05-30/new-chat/policy-tracker/data/images/476/umobile.png
478,hello,11GB,auto_candidate,30000,100000,,2026-05-12 09:53:40,케이엘모바일_부성정책_ 5월 12일_ 4차 정책,"2008 1066 데이터 더 주는 유심 11GB 49,390 | 12,400 | 36,990 무제한 무제한 300 분 1168 ‘U2GB+3Mbps 30,000 100,000 30,000 100,000",/Users/jinwoo/Documents/Codex/2026-05-30/new-chat/policy-tracker/data/images/478/hello.png
478,hello,7GB,auto_candidate,30000,100000,,2026-05-12 09:53:40,케이엘모바일_부성정책_ 5월 12일_ 4차 정책,"5GB DATA 걱 정 없는 유심 768 45,100 | 26.600 18,500 무제한 무제한 300% 768 ‘Mbps, 30,000 100,000 30,000 100,000",/Users/jinwoo/Documents/Codex/2026-05-30/new-chat/policy-tracker/data/images/478/hello.png
478,ktm,11GB,auto_candidate,90000,130000,,2026-05-12 09:53:40,케이엘모바일_부성정책_ 5월 12일_ 4차 정책,"2068 M 프리미엄 1168( 밀 리 의 서재) 34.000 무제한 무제한 300%  |1108+ 일 208| 31605 90,000 130,000 90,000 130,000",/Users/jinwoo/Documents/Codex/2026-05-30/new-chat/policy-tracker/data/images/478/ktm.png
478,ktm,7GB,auto_candidate,90000,120000,,2026-05-12 09:53:40,케이엘모바일_부성정책_ 5월 12일_ 4차 정책,"568 4 스페셜 768( 밀 리 의 서재) 17.900 무제한 무제한 300 분 708 1Mbps 90,000 120,000 90,000 120,000",/Users/jinwoo/Documents/Codex/2026-05-30/new-chat/policy-tracker/data/images/478/ktm.png
478,sk7,11GB,auto_candidate,100000,130000,,2026-05-12 09:53:40,케이엘모바일_부성정책_ 5월 12일_ 4차 정책,"20GB 글로벌 300 (1168+/ 통 화 맘 껏 ) | 46,040 무제한 무제한 300 분 1168 3Mbps 100,000 | 130,000 100,000 130,000",/Users/jinwoo/Documents/Codex/2026-05-30/new-chat/policy-tracker/data/images/478/sk7.png
478,sk7,7GB,auto_candidate,100000,120000,,2026-05-12 09:53:40,케이엘모바일_부성정책_ 5월 12일_ 4차 정책,"568 글로벌 300 (768+/ 통 화 맘껏) | 29,040 65 편 의 점 무제한 | 무제한 | 300 분 768 1Mbps. 100,000 | 120,000 100,000 120,000",/Users/jinwoo/Documents/Codex/2026-05-30/new-chat/policy-tracker/data/images/478/sk7.png
478,skylife,11GB,auto_candidate,60000,140000,,2026-05-12 09:53:40,케이엘모바일_부성정책_ 5월 12일_ 4차 정책,"2008 150 모두 SE 1168+( 밀 리 의 서재) 34,000 무제한 무제한 300% |1108+ 일 208| 3Mbps 60,000 140,000 60,000 | 140,000",/Users/jinwoo/Documents/Codex/2026-05-30/new-chat/policy-tracker/data/images/478/skylife.png
478,skylife,7GB,auto_candidate,50000,130000,,2026-05-12 09:53:40,케이엘모바일_부성정책_ 5월 12일_ 4차 정책,"5GB 10GB 150 모두 충분 768+( 밀 리 의 서재) 17.900 무제한 무제한 300 분 768 009 50,000 130,000 50,000 | 130,000",/Users/jinwoo/Documents/Codex/2026-05-30/new-chat/policy-tracker/data/images/478/skylife.png
478,umobile,11GB,auto_candidate,55000,130000,,2026-05-12 09:53:40,케이엘모바일_부성정책_ 5월 12일_ 4차 정책,"2008 LTE 스 폐 셜 [ 약 정 형 1] 33,900 무제한 무제한 300 분 1168+ 일 208 31665 55,000 130,000 55,000 130,000",/Users/jinwoo/Documents/Codex/2026-05-30/new-chat/policy-tracker/data/images/478/umobile.png
478,umobile,7GB,auto_candidate,55000,120000,,2026-05-12 09:53:40,케이엘모바일_부성정책_ 5월 12일_ 4차 정책,"566 LTE (768+/ 통 화 기 본 )[ 약 정 형 1] 17,600 무제한 무제한 ㅣ 300 분 768 Mbps 55,000 120,000 55,000 120,000",/Users/jinwoo/Documents/Codex/2026-05-30/new-chat/policy-tracker/data/images/478/umobile.png
479,hello,11GB,auto_candidate,30000,100000,,2026-05-13 10:10:06,케이엘모바일_부성정책_ 5월 13일_ 5차 정책,"2008 1066 데이터 더 주는 유심 11GB 49,390 | 12,400 | 36,990 무제한 무제한 300 분 1168 ‘U2GB+3Mbps 30,000 100,000 30,000 100,000",/Users/jinwoo/Documents/Codex/2026-05-30/new-chat/policy-tracker/data/images/479/hello.png
479,hello,7GB,auto_candidate,30000,100000,,2026-05-13 10:10:06,케이엘모바일_부성정책_ 5월 13일_ 5차 정책,"5GB DATA 걱 정 없는 유심 768 45,100 | 26.600 18,500 무제한 무제한 300% 768 ‘Mbps, 30,000 100,000 30,000 100,000",/Users/jinwoo/Documents/Codex/2026-05-30/new-chat/policy-tracker/data/images/479/hello.png
479,ktm,11GB,auto_candidate,90000,130000,,2026-05-13 10:10:06,케이엘모바일_부성정책_ 5월 13일_ 5차 정책,"2068 M 프리미엄 1168( 밀 리 의 서재) 34.000 무제한 무제한 300%  |1108+ 일 208| 31605 90,000 130,000 90,000 130,000",/Users/jinwoo/Documents/Codex/2026-05-30/new-chat/policy-tracker/data/images/479/ktm.png
479,ktm,7GB,auto_candidate,90000,120000,,2026-05-13 10:10:06,케이엘모바일_부성정책_ 5월 13일_ 5차 정책,"568 4 스페셜 768( 밀 리 의 서재) 17.900 무제한 무제한 300 분 708 1Mbps 90,000 120,000 90,000 120,000",/Users/jinwoo/Documents/Codex/2026-05-30/new-chat/policy-tracker/data/images/479/ktm.png
479,sk7,11GB,auto_candidate,100000,130000,,2026-05-13 10:10:06,케이엘모바일_부성정책_ 5월 13일_ 5차 정책,"20GB 글로벌 300 (1168+/ 통 화 맘 껏 ) | 46,040 무제한 무제한 300 분 1168 3Mbps 100,000 | 130,000 100,000 130,000",/Users/jinwoo/Documents/Codex/2026-05-30/new-chat/policy-tracker/data/images/479/sk7.png
479,sk7,7GB,auto_candidate,100000,120000,,2026-05-13 10:10:06,케이엘모바일_부성정책_ 5월 13일_ 5차 정책,"568 글로벌 300 (768+/ 통 화 맘껏) | 29,040 65 편 의 점 무제한 | 무제한 | 300 분 768 1Mbps. 100,000 | 120,000 100,000 120,000",/Users/jinwoo/Documents/Codex/2026-05-30/new-chat/policy-tracker/data/images/479/sk7.png
479,skylife,11GB,auto_candidate,60000,120000,,2026-05-13 10:10:06,케이엘모바일_부성정책_ 5월 13일_ 5차 정책,"2008 150 모두 SE 1168+( 밀 리 의 서재) 34,000 무제한 무제한 300% |1108+ 일 208| 3Mbps 60,000 120,000 60,000 | 120,000",/Users/jinwoo/Documents/Codex/2026-05-30/new-chat/policy-tracker/data/images/479/skylife.png
479,skylife,7GB,auto_candidate,50000,110000,,2026-05-13 10:10:06,케이엘모바일_부성정책_ 5월 13일_ 5차 정책,"5GB 10GB 150 모두 SE 768+( 밀 리 의 서재) 17.900 무제한 무제한 300 분 768 009 50,000 110,000 50,000 | 110,000",/Users/jinwoo/Documents/Codex/2026-05-30/new-chat/policy-tracker/data/images/479/skylife.png
479,umobile,11GB,auto_candidate,55000,130000,,2026-05-13 10:10:06,케이엘모바일_부성정책_ 5월 13일_ 5차 정책,"2008 LTE 스 폐 셜 [ 약 정 형 1] 33,900 무제한 무제한 300 분 1168+ 일 208 31665 55,000 130,000 55,000 130,000",/Users/jinwoo/Documents/Codex/2026-05-30/new-chat/policy-tracker/data/images/479/umobile.png
479,umobile,7GB,auto_candidate,55000,120000,,2026-05-13 10:10:06,케이엘모바일_부성정책_ 5월 13일_ 5차 정책,"566 LTE (768+/ 통 화 기 본 )[ 약 정 형 1] 17,600 무제한 무제한 ㅣ 300 분 768 Mbps 55,000 120,000 55,000 120,000",/Users/jinwoo/Documents/Codex/2026-05-30/new-chat/policy-tracker/data/images/479/umobile.png
480,hello,11GB,auto_candidate,30000,120000,,2026-05-15 12:12:24,케이엘모바일_부성정책_ 5월 15일_ 6차 정책_헬로 수정,"2008 1066 데이터 더 주는 유심 11GB 49,390 | 12,400 | 36,990 무제한 무제한 300 분 1168 ‘U2GB+3Mbps 30,000 120,000 30,000 120,000",/Users/jinwoo/Documents/Codex/2026-05-30/new-chat/policy-tracker/data/images/480/hello.png
480,hello,7GB,auto_candidate,70000,120000,,2026-05-15 12:12:24,케이엘모바일_부성정책_ 5월 15일_ 6차 정책_헬로 수정,"506 DATA 걱 정 없는 유심 768 45,100 | 26,600 | 18,500 무제한 무제한 300 분 768 ‘Mbps. 70,000 120,000 70,000 120,000",/Users/jinwoo/Documents/Codex/2026-05-30/new-chat/policy-tracker/data/images/480/hello.png
480,ktm,11GB,auto_candidate,90000,130000,,2026-05-15 12:12:24,케이엘모바일_부성정책_ 5월 15일_ 6차 정책_헬로 수정,"2008 = M 프리미엄 1168( 밀 리 의 서재) 34.000 무제한 무제한 300%  |1108+ 일 208| 31605 90,000 130,000 90,000 130,000",/Users/jinwoo/Documents/Codex/2026-05-30/new-chat/policy-tracker/data/images/480/ktm.png
480,ktm,7GB,auto_candidate,90000,120000,,2026-05-15 12:12:24,케이엘모바일_부성정책_ 5월 15일_ 6차 정책_헬로 수정,"56GB M 스페셜 768( 밀 리 의 서재) 17,900 무제한 무제한 300 분 708 1Mbps 90,000 120,000 90,000 120,000",/Users/jinwoo/Documents/Codex/2026-05-30/new-chat/policy-tracker/data/images/480/ktm.png
480,skylife,11GB,auto_candidate,60000,120000,,2026-05-15 12:12:24,케이엘모바일_부성정책_ 5월 15일_ 6차 정책_헬로 수정,"2008 150 모두 SE 1168+( 밀 리 의 서재) 34,000 무제한 무제한 300% |1108+ 일 208| 3Mbps 60,000 120,000 60,000 | 120,000",/Users/jinwoo/Documents/Codex/2026-05-30/new-chat/policy-tracker/data/images/480/skylife.png
480,skylife,7GB,auto_candidate,50000,110000,,2026-05-15 12:12:24,케이엘모바일_부성정책_ 5월 15일_ 6차 정책_헬로 수정,"5GB 10GB 150 모두 SE 768+( 밀 리 의 서재) 17.900 무제한 무제한 300 분 768 009 50,000 110,000 50,000 | 110,000",/Users/jinwoo/Documents/Codex/2026-05-30/new-chat/policy-tracker/data/images/480/skylife.png
480,umobile,11GB,auto_candidate,75000,150000,,2026-05-15 12:12:24,케이엘모바일_부성정책_ 5월 15일_ 6차 정책_헬로 수정,"2008 이 동 의 즐거움 - 패 스 (7166+ 통 화 기 본) 34,900 무제한 무제한 ㅣ 300 분 11GB+ 22GB 3Mbps 75,000 150,000 75,000 150,000",/Users/jinwoo/Documents/Codex/2026-05-30/new-chat/policy-tracker/data/images/480/umobile.png
480,umobile,7GB,auto_candidate,75000,140000,,2026-05-15 12:12:24,케이엘모바일_부성정책_ 5월 15일_ 6차 정책_헬로 수정,"566 LTE (768+/ 통 화 기 본 )[ 약 정 형 1] 17,600 무제한 무제한 ㅣ 300 분 768 Mbps 75,000 140,000 75,000 140,000",/Users/jinwoo/Documents/Codex/2026-05-30/new-chat/policy-tracker/data/images/480/umobile.png
481,hello,11GB,auto_candidate,30000,120000,,2026-05-16 12:06:55,케이엘모바일_부성정책_ 5월 16일_ 7차 정책,"2008 1066 데이터 더 주는 유심 11GB 49,390 | 12,400 | 36,990 무제한 무제한 300 분 1168 ‘U2GB+3Mbps 30,000 120,000 30,000 120,000",/Users/jinwoo/Documents/Codex/2026-05-30/new-chat/policy-tracker/data/images/481/hello.png
481,hello,7GB,auto_candidate,70000,120000,,2026-05-16 12:06:55,케이엘모바일_부성정책_ 5월 16일_ 7차 정책,"506 DATA 걱 정 없는 유심 768 45,100 | 26,600 | 18,500 무제한 무제한 300 분 768 ‘Mbps. 70,000 120,000 70,000 120,000",/Users/jinwoo/Documents/Codex/2026-05-30/new-chat/policy-tracker/data/images/481/hello.png
481,ktm,11GB,auto_candidate,90000,150000,,2026-05-16 12:06:55,케이엘모바일_부성정책_ 5월 16일_ 7차 정책,"20GB M 프리미엄 1160( 밀 리 의 서재) 34,000 무제한 무제한 300%  1168+ 일 2068 31|4005 90,000 150,000 90,000 150,000",/Users/jinwoo/Documents/Codex/2026-05-30/new-chat/policy-tracker/data/images/481/ktm.png
481,ktm,7GB,auto_candidate,90000,140000,,2026-05-16 12:06:55,케이엘모바일_부성정책_ 5월 16일_ 7차 정책,"5GB M 스페셜 768( 밀 리 의 서재) 17,900 무제한 무제한 300 분 768 ‘Mbps. 90,000 140,000 90,000 140,000",/Users/jinwoo/Documents/Codex/2026-05-30/new-chat/policy-tracker/data/images/481/ktm.png
481,skylife,11GB,auto_candidate,60000,120000,,2026-05-16 12:06:55,케이엘모바일_부성정책_ 5월 16일_ 7차 정책,"2008 150 모두 SE 1168+( 밀 리 의 서재) 34,000 무제한 무제한 300% |1108+ 일 208| 3Mbps 60,000 120,000 60,000 | 120,000",/Users/jinwoo/Documents/Codex/2026-05-30/new-chat/policy-tracker/data/images/481/skylife.png
481,skylife,7GB,auto_candidate,50000,110000,,2026-05-16 12:06:55,케이엘모바일_부성정책_ 5월 16일_ 7차 정책,"5GB 10GB 150 모두 SE 768+( 밀 리 의 서재) 17.900 무제한 무제한 300 분 768 009 50,000 110,000 50,000 | 110,000",/Users/jinwoo/Documents/Codex/2026-05-30/new-chat/policy-tracker/data/images/481/skylife.png
481,umobile,11GB,auto_candidate,75000,150000,,2026-05-16 12:06:55,케이엘모바일_부성정책_ 5월 16일_ 7차 정책,"2008 이 동 의 즐거움 - 패 스 (7166+ 통 화 기 본) 34,900 무제한 무제한 ㅣ 300 분 11GB+ 22GB 3Mbps 75,000 150,000 75,000 150,000",/Users/jinwoo/Documents/Codex/2026-05-30/new-chat/policy-tracker/data/images/481/umobile.png
481,umobile,7GB,auto_candidate,75000,140000,,2026-05-16 12:06:55,케이엘모바일_부성정책_ 5월 16일_ 7차 정책,"566 LTE (768+/ 통 화 기 본 )[ 약 정 형 1] 17,600 무제한 무제한 ㅣ 300 분 768 Mbps 75,000 140,000 75,000 140,000",/Users/jinwoo/Documents/Codex/2026-05-30/new-chat/policy-tracker/data/images/481/umobile.png
482,hello,11GB,auto_candidate,30000,110000,,2026-05-21 11:09:10,케이엘모바일_부성정책_ 5월 21일_ 8차 정책,"2008 1066 데이터 더 주는 유심 11GB 49,390 | 12,400 | 36,990 무제한 무제한 300 분 1168 ‘U2GB+3Mbps 30,000 110,000 30,000 110,000",/Users/jinwoo/Documents/Codex/2026-05-30/new-chat/policy-tracker/data/images/482/hello.png
482,hello,7GB,auto_candidate,70000,110000,,2026-05-21 11:09:10,케이엘모바일_부성정책_ 5월 21일_ 8차 정책,"506 DATA 걱 정 없는 유심 768 45,100 | 26,600 | 18,500 무제한 무제한 300 분 768 ‘Mbps. 70,000 110,000 70,000 110,000",/Users/jinwoo/Documents/Codex/2026-05-30/new-chat/policy-tracker/data/images/482/hello.png
482,ktm,11GB,auto_candidate,90000,150000,,2026-05-21 11:09:10,케이엘모바일_부성정책_ 5월 21일_ 8차 정책,"20GB M 프리미엄 1160( 밀 리 의 서재) 34,000 무제한 무제한 300%  1168+ 일 2068 31|4005 90,000 150,000 90,000 150,000",/Users/jinwoo/Documents/Codex/2026-05-30/new-chat/policy-tracker/data/images/482/ktm.png
482,ktm,7GB,auto_candidate,90000,140000,,2026-05-21 11:09:10,케이엘모바일_부성정책_ 5월 21일_ 8차 정책,"5GB M 스페셜 768( 밀 리 의 서재) 17,900 무제한 무제한 300 분 768 ‘Mbps. 90,000 140,000 90,000 140,000",/Users/jinwoo/Documents/Codex/2026-05-30/new-chat/policy-tracker/data/images/482/ktm.png
482,skylife,11GB,auto_candidate,60000,120000,,2026-05-21 11:09:10,케이엘모바일_부성정책_ 5월 21일_ 8차 정책,"2008 150 모두 SE 1168+( 밀 리 의 서재) 34,000 무제한 무제한 300% |1108+ 일 208| 3Mbps 60,000 120,000 60,000 | 120,000",/Users/jinwoo/Documents/Codex/2026-05-30/new-chat/policy-tracker/data/images/482/skylife.png
482,skylife,7GB,auto_candidate,50000,110000,,2026-05-21 11:09:10,케이엘모바일_부성정책_ 5월 21일_ 8차 정책,"5GB 10GB 150 모두 SE 768+( 밀 리 의 서재) 17.900 무제한 무제한 300 분 768 009 50,000 110,000 50,000 | 110,000",/Users/jinwoo/Documents/Codex/2026-05-30/new-chat/policy-tracker/data/images/482/skylife.png
482,umobile,11GB,auto_candidate,75000,170000,,2026-05-21 11:09:10,케이엘모바일_부성정책_ 5월 21일_ 8차 정책,"20GB 이 동 의 즐거움 <- 패 스 (7168+ 통 화 기 본) 34,900 무제한 무제한 300 분 1168+ 일 268 3Mbps. 75,000 170,000 75,000 170,000",/Users/jinwoo/Documents/Codex/2026-05-30/new-chat/policy-tracker/data/images/482/umobile.png
482,umobile,7GB,auto_candidate,75000,160000,,2026-05-21 11:09:10,케이엘모바일_부성정책_ 5월 21일_ 8차 정책,"566 LTE (768+/ 통 화 기 본 )[ 약 정 형 1] 17,600 무제한 무제한 ㅣ 300 분 768 Mbps 75,000 160,000 75,000 160,000",/Users/jinwoo/Documents/Codex/2026-05-30/new-chat/policy-tracker/data/images/482/umobile.png
483,hello,11GB,auto_candidate,30000,110000,,2026-05-22 11:47:32,케이엘모바일_부성정책_ 5월 22일_ 9차 정책,"2008 1066 데이터 더 주는 유심 11GB 49,390 | 12,400 | 36,990 무제한 무제한 300 분 1168 ‘U2GB+3Mbps 30,000 110,000 30,000 110,000",/Users/jinwoo/Documents/Codex/2026-05-30/new-chat/policy-tracker/data/images/483/hello.png
483,hello,7GB,auto_candidate,70000,110000,,2026-05-22 11:47:32,케이엘모바일_부성정책_ 5월 22일_ 9차 정책,"506 DATA 걱 정 없는 유심 768 45,100 | 26,600 | 18,500 무제한 무제한 300 분 768 ‘Mbps. 70,000 110,000 70,000 110,000",/Users/jinwoo/Documents/Codex/2026-05-30/new-chat/policy-tracker/data/images/483/hello.png
483,ktm,11GB,auto_candidate,90000,170000,,2026-05-22 11:47:32,케이엘모바일_부성정책_ 5월 22일_ 9차 정책,"2068 M 프리미엄 1168( 밀 리 의 서재) 34.000 무제한 무제한 300%  |1168+ 일 208|  3Mbps 90,000 170,000 90,000 170,000",/Users/jinwoo/Documents/Codex/2026-05-30/new-chat/policy-tracker/data/images/483/ktm.png
483,ktm,7GB,auto_candidate,90000,160000,,2026-05-22 11:47:32,케이엘모바일_부성정책_ 5월 22일_ 9차 정책,"56GB M 스페셜 768( 밀 리 의 서재) 17,900 무제한 무제한 300 분 768 Mbps 90,000 160,000 90,000 160,000",/Users/jinwoo/Documents/Codex/2026-05-30/new-chat/policy-tracker/data/images/483/ktm.png
483,sk7,11GB,auto_candidate,120000,160000,,2026-05-22 11:47:32,케이엘모바일_부성정책_ 5월 22일_ 9차 정책,"20GB 글로벌 300 (1168+/ 통 화 맘 껏 ) | 46,040 무제한 ㅣ 무제한 300 분 1168 3Mbps 120,000 | 160,000 120,000 160,000",/Users/jinwoo/Documents/Codex/2026-05-30/new-chat/policy-tracker/data/images/483/sk7.png
483,sk7,7GB,auto_candidate,120000,150000,,2026-05-22 11:47:32,케이엘모바일_부성정책_ 5월 22일_ 9차 정책,"5686 글로벌 300 (766+/ 통 화 맘껏) 29,040 .65 편 의 점 무제한 무제한 300 분 768 1Mbps 120,000 150,000 120,000 150,000",/Users/jinwoo/Documents/Codex/2026-05-30/new-chat/policy-tracker/data/images/483/sk7.png
483,skylife,11GB,auto_candidate,60000,120000,,2026-05-22 11:47:32,케이엘모바일_부성정책_ 5월 22일_ 9차 정책,"2008 150 모두 SE 1168+( 밀 리 의 서재) 34,000 무제한 무제한 300% |1108+ 일 208| 3Mbps 60,000 120,000 60,000 | 120,000",/Users/jinwoo/Documents/Codex/2026-05-30/new-chat/policy-tracker/data/images/483/skylife.png
483,skylife,7GB,auto_candidate,50000,110000,,2026-05-22 11:47:32,케이엘모바일_부성정책_ 5월 22일_ 9차 정책,"5GB 10GB 150 모두 SE 768+( 밀 리 의 서재) 17.900 무제한 무제한 300 분 768 009 50,000 110,000 50,000 | 110,000",/Users/jinwoo/Documents/Codex/2026-05-30/new-chat/policy-tracker/data/images/483/skylife.png
483,umobile,11GB,auto_candidate,75000,170000,,2026-05-22 11:47:32,케이엘모바일_부성정책_ 5월 22일_ 9차 정책,"20GB 이 동 의 즐거움 <- 패 스 (7168+ 통 화 기 본) 34,900 무제한 무제한 300 분 1168+ 일 268 3Mbps. 75,000 170,000 75,000 170,000",/Users/jinwoo/Documents/Codex/2026-05-30/new-chat/policy-tracker/data/images/483/umobile.png
483,umobile,7GB,auto_candidate,75000,160000,,2026-05-22 11:47:32,케이엘모바일_부성정책_ 5월 22일_ 9차 정책,"566 LTE (768+/ 통 화 기 본 )[ 약 정 형 1] 17,600 무제한 무제한 ㅣ 300 분 768 Mbps 75,000 160,000 75,000 160,000",/Users/jinwoo/Documents/Codex/2026-05-30/new-chat/policy-tracker/data/images/483/umobile.png
484,hello,11GB,auto_candidate,30000,110000,,2026-05-23 10:14:44,케이엘모바일_부성정책_ 5월 23일_ 10차 정책,"2008 1066 데이터 더 주는 유심 11GB 49,390 | 12,400 | 36,990 무제한 무제한 300 분 1168 ‘U2GB+3Mbps 30,000 110,000 30,000 110,000",/Users/jinwoo/Documents/Codex/2026-05-30/new-chat/policy-tracker/data/images/484/hello.png
484,hello,7GB,auto_candidate,70000,110000,,2026-05-23 10:14:44,케이엘모바일_부성정책_ 5월 23일_ 10차 정책,"506 DATA 걱 정 없는 유심 768 45,100 | 26,600 | 18,500 무제한 무제한 300 분 768 ‘Mbps. 70,000 110,000 70,000 110,000",/Users/jinwoo/Documents/Codex/2026-05-30/new-chat/policy-tracker/data/images/484/hello.png
484,ktm,11GB,auto_candidate,110000,190000,,2026-05-23 10:14:44,케이엘모바일_부성정책_ 5월 23일_ 10차 정책,"20068 프리미엄 1160( 밀 리 의 서재) 34,000 무제한 무제한 300 분  1168+ 일 2086  3146005 110,000 190,000 110,000 190,000",/Users/jinwoo/Documents/Codex/2026-05-30/new-chat/policy-tracker/data/images/484/ktm.png
484,ktm,7GB,auto_candidate,110000,180000,,2026-05-23 10:14:44,케이엘모바일_부성정책_ 5월 23일_ 10차 정책,"56GB MAW 768( 지 니 뮤직) 20,300 무제한 무제한 300 분 768 1Mbps 110,000 180,000 110,000 180,000",/Users/jinwoo/Documents/Codex/2026-05-30/new-chat/policy-tracker/data/images/484/ktm.png
484,sk7,11GB,auto_candidate,120000,160000,,2026-05-23 10:14:44,케이엘모바일_부성정책_ 5월 23일_ 10차 정책,"20GB 글로벌 300 (1168+/ 통 화 맘 껏 ) | 46,040 무제한 ㅣ 무제한 300 분 1168 3Mbps 120,000 | 160,000 120,000 160,000",/Users/jinwoo/Documents/Codex/2026-05-30/new-chat/policy-tracker/data/images/484/sk7.png
484,sk7,7GB,auto_candidate,120000,150000,,2026-05-23 10:14:44,케이엘모바일_부성정책_ 5월 23일_ 10차 정책,"5686 글로벌 300 (766+/ 통 화 맘껏) 29,040 .65 편 의 점 무제한 무제한 300 분 768 1Mbps 120,000 150,000 120,000 150,000",/Users/jinwoo/Documents/Codex/2026-05-30/new-chat/policy-tracker/data/images/484/sk7.png
484,skylife,11GB,auto_candidate,60000,120000,,2026-05-23 10:14:44,케이엘모바일_부성정책_ 5월 23일_ 10차 정책,"2008 150 모두 SE 1168+( 밀 리 의 서재) 34,000 무제한 무제한 300% |1108+ 일 208| 3Mbps 60,000 120,000 60,000 | 120,000",/Users/jinwoo/Documents/Codex/2026-05-30/new-chat/policy-tracker/data/images/484/skylife.png
484,skylife,7GB,auto_candidate,50000,110000,,2026-05-23 10:14:44,케이엘모바일_부성정책_ 5월 23일_ 10차 정책,"5GB 10GB 150 모두 SE 768+( 밀 리 의 서재) 17.900 무제한 무제한 300 분 768 009 50,000 110,000 50,000 | 110,000",/Users/jinwoo/Documents/Codex/2026-05-30/new-chat/policy-tracker/data/images/484/skylife.png
484,umobile,11GB,auto_candidate,75000,170000,,2026-05-23 10:14:44,케이엘모바일_부성정책_ 5월 23일_ 10차 정책,"20GB 이 동 의 즐거움 <- 패 스 (7168+ 통 화 기 본) 34,900 무제한 무제한 300 분 1168+ 일 268 3Mbps. 75,000 170,000 75,000 170,000",/Users/jinwoo/Documents/Codex/2026-05-30/new-chat/policy-tracker/data/images/484/umobile.png
484,umobile,7GB,auto_candidate,75000,160000,,2026-05-23 10:14:44,케이엘모바일_부성정책_ 5월 23일_ 10차 정책,"566 LTE (768+/ 통 화 기 본 )[ 약 정 형 1] 17,600 무제한 무제한 ㅣ 300 분 768 Mbps 75,000 160,000 75,000 160,000",/Users/jinwoo/Documents/Codex/2026-05-30/new-chat/policy-tracker/data/images/484/umobile.png
485,hello,11GB,auto_candidate,30000,110000,,2026-05-28 10:24:23,케이엘모바일_부성정책_ 5월 28일_ 11차 정책,"2008 1066 데이터 더 주는 유심 11GB 49,390 | 12,400 | 36,990 무제한 무제한 300 분 1168 ‘U2GB+3Mbps 30,000 110,000 30,000 110,000",/Users/jinwoo/Documents/Codex/2026-05-30/new-chat/policy-tracker/data/images/485/hello.png
485,hello,7GB,auto_candidate,70000,110000,,2026-05-28 10:24:23,케이엘모바일_부성정책_ 5월 28일_ 11차 정책,"506 DATA 걱 정 없는 유심 768 45,100 | 26,600 | 18,500 무제한 무제한 300 분 768 ‘Mbps. 70,000 110,000 70,000 110,000",/Users/jinwoo/Documents/Codex/2026-05-30/new-chat/policy-tracker/data/images/485/hello.png
485,ktm,11GB,auto_candidate,110000,190000,,2026-05-28 10:24:23,케이엘모바일_부성정책_ 5월 28일_ 11차 정책,"20068 프리미엄 1160( 밀 리 의 서재) 34,000 무제한 무제한 300 분  1168+ 일 2086  3146005 110,000 190,000 110,000 190,000",/Users/jinwoo/Documents/Codex/2026-05-30/new-chat/policy-tracker/data/images/485/ktm.png
485,ktm,7GB,auto_candidate,110000,180000,,2026-05-28 10:24:23,케이엘모바일_부성정책_ 5월 28일_ 11차 정책,"56GB MAW 768( 지 니 뮤직) 20,300 무제한 무제한 300 분 768 1Mbps 110,000 180,000 110,000 180,000",/Users/jinwoo/Documents/Codex/2026-05-30/new-chat/policy-tracker/data/images/485/ktm.png
485,sk7,11GB,auto_candidate,120000,160000,,2026-05-28 10:24:23,케이엘모바일_부성정책_ 5월 28일_ 11차 정책,"20GB 글로벌 300 (1168+/ 통 화 맘 껏 ) | 46,040 무제한 ㅣ 무제한 300 분 1168 3Mbps 120,000 | 160,000 120,000 160,000",/Users/jinwoo/Documents/Codex/2026-05-30/new-chat/policy-tracker/data/images/485/sk7.png
485,sk7,7GB,auto_candidate,120000,150000,,2026-05-28 10:24:23,케이엘모바일_부성정책_ 5월 28일_ 11차 정책,"5686 글로벌 300 (766+/ 통 화 맘껏) 29,040 .65 편 의 점 무제한 무제한 300 분 768 1Mbps 120,000 150,000 120,000 150,000",/Users/jinwoo/Documents/Codex/2026-05-30/new-chat/policy-tracker/data/images/485/sk7.png
485,skylife,11GB,auto_candidate,60000,120000,,2026-05-28 10:24:23,케이엘모바일_부성정책_ 5월 28일_ 11차 정책,"2008 150 모두 SE 1168+( 밀 리 의 서재) 34,000 무제한 무제한 300% |1108+ 일 208| 3Mbps 60,000 120,000 60,000 | 120,000",/Users/jinwoo/Documents/Codex/2026-05-30/new-chat/policy-tracker/data/images/485/skylife.png
485,skylife,7GB,auto_candidate,50000,110000,,2026-05-28 10:24:23,케이엘모바일_부성정책_ 5월 28일_ 11차 정책,"5GB 10GB 150 모두 SE 768+( 밀 리 의 서재) 17.900 무제한 무제한 300 분 768 009 50,000 110,000 50,000 | 110,000",/Users/jinwoo/Documents/Codex/2026-05-30/new-chat/policy-tracker/data/images/485/skylife.png
485,umobile,11GB,auto_candidate,75000,200000,,2026-05-28 10:24:23,케이엘모바일_부성정책_ 5월 28일_ 11차 정책,"2008 이 동 의 즐거움 - 패 스 (7166+ 통 화 기 본) 34,900 무제한 무제한 ㅣ 300 분 11GB+ 22GB 3Mbps 75,000 200,000 75,000 200,000",/Users/jinwoo/Documents/Codex/2026-05-30/new-chat/policy-tracker/data/images/485/umobile.png
485,umobile,7GB,auto_candidate,75000,190000,,2026-05-28 10:24:23,케이엘모바일_부성정책_ 5월 28일_ 11차 정책,"566 LTE (768+/ 통 화 기 본 )[ 약 정 형 1] 17,600 무제한 무제한 ㅣ 300 분 768 Mbps 75,000 190,000 75,000 190,000",/Users/jinwoo/Documents/Codex/2026-05-30/new-chat/policy-tracker/data/images/485/umobile.png
486,hello,11GB,auto_candidate,30000,110000,,2026-05-29 10:15:54,케이엘모바일_부성정책_ 5월 29일_ 12차 정책,"2008 1066 데이터 더 주는 유심 11GB 49,390 | 12,400 | 36,990 무제한 무제한 300 분 1168 ‘U2GB+3Mbps 30,000 110,000 30,000 110,000",/Users/jinwoo/Documents/Codex/2026-05-30/new-chat/policy-tracker/data/images/486/hello.png
486,hello,7GB,auto_candidate,70000,110000,,2026-05-29 10:15:54,케이엘모바일_부성정책_ 5월 29일_ 12차 정책,"506 DATA 걱 정 없는 유심 768 45,100 | 26,600 | 18,500 무제한 무제한 300 분 768 ‘Mbps. 70,000 110,000 70,000 110,000",/Users/jinwoo/Documents/Codex/2026-05-30/new-chat/policy-tracker/data/images/486/hello.png
486,ktm,11GB,auto_candidate,110000,190000,,2026-05-29 10:15:54,케이엘모바일_부성정책_ 5월 29일_ 12차 정책,"20068 프리미엄 1160( 밀 리 의 서재) 34,000 무제한 무제한 300 분  1168+ 일 2086  3146005 110,000 190,000 110,000 190,000",/Users/jinwoo/Documents/Codex/2026-05-30/new-chat/policy-tracker/data/images/486/ktm.png
486,ktm,7GB,auto_candidate,110000,180000,,2026-05-29 10:15:54,케이엘모바일_부성정책_ 5월 29일_ 12차 정책,"56GB MAW 768( 지 니 뮤직) 20,300 무제한 무제한 300 분 768 1Mbps 110,000 180,000 110,000 180,000",/Users/jinwoo/Documents/Codex/2026-05-30/new-chat/policy-tracker/data/images/486/ktm.png
486,sk7,11GB,auto_candidate,120000,160000,,2026-05-29 10:15:54,케이엘모바일_부성정책_ 5월 29일_ 12차 정책,"20GB 글로벌 300 (1168+/ 통 화 맘 껏 ) | 46,040 무제한 ㅣ 무제한 300 분 1168 3Mbps 120,000 | 160,000 120,000 160,000",/Users/jinwoo/Documents/Codex/2026-05-30/new-chat/policy-tracker/data/images/486/sk7.png
486,sk7,7GB,auto_candidate,120000,150000,,2026-05-29 10:15:54,케이엘모바일_부성정책_ 5월 29일_ 12차 정책,"5686 글로벌 300 (766+/ 통 화 맘껏) 29,040 .65 편 의 점 무제한 무제한 300 분 768 1Mbps 120,000 150,000 120,000 150,000",/Users/jinwoo/Documents/Codex/2026-05-30/new-chat/policy-tracker/data/images/486/sk7.png
486,skylife,11GB,auto_candidate,60000,120000,,2026-05-29 10:15:54,케이엘모바일_부성정책_ 5월 29일_ 12차 정책,"2008 150 모두 SE 1168+( 밀 리 의 서재) 34,000 무제한 무제한 300% |1108+ 일 208| 3Mbps 60,000 120,000 60,000 | 120,000",/Users/jinwoo/Documents/Codex/2026-05-30/new-chat/policy-tracker/data/images/486/skylife.png
486,skylife,7GB,auto_candidate,50000,110000,,2026-05-29 10:15:54,케이엘모바일_부성정책_ 5월 29일_ 12차 정책,"5GB 10GB 150 모두 SE 768+( 밀 리 의 서재) 17.900 무제한 무제한 300 분 768 009 50,000 110,000 50,000 | 110,000",/Users/jinwoo/Documents/Codex/2026-05-30/new-chat/policy-tracker/data/images/486/skylife.png
486,umobile,11GB,auto_candidate,125000,220000,,2026-05-29 10:15:54,케이엘모바일_부성정책_ 5월 29일_ 12차 정책,"2008 이 동 의 즐거움 - 패 스 (7166+ 통 화 기 본) 34,900 무제한 무제한 300 분 1168+ 일 268 3Mbps: 125,000 220,000 125,000 220,000",/Users/jinwoo/Documents/Codex/2026-05-30/new-chat/policy-tracker/data/images/486/umobile.png
486,umobile,7GB,auto_candidate,125000,210000,,2026-05-29 10:15:54,케이엘모바일_부성정책_ 5월 29일_ 12차 정책,"566 LTE (768+/ 통 화 기 본 )[ 약 정 형 1] 17,600 무제한 무제한 ㅣ 300 분 768 Mbps 125,000 210,000 125,000 210,000",/Users/jinwoo/Documents/Codex/2026-05-30/new-chat/policy-tracker/data/images/486/umobile.png
487,hello,11GB,auto_candidate,30000,110000,,2026-06-01 11:29:13,케이엘모바일_부성정책_ 6월 1일_ 1차 정책,"2008 FEW 유심 1168 49,390 | 13,000 36,390 ㅣ 무제한 ㅣ 무제한 ㅣ 300 분 7168 ㅣ 일 208+346605 30,000 110,000 30,000 110,000",/Users/jinwoo/Documents/Codex/2026-05-30/new-chat/policy-tracker/data/images/487/hello.png
487,hello,7GB,auto_candidate,70000,100000,,2026-06-01 11:29:13,케이엘모바일_부성정책_ 6월 1일_ 1차 정책,"5068 DATA 걱 정 없는 유심 768 45,100 | 26.600 18,500 무제한 무제한 300% 768 ‘Mbps, 70,000 100,000 70,000 100,000",/Users/jinwoo/Documents/Codex/2026-05-30/new-chat/policy-tracker/data/images/487/hello.png
487,ktm,11GB,auto_candidate,90000,110000,,2026-06-01 11:29:13,케이엘모바일_부성정책_ 6월 1일_ 1차 정책,"20GB M 프리미엄 1168( 밀 리 의 서재) 34,000 무제한 무제한 300%  1168+ 일 268| 3Mbps | 90,000 110,000 90,000 110,000",/Users/jinwoo/Documents/Codex/2026-05-30/new-chat/policy-tracker/data/images/487/ktm.png
487,ktm,7GB,auto_candidate,90000,100000,,2026-06-01 11:29:13,케이엘모바일_부성정책_ 6월 1일_ 1차 정책,"506 10668 1 스페셜 768( 지 니 뮤직) 20,300 무제한 무제한 300 분 708 74605 | 90,000 100,000 90,000 100,000",/Users/jinwoo/Documents/Codex/2026-05-30/new-chat/policy-tracker/data/images/487/ktm.png
487,skylife,11GB,auto_candidate,60000,110000,,2026-06-01 11:29:13,케이엘모바일_부성정책_ 6월 1일_ 1차 정책,"2008 ‘sky 모두 SE 1168+( 밀 리 의 서재) 34,000 무제한 무제한 300% |1108+ 일 208| 34665 60,000 110,000 60,000 | 110,000",/Users/jinwoo/Documents/Codex/2026-05-30/new-chat/policy-tracker/data/images/487/skylife.png
487,skylife,7GB,auto_candidate,50000,100000,,2026-06-01 11:29:13,케이엘모바일_부성정책_ 6월 1일_ 1차 정책,"568 1068 ‘sky 모두 충분 768+( 밀 리 의 서재) 17,900 무제한 무제한 300 분 768 76605 50,000 100,000 50,000 | 100,000",/Users/jinwoo/Documents/Codex/2026-05-30/new-chat/policy-tracker/data/images/487/skylife.png
487,umobile,11GB,auto_candidate,55000,109000,,2026-06-01 11:29:13,케이엘모바일_부성정책_ 6월 1일_ 1차 정책,"2008 LTE 스 폐 셜 [ 약 정 형 1] 33,900 무제한 무제한 300 분 11GB+ 22GB 3Mbps. 55,000 109,000 55,000 109,000",/Users/jinwoo/Documents/Codex/2026-05-30/new-chat/policy-tracker/data/images/487/umobile.png
487,umobile,7GB,auto_candidate,55000,98000,,2026-06-01 11:29:13,케이엘모바일_부성정책_ 6월 1일_ 1차 정책,"566 LTE (768+/ 통 화 기 본 )[ 약 정 형 1] 17,600 무제한 무제한 | 300 분 768 ‘Mbps 55,000 98,000 55,000 98,000",/Users/jinwoo/Documents/Codex/2026-05-30/new-chat/policy-tracker/data/images/487/umobile.png
489,hello,11GB,auto_candidate,30000,110000,,2026-06-02 10:27:33,케이엘모바일_부성정책_ 6월 2일_ 2차 정책,"2008 FEW 유심 1168 49,390 | 13,000 36,390 ㅣ 무제한 ㅣ 무제한 ㅣ 300 분 7168 ㅣ 일 208+346605 30,000 110,000 30,000 110,000",/Users/jinwoo/Documents/Codex/2026-05-30/new-chat/policy-tracker/data/images/489/hello.png
489,hello,7GB,auto_candidate,70000,100000,,2026-06-02 10:27:33,케이엘모바일_부성정책_ 6월 2일_ 2차 정책,"5068 DATA 걱 정 없는 유심 768 45,100 | 26.600 18,500 무제한 무제한 300% 768 ‘Mbps, 70,000 100,000 70,000 100,000",/Users/jinwoo/Documents/Codex/2026-05-30/new-chat/policy-tracker/data/images/489/hello.png
489,ktm,11GB,auto_candidate,90000,110000,,2026-06-02 10:27:33,케이엘모바일_부성정책_ 6월 2일_ 2차 정책,"20GB M 프리미엄 1168( 밀 리 의 서재) 34,000 무제한 무제한 300%  1168+ 일 268| 3Mbps | 90,000 110,000 90,000 110,000",/Users/jinwoo/Documents/Codex/2026-05-30/new-chat/policy-tracker/data/images/489/ktm.png
489,ktm,7GB,auto_candidate,90000,100000,,2026-06-02 10:27:33,케이엘모바일_부성정책_ 6월 2일_ 2차 정책,"506 10668 1 스페셜 768( 지 니 뮤직) 20,300 무제한 무제한 300 분 708 74605 | 90,000 100,000 90,000 100,000",/Users/jinwoo/Documents/Codex/2026-05-30/new-chat/policy-tracker/data/images/489/ktm.png
489,skylife,11GB,auto_candidate,60000,110000,,2026-06-02 10:27:33,케이엘모바일_부성정책_ 6월 2일_ 2차 정책,"2008 ‘sky 모두 SE 1168+( 밀 리 의 서재) 34,000 무제한 무제한 300% |1108+ 일 208| 34665 60,000 110,000 60,000 | 110,000",/Users/jinwoo/Documents/Codex/2026-05-30/new-chat/policy-tracker/data/images/489/skylife.png
489,skylife,7GB,auto_candidate,50000,100000,,2026-06-02 10:27:33,케이엘모바일_부성정책_ 6월 2일_ 2차 정책,"568 1068 ‘sky 모두 충분 768+( 밀 리 의 서재) 17,900 무제한 무제한 300 분 768 76605 50,000 100,000 50,000 | 100,000",/Users/jinwoo/Documents/Codex/2026-05-30/new-chat/policy-tracker/data/images/489/skylife.png
489,umobile,11GB,auto_candidate,55000,109000,,2026-06-02 10:27:33,케이엘모바일_부성정책_ 6월 2일_ 2차 정책,"2008 LTE 스 폐 셜 [ 약 정 형 1] 33,900 무제한 무제한 300 분 11GB+ 22GB 3Mbps. 55,000 109,000 55,000 109,000",/Users/jinwoo/Documents/Codex/2026-05-30/new-chat/policy-tracker/data/images/489/umobile.png
489,umobile,7GB,auto_candidate,55000,98000,,2026-06-02 10:27:33,케이엘모바일_부성정책_ 6월 2일_ 2차 정책,"566 LTE (768+/ 통 화 기 본 )[ 약 정 형 1] 17,600 무제한 무제한 | 300 분 768 ‘Mbps 55,000 98,000 55,000 98,000",/Users/jinwoo/Documents/Codex/2026-05-30/new-chat/policy-tracker/data/images/489/umobile.png
