write_date,article_id,subject,carrier,plan_bucket,plan_name,new_amount,mnp_amount,status,source_text
2025-01-01 12:35:01,256,케이엘모바일_부성정책_ 1월  1일_ 1차 정책,hello,11GB,manual_image_confirmed,30000,70000,manual_fixed,2025-01-01 image: THE 착한 데이터 유심 11GB 내국인 010신규/MNP
2025-01-01 12:35:01,256,케이엘모바일_부성정책_ 1월  1일_ 1차 정책,hello,7GB,manual_image_confirmed,30000,200000,manual_fixed,2025-01-01 image: DATA 걱정없는 유심 7GB 내국인 010신규/MNP
2025-01-01 12:35:01,256,케이엘모바일_부성정책_ 1월  1일_ 1차 정책,ktm,11GB,manual_image_confirmed,40000,110000,manual_fixed,2025-01-01 image: M 프리미엄 11GB 내국인 010신규/MNP
2025-01-01 12:35:01,256,케이엘모바일_부성정책_ 1월  1일_ 1차 정책,ktm,7GB,manual_image_confirmed,40000,130000,manual_fixed,2025-01-01 image: M 스페셜 7GB 내국인 010신규/MNP
2025-01-01 12:35:01,256,케이엘모바일_부성정책_ 1월  1일_ 1차 정책,sk7,11GB,manual_image_confirmed,20000,170000,manual_fixed,2025-01-01 image: LTE 알뜰 11GB+ 내국인 010신규/MNP
2025-01-01 12:35:01,256,케이엘모바일_부성정책_ 1월  1일_ 1차 정책,sk7,7GB,manual_image_confirmed,20000,150000,manual_fixed,2025-01-01 image: LTE 알뜰 7GB 내국인 010신규/MNP
2025-01-01 12:35:01,256,케이엘모바일_부성정책_ 1월  1일_ 1차 정책,umobile,11GB,manual_image_confirmed,22000,175000,manual_fixed,2025-01-01 image: LTE USIM 스페셜 11GB+일2GB 내국인 010신규/MNP
2025-01-01 12:35:01,256,케이엘모바일_부성정책_ 1월  1일_ 1차 정책,umobile,7GB,manual_image_confirmed,22000,153000,manual_fixed,2025-01-01 image: LTE USIM 7GB+ 내국인 010신규/MNP
2025-01-02 12:02:37,257,케이엘모바일_부성정책_ 1월 2일_ 1-1차 정책,hello,11GB,auto_candidate,30000,70000,needs_review,"THE 착한 데이터 유심 11GB | 49,390 | 15,400 | 33,990 | 무제한 | 무제한 | 300% | 1168 | 2GB+3Mbps | 30,000 | 70,000 | 30,000 | 70,000"
2025-01-02 12:02:37,257,케이엘모바일_부성정책_ 1월 2일_ 1-1차 정책,hello,7GB,auto_candidate,30000,200000,needs_review,"DATA 걱 정 없는 유심 768 | 45,100 | 27,600 | 17,500 | 무제한 | SMG) 300% | 708 ‘Mbps 30,000 | 200,000 | 30,000 | 180,000"
2025-01-02 12:02:37,257,케이엘모바일_부성정책_ 1월 2일_ 1-1차 정책,skylife,11GB,auto_candidate,45000,185000,needs_review,"모 두 충분 1168+( 밀 리 의 서재) | 33.000 | 무제한 | 무제한 | 300 분 |1106+ 일 208 34665 | 45000 | 185,000 | 34500 79,500"
2025-01-02 12:02:37,257,케이엘모바일_부성정책_ 1월 2일_ 1-1차 정책,skylife,7GB,auto_candidate,45000,160000,needs_review,"2588 768+( 밀 리 의 서재) | 16200 | 무제한 | 무제한 | 300 분 70 | 71065 | 45,000 | 160,000 | 34500 54,500"
2025-01-02 12:02:37,257,케이엘모바일_부성정책_ 1월 2일_ 1-1차 정책,umobile,11GB,manual_image_confirmed,44000,175000,manual_fixed,2025-01-02 image: LTE USIM 스페셜 11GB+일2GB 내국인 010신규/MNP
2025-01-02 12:02:37,257,케이엘모바일_부성정책_ 1월 2일_ 1-1차 정책,umobile,7GB,manual_image_confirmed,44000,153000,manual_fixed,2025-01-02 image: LTE USIM 7GB+ 내국인 010신규/MNP
2025-01-03 10:26:37,258,케이엘모바일_부성정책_ 1월 3일_ 1-2차 정책,hello,11GB,auto_candidate,30000,70000,needs_review,"THE 착한 데이터 유심 11GB | 49,390 | 15,400 | 33,990 | 무제한 | 무제한 | 3008 | 1168 | 2GB+3Mbps | 30,000 | 70,000 | 30,000 | 70,000"
2025-01-03 10:26:37,258,케이엘모바일_부성정책_ 1월 3일_ 1-2차 정책,hello,7GB,auto_candidate,30000,30000,needs_review,"DATA 걱 정 없는 유심 768 45,100 | 27,600 | 17,500 | 무제한 | 무제한 | 300% 768 ‘Mbps 30,000 30,000"
2025-01-03 10:26:37,258,케이엘모바일_부성정책_ 1월 3일_ 1-2차 정책,skylife,11GB,auto_candidate,45000,185000,needs_review,"모 두 충분 1168+( 밀 리 의 서재) | 33.000 | 무제한 | 무제한 | 300 분 |1106+ 일 208 34665 | 45000 | 185,000 | 34500 79,500"
2025-01-03 10:26:37,258,케이엘모바일_부성정책_ 1월 3일_ 1-2차 정책,skylife,7GB,auto_candidate,45000,160000,needs_review,"2588 768+( 밀 리 의 서재) | 16200 | 무제한 | 무제한 | 300 분 70 | 71065 | 45,000 | 160,000 | 34500 54,500"
2025-01-03 10:26:37,258,케이엘모바일_부성정책_ 1월 3일_ 1-2차 정책,umobile,11GB,manual_image_confirmed,44000,175000,manual_fixed,2025-01-03 image: LTE USIM 스페셜 11GB+일2GB 내국인 010신규/MNP
2025-01-03 10:26:37,258,케이엘모바일_부성정책_ 1월 3일_ 1-2차 정책,umobile,7GB,manual_image_confirmed,44000,153000,manual_fixed,2025-01-03 image: LTE USIM 7GB+ 내국인 010신규/MNP
2025-01-07 10:38:13,260,케이엘모바일_부성정책_ 1월 7일_ 2차 정책_KTM수정,hello,11GB,auto_candidate,30000,70000,needs_review,"THE 착한 데이터 유심 11GB | 49,390 | 15,400 | 33,990 | 무제한 | 무제한 | 3008 | 1168 | 2GB+3Mbps | 30,000 | 70,000 | 30,000 | 70,000"
2025-01-07 10:38:13,260,케이엘모바일_부성정책_ 1월 7일_ 2차 정책_KTM수정,hello,7GB,auto_candidate,30000,30000,needs_review,"DATA 걱 정 없는 유심 768 45,100 | 27,600 | 17,500 | 무제한 | 무제한 | 300% 768 ‘Mbps 30,000 30,000"
2025-01-07 10:38:13,260,케이엘모바일_부성정책_ 1월 7일_ 2차 정책_KTM수정,ktm,11GB,auto_candidate,120000,140000,needs_review,"2008 보 프 리 미 원 1168 44900 eae | Fae nics+aizcs| saps | 40000 | 120,000 | 140000 | 40000 | 100.000 | 120,00"
2025-01-07 10:38:13,260,케이엘모바일_부성정책_ 1월 7일_ 2차 정책_KTM수정,skylife,11GB,auto_candidate,45000,185000,needs_review,"모 두 충분 1168+( 밀 리 의 서재) | 33.000 | 무제한 | 무제한 | 300 분 |1106+ 일 208 34665 | 45000 | 185,000 | 34500 79,500"
2025-01-07 10:38:13,260,케이엘모바일_부성정책_ 1월 7일_ 2차 정책_KTM수정,skylife,7GB,auto_candidate,45000,160000,needs_review,"2588 768+( 밀 리 의 서재) | 16200 | 무제한 | 무제한 | 300 분 70 | 71065 | 45,000 | 160,000 | 34500 54,500"
2025-01-07 10:38:13,260,케이엘모바일_부성정책_ 1월 7일_ 2차 정책_KTM수정,umobile,11GB,auto_candidate,44000,44000,needs_review,"LTE 4514 스페셜 33,900 무제한 무제한 | 300 분 | 1168+ 일 268 | aMbps | 44,000 44,000"
2025-01-08 10:11:24,261,케이엘모바일_부성정책_ 1월 8일_ 2-1차 정책,hello,7GB,auto_candidate,30000,30000,needs_review,"DATA 걱 정 없는 유심 768 | 45,100 | 27,600 | 17,500 | 무제한 | 무제한 | 300% | 708 ‘Mbps 30,000 30,000"
2025-01-08 10:11:24,261,케이엘모바일_부성정책_ 1월 8일_ 2-1차 정책,ktm,11GB,auto_candidate,120000,140000,needs_review,"2008 보 프 리 미 원 1168 44900 eae | Fae nics+aizcs| saps | 40000 | 120,000 | 140000 | 40000 | 100.000 | 120,00"
2025-01-08 10:11:24,261,케이엘모바일_부성정책_ 1월 8일_ 2-1차 정책,skylife,11GB,auto_candidate,45000,185000,needs_review,"모 두 충분 1168+( 밀 리 의 서재) | 33.000 | 무제한 | 무제한 | 300 분 |1106+ 일 208 34665 | 45000 | 185,000 | 34500 79,500"
2025-01-08 10:11:24,261,케이엘모바일_부성정책_ 1월 8일_ 2-1차 정책,skylife,7GB,auto_candidate,45000,160000,needs_review,"2588 768+( 밀 리 의 서재) | 16200 | 무제한 | 무제한 | 300 분 70 | 71065 | 45,000 | 160,000 | 34500 54,500"
2025-01-08 10:11:24,261,케이엘모바일_부성정책_ 1월 8일_ 2-1차 정책,umobile,11GB,auto_candidate,44000,44000,needs_review,"LTE 4514 스페셜 33,900 무제한 무제한 | 300 분 | 1168+ 일 268 | aMbps | 44,000 44,000"
2025-01-09 10:21:02,262,케이엘모바일_부성정책_ 1월 9일_ 2-2차 정책,hello,7GB,auto_candidate,30000,30000,needs_review,"DATA 걱 정 없는 유심 768 | 45,100 | 27,600 | 17,500 | 무제한 | 무제한 | 300% | 708 ‘Mbps 30,000 30,000"
2025-01-09 10:21:02,262,케이엘모바일_부성정책_ 1월 9일_ 2-2차 정책,ktm,11GB,auto_candidate,120000,140000,needs_review,"2008 보 프 리 미 원 1168 44900 eae | Fae nics+aizcs| saps | 40000 | 120,000 | 140000 | 40000 | 100.000 | 120,00"
2025-01-09 10:21:02,262,케이엘모바일_부성정책_ 1월 9일_ 2-2차 정책,sk7,11GB,auto_candidate,20000,220000,needs_review,"attzoce| —caink ness) — | 54560 | 41200 | 무제한 | 무제한 | 300 분 | 1168 | 일 208+30009 20000 | 220,000 | 20000 | 220000"
2025-01-09 10:21:02,262,케이엘모바일_부성정책_ 1월 9일_ 2-2차 정책,sk7,7GB,auto_candidate,50000,170000,needs_review,"‘atisce | ure we (/68+/ 통 화 람 껏 ) | 46400 | 19,40 | east | east | soe | 768 | mbps | 50000 | 170,000 | 20000 | 170,000"
2025-01-09 10:21:02,262,케이엘모바일_부성정책_ 1월 9일_ 2-2차 정책,skylife,11GB,auto_candidate,45000,185000,needs_review,"모 두 충분 1168+( 밀 리 의 서재) | 33.000 | 무제한 | 무제한 | 300 분 |1106+ 일 208 34665 | 45000 | 185,000 | 34500 79,500"
2025-01-09 10:21:02,262,케이엘모바일_부성정책_ 1월 9일_ 2-2차 정책,skylife,7GB,auto_candidate,45000,160000,needs_review,"2588 768+( 밀 리 의 서재) | 16200 | 무제한 | 무제한 | 300 분 70 | 71065 | 45,000 | 160,000 | 34500 54,500"
2025-01-09 10:21:02,262,케이엘모바일_부성정책_ 1월 9일_ 2-2차 정책,umobile,11GB,auto_candidate,44000,44000,needs_review,"LTE 4514 스페셜 33,900 무제한 무제한 | 300 분 | 1168+ 일 268 | aMbps | 44,000 44,000"
2025-01-11 09:22:52,263,케이엘모바일_부성정책_ 1월 11일_ 2-3차 정책,hello,7GB,auto_candidate,30000,30000,needs_review,"DATA 걱 정 없는 유심 768 | 45,100 | 27,600 | 17,500 | 무제한 | 무제한 | 300% | 708 ‘Mbps 30,000 30,000"
2025-01-11 09:22:52,263,케이엘모바일_부성정책_ 1월 11일_ 2-3차 정책,ktm,11GB,auto_candidate,120000,140000,needs_review,"2008 보 프 리 미 원 1168 44900 eae | Fae nics+aizcs| saps | 40000 | 120,000 | 140000 | 40000 | 100.000 | 120,00"
2025-01-11 09:22:52,263,케이엘모바일_부성정책_ 1월 11일_ 2-3차 정책,sk7,11GB,auto_candidate,20000,220000,needs_review,"attzoce| —caink ness) — | 54560 | 41200 | 무제한 | 무제한 | 300 분 | 1168 | 일 208+30009 20000 | 220,000 | 20000 | 220000"
2025-01-11 09:22:52,263,케이엘모바일_부성정책_ 1월 11일_ 2-3차 정책,sk7,7GB,auto_candidate,50000,170000,needs_review,"‘atisce | ure we (/68+/ 통 화 람 껏 ) | 46400 | 19,40 | east | east | soe | 768 | mbps | 50000 | 170,000 | 20000 | 170,000"
2025-01-11 09:22:52,263,케이엘모바일_부성정책_ 1월 11일_ 2-3차 정책,skylife,11GB,auto_candidate,45000,185000,needs_review,"모 두 충분 1168+( 밀 리 의 서재) | 33.000 | 무제한 | 무제한 | 300 분 |1106+ 일 208 34665 | 45000 | 185,000 | 34500 79,500"
2025-01-11 09:22:52,263,케이엘모바일_부성정책_ 1월 11일_ 2-3차 정책,skylife,7GB,auto_candidate,45000,160000,needs_review,"2588 768+( 밀 리 의 서재) | 16200 | 무제한 | 무제한 | 300 분 70 | 71065 | 45,000 | 160,000 | 34500 54,500"
2025-01-11 09:22:52,263,케이엘모바일_부성정책_ 1월 11일_ 2-3차 정책,umobile,11GB,auto_candidate,44000,197000,needs_review,"LTE USIM 스페셜           33,900           무제한          무제한 | 300% | 1168+일268 | 3Mbps | 44,000 | 197,000 | 44,000 | 197,000"
2025-01-17 10:08:43,264,케이엘모바일_부성정책_ 1월 17일_ 2-4차 정책,hello,7GB,auto_candidate,30000,30000,needs_review,"DATA 걱 정 없는 유심 768 | 45,100 | 27,600 | 17,500 | 무제한 | 무제한 | 300% | 708 ‘Mbps 30,000 30,000"
2025-01-17 10:08:43,264,케이엘모바일_부성정책_ 1월 17일_ 2-4차 정책,ktm,11GB,auto_candidate,120000,140000,needs_review,"2008 보 프 리 미 원 1168 44900 eae | Fae nics+aizcs| saps | 40000 | 120,000 | 140000 | 40000 | 100.000 | 120,00"
2025-01-17 10:08:43,264,케이엘모바일_부성정책_ 1월 17일_ 2-4차 정책,sk7,11GB,manual_image_confirmed,50000,150000,manual_fixed,2025-01-17 2-4차 image: LTE 알뜰 11GB+ 내국인 010신규/MNP
2025-01-17 10:08:43,264,케이엘모바일_부성정책_ 1월 17일_ 2-4차 정책,sk7,7GB,manual_image_confirmed,50000,110000,manual_fixed,2025-01-17 2-4차 image: LTE 알뜰 7GB 내국인 010신규/MNP
2025-01-17 10:08:43,264,케이엘모바일_부성정책_ 1월 17일_ 2-4차 정책,skylife,11GB,auto_candidate,45000,185000,needs_review,"모 두 충분 1168+( 밀 리 의 서재) | 33.000 | 무제한 | 무제한 | 300 분 |1106+ 일 208 34665 | 45000 | 185,000 | 34500 79,500"
2025-01-17 10:08:43,264,케이엘모바일_부성정책_ 1월 17일_ 2-4차 정책,skylife,7GB,auto_candidate,45000,160000,needs_review,"2588 768+( 밀 리 의 서재) | 16200 | 무제한 | 무제한 | 300 분 70 | 71065 | 45,000 | 160,000 | 34500 54,500"
2025-01-17 10:08:43,264,케이엘모바일_부성정책_ 1월 17일_ 2-4차 정책,umobile,11GB,auto_candidate,44000,197000,needs_review,"LTE USIM 스페셜           33,900           무제한          무제한 | 300% | 1168+일268 | 3Mbps | 44,000 | 197,000 | 44,000 | 197,000"
2025-01-17 11:37:16,265,케이엘모바일_부성정책_ 1월 17일_ 2-5차 정책,hello,11GB,manual_image_confirmed,30000,70000,manual_fixed,2025-01-17 2-5차 image: THE 착한 데이터 유심 11GB 내국인 010신규/MNP
2025-01-17 11:37:16,265,케이엘모바일_부성정책_ 1월 17일_ 2-5차 정책,hello,7GB,manual_image_confirmed,30000,120000,manual_fixed,2025-01-17 2-5차 image: DATA 걱정없는 유심 7GB 내국인 010신규/MNP
2025-01-17 11:37:16,265,케이엘모바일_부성정책_ 1월 17일_ 2-5차 정책,ktm,11GB,auto_candidate,120000,140000,needs_review,"2008 보 프 리 미 원 1168 44900 eae | Fae nics+aizcs| saps | 40000 | 120,000 | 140000 | 40000 | 100.000 | 120,00"
2025-01-17 11:37:16,265,케이엘모바일_부성정책_ 1월 17일_ 2-5차 정책,sk7,11GB,manual_image_confirmed,50000,150000,manual_fixed,2025-01-17 2-5차 image: LTE 알뜰 11GB+ 내국인 010신규/MNP
2025-01-17 11:37:16,265,케이엘모바일_부성정책_ 1월 17일_ 2-5차 정책,sk7,7GB,manual_image_confirmed,50000,110000,manual_fixed,2025-01-17 2-5차 image: LTE 알뜰 7GB 내국인 010신규/MNP
2025-01-17 11:37:16,265,케이엘모바일_부성정책_ 1월 17일_ 2-5차 정책,skylife,11GB,auto_candidate,45000,185000,needs_review,"모 두 충분 1168+( 밀 리 의 서재) | 33.000 | 무제한 | 무제한 | 300 분 |1106+ 일 208 34665 | 45000 | 185,000 | 34500 79,500"
2025-01-17 11:37:16,265,케이엘모바일_부성정책_ 1월 17일_ 2-5차 정책,skylife,7GB,auto_candidate,45000,160000,needs_review,"2588 768+( 밀 리 의 서재) | 16200 | 무제한 | 무제한 | 300 분 70 | 71065 | 45,000 | 160,000 | 34500 54,500"
2025-01-17 11:37:16,265,케이엘모바일_부성정책_ 1월 17일_ 2-5차 정책,umobile,11GB,manual_image_confirmed,44000,154000,manual_fixed,2025-01-17 2-5차 image: LTE USIM 스페셜 11GB+일2GB 내국인 010신규/MNP
2025-01-17 11:37:16,265,케이엘모바일_부성정책_ 1월 17일_ 2-5차 정책,umobile,7GB,manual_image_confirmed,44000,132000,manual_fixed,2025-01-17 2-5차 image: LTE USIM 7GB+ 내국인 010신규/MNP
2025-01-17 14:50:52,266,케이엘모바일_부성정책_ 1월 17일_ 2-6차 정책,hello,11GB,auto_candidate,30000,30000,needs_review,"THE 착한 데이터 유심 11GB | 49,390 | 15,400 | 33,990 | 무제한 | 무제한 | 3008 | 1168 | 2GB+3Mbps | 30,000 30,000"
2025-01-17 14:50:52,266,케이엘모바일_부성정책_ 1월 17일_ 2-6차 정책,hello,7GB,auto_candidate,30000,30000,needs_review,"DATA 걱 정 없는 유심 768 | 45,100 | 27,600 | 17,500 | 무제한 | 무제한 | 300% | 708 ‘Mbps 30,000 30,000"
2025-01-17 14:50:52,266,케이엘모바일_부성정책_ 1월 17일_ 2-6차 정책,ktm,11GB,auto_candidate,120000,140000,needs_review,"2008 보 프 리 미 원 1168 44900 eae | Fae nics+aizcs| saps | 40000 | 120,000 | 140000 | 40000 | 100.000 | 120,00"
2025-01-17 14:50:52,266,케이엘모바일_부성정책_ 1월 17일_ 2-6차 정책,sk7,11GB,manual_image_confirmed,50000,150000,manual_fixed,2025-01-17 2-6차 image: LTE 알뜰 11GB+ 내국인 010신규/MNP
2025-01-17 14:50:52,266,케이엘모바일_부성정책_ 1월 17일_ 2-6차 정책,sk7,7GB,manual_image_confirmed,50000,110000,manual_fixed,2025-01-17 2-6차 image: LTE 알뜰 7GB 내국인 010신규/MNP
2025-01-17 14:50:52,266,케이엘모바일_부성정책_ 1월 17일_ 2-6차 정책,skylife,11GB,auto_candidate,45000,185000,needs_review,"모 두 충분 1168+( 밀 리 의 서재) | 33.000 | 무제한 | 무제한 | 300 분 |1106+ 일 208 34665 | 45000 | 185,000 | 34500 79,500"
2025-01-17 14:50:52,266,케이엘모바일_부성정책_ 1월 17일_ 2-6차 정책,skylife,7GB,auto_candidate,45000,160000,needs_review,"2588 768+( 밀 리 의 서재) | 16200 | 무제한 | 무제한 | 300 분 70 | 71065 | 45,000 | 160,000 | 34500 54,500"
2025-01-17 14:50:52,266,케이엘모바일_부성정책_ 1월 17일_ 2-6차 정책,umobile,11GB,auto_candidate,44000,197000,needs_review,"LTE USIM 스페셜           33,900           무제한          무제한 | 300% | 1168+일268 | 3Mbps | 44,000 | 197,000 | 44,000 | 197,000"
2025-01-18 08:41:31,267,케이엘모바일_부성정책_ 1월 18일_ 2-7차 정책,hello,11GB,manual_image_confirmed,30000,70000,manual_fixed,2025-01-18 2-7차 image: THE 착한 데이터 유심 11GB 내국인 010신규/MNP
2025-01-18 08:41:31,267,케이엘모바일_부성정책_ 1월 18일_ 2-7차 정책,hello,7GB,manual_image_confirmed,30000,140000,manual_fixed,2025-01-18 2-7차 image: DATA 걱정없는 유심 7GB 내국인 010신규/MNP
2025-01-18 08:41:31,267,케이엘모바일_부성정책_ 1월 18일_ 2-7차 정책,ktm,11GB,auto_candidate,120000,140000,needs_review,"2008 보 프 리 미 원 1168 44900 eae | Fae nics+aizcs| saps | 40000 | 120,000 | 140000 | 40000 | 100.000 | 120,00"
2025-01-18 08:41:31,267,케이엘모바일_부성정책_ 1월 18일_ 2-7차 정책,sk7,11GB,manual_image_confirmed,50000,190000,manual_fixed,2025-01-18 2-7차 image: LTE 알뜰 11GB+ 내국인 010신규/MNP
2025-01-18 08:41:31,267,케이엘모바일_부성정책_ 1월 18일_ 2-7차 정책,sk7,7GB,manual_image_confirmed,50000,170000,manual_fixed,2025-01-18 2-7차 image: LTE 알뜰 7GB 내국인 010신규/MNP
2025-01-18 08:41:31,267,케이엘모바일_부성정책_ 1월 18일_ 2-7차 정책,skylife,11GB,auto_candidate,45000,185000,needs_review,"모 두 충분 1168+( 밀 리 의 서재) | 33.000 | 무제한 | 무제한 | 300 분 |1106+ 일 208 34665 | 45000 | 185,000 | 34500 79,500"
2025-01-18 08:41:31,267,케이엘모바일_부성정책_ 1월 18일_ 2-7차 정책,skylife,7GB,auto_candidate,45000,160000,needs_review,"2588 768+( 밀 리 의 서재) | 16200 | 무제한 | 무제한 | 300 분 70 | 71065 | 45,000 | 160,000 | 34500 54,500"
2025-01-18 08:41:31,267,케이엘모바일_부성정책_ 1월 18일_ 2-7차 정책,umobile,11GB,auto_candidate,44000,197000,needs_review,"LTE USIM 스페셜           33,900           무제한          무제한 | 300% | 1168+일268 | 3Mbps | 44,000 | 197,000 | 44,000 | 197,000"
2025-01-21 10:23:39,268,케이엘모바일_부성정책_ 1월 21일_ 2-8차 정책,hello,11GB,manual_image_confirmed,30000,70000,manual_fixed,2025-01-18 2-8차 image: THE 착한 데이터 유심 11GB 내국인 010신규/MNP
2025-01-21 10:23:39,268,케이엘모바일_부성정책_ 1월 21일_ 2-8차 정책,hello,7GB,manual_image_confirmed,30000,140000,manual_fixed,2025-01-18 2-8차 image: DATA 걱정없는 유심 7GB 내국인 010신규/MNP
2025-01-21 10:23:39,268,케이엘모바일_부성정책_ 1월 21일_ 2-8차 정책,ktm,11GB,auto_candidate,120000,140000,needs_review,"2008 보 프 리 미 원 1168 44900 eae | Fae nics+aizcs| saps | 40000 | 120,000 | 140000 | 40000 | 100.000 | 120,00"
2025-01-21 10:23:39,268,케이엘모바일_부성정책_ 1월 21일_ 2-8차 정책,sk7,11GB,auto_candidate,20000,190000,needs_review,"결 함 2068 | 106 알뜰 (1168+/ 통 화 맘껏) | 49060 | 36,140 | 무제한 | 무제한 | 300% | 1168 | 일 208+34689 $0,000 | 190,000 | 20,000 | 190,000 | 20,000 | 170,000"
2025-01-21 10:23:39,268,케이엘모바일_부성정책_ 1월 21일_ 2-8차 정책,sk7,7GB,auto_candidate,20000,170000,needs_review,"컬 함 568 | ite 알뜰 (768+/ 통 화 맘껏) | 48400 | 19,140 | 무제한 | Fate | 300% | 768 | 1Mbps | 50000 | 170,000 | 20,000 | 170,000 | 20,000 | 150,000"
2025-01-21 10:23:39,268,케이엘모바일_부성정책_ 1월 21일_ 2-8차 정책,skylife,11GB,auto_candidate,45000,185000,needs_review,"모 두 충분 1168+( 밀 리 의 서재) | 33.000 | 무제한 | 무제한 | 300 분 |1106+ 일 208 34665 | 45000 | 185,000 | 34500 79,500"
2025-01-21 10:23:39,268,케이엘모바일_부성정책_ 1월 21일_ 2-8차 정책,skylife,7GB,auto_candidate,45000,160000,needs_review,"2588 768+( 밀 리 의 서재) | 16200 | 무제한 | 무제한 | 300 분 70 | 71065 | 45,000 | 160,000 | 34500 54,500"
2025-01-21 10:23:39,268,케이엘모바일_부성정책_ 1월 21일_ 2-8차 정책,umobile,11GB,auto_candidate,44000,197000,needs_review,"LTE USIM 스페셜           33,900           무제한          무제한 | 300% | 1168+일268 | 3Mbps | 44,000 | 197,000 | 44,000 | 197,000"
2025-01-23 10:22:11,269,케이엘모바일_부성정책_ 1월 23일_ 2-9차 정책,hello,11GB,manual_image_confirmed,30000,70000,manual_fixed,2025-01-23 2-9차 image: THE 착한 데이터 유심 11GB 내국인 010신규/MNP
2025-01-23 10:22:11,269,케이엘모바일_부성정책_ 1월 23일_ 2-9차 정책,hello,7GB,manual_image_confirmed,30000,140000,manual_fixed,2025-01-23 2-9차 image: DATA 걱정없는 유심 7GB 내국인 010신규/MNP
2025-01-23 10:22:11,269,케이엘모바일_부성정책_ 1월 23일_ 2-9차 정책,ktm,11GB,auto_candidate,120000,140000,needs_review,"2008 보 프 리 미 원 1168 44900 eae | Fae nics+aizcs| saps | 40000 | 120,000 | 140000 | 40000 | 100.000 | 120,00"
2025-01-23 10:22:11,269,케이엘모바일_부성정책_ 1월 23일_ 2-9차 정책,sk7,11GB,auto_candidate,20000,190000,needs_review,"결 함 2068 | LTE 알뜰 (1168+/ 통 화 맘껏) | 49060 | 36,140 | xe | 무제한 | 200% | 1168 | aGB+aMbps $0,000 | 190,000 | 20,000 | 190,000 | 20,000 | 170,000"
2025-01-23 10:22:11,269,케이엘모바일_부성정책_ 1월 23일_ 2-9차 정책,sk7,7GB,auto_candidate,20000,170000,needs_review,"watscs | ite 알뜰 (768+/ 통 화 맘껏) | 48400 | 19,140 | 무제한 | 무 저 한 | 300% | 768 | 1Mbps | 50000 | 170,000 | 20,000 | 170,000 | 20,000 | 150,000"
2025-01-23 10:22:11,269,케이엘모바일_부성정책_ 1월 23일_ 2-9차 정책,skylife,11GB,auto_candidate,45000,185000,needs_review,"모 두 충분 1168+( 밀 리 의 서재) | 33.000 | 무제한 | 무제한 | 300 분 |1106+ 일 208 34665 | 45000 | 185,000 | 34500 79,500"
2025-01-23 10:22:11,269,케이엘모바일_부성정책_ 1월 23일_ 2-9차 정책,skylife,7GB,auto_candidate,45000,160000,needs_review,"2588 768+( 밀 리 의 서재) | 16200 | 무제한 | 무제한 | 300 분 70 | 71065 | 45,000 | 160,000 | 34500 54,500"
2025-01-23 10:22:11,269,케이엘모바일_부성정책_ 1월 23일_ 2-9차 정책,umobile,11GB,auto_candidate,44000,197000,needs_review,"LTE USIM 스페셜           33,900           무제한          무제한 | 300% | 1168+일268 | 3Mbps | 44,000 | 197,000 | 44,000 | 197,000"
2025-01-24 11:26:34,270,케이엘모바일_부성정책_ 1월 24일_ 3차 정책,hello,11GB,auto_candidate,30000,70000,needs_review,"THE 착한 데이터 유심 11GB | 49,390 | 15,400 | 33,990 | 무제한 | 무제한 | 3008 | 1168 | @2GB+3Mbps | 30,000 | 70,000 | 30,000 | 70,000"
2025-01-24 11:26:34,270,케이엘모바일_부성정책_ 1월 24일_ 3차 정책,ktm,11GB,manual_image_confirmed,40000,120000,manual_fixed,2025-01-24 3차 image: M 프리미엄 11GB 내국인 010신규/MNP
2025-01-24 11:26:34,270,케이엘모바일_부성정책_ 1월 24일_ 3차 정책,ktm,7GB,manual_image_confirmed,40000,80000,manual_fixed,2025-01-24 3차 image: M 스페셜 7GB 내국인 010신규/MNP
2025-01-24 11:26:34,270,케이엘모바일_부성정책_ 1월 24일_ 3차 정책,sk7,11GB,manual_image_confirmed,50000,140000,manual_fixed,2025-01-24 3차 image: LTE 알뜰 11GB+ 내국인 010신규/MNP
2025-01-24 11:26:34,270,케이엘모바일_부성정책_ 1월 24일_ 3차 정책,sk7,7GB,manual_image_confirmed,90000,100000,manual_fixed,2025-01-24 3차 image: LTE 알뜰 7GB+ 내국인 010신규/MNP
2025-01-24 11:26:34,270,케이엘모바일_부성정책_ 1월 24일_ 3차 정책,skylife,11GB,auto_candidate,45000,185000,needs_review,"모 두 충분 1168+( 밀 리 의 서재) | 33.000 | 무제한 | 무제한 | 300 분 |1106+ 일 208 34665 | 45000 | 185,000 | 34500 79,500"
2025-01-24 11:26:34,270,케이엘모바일_부성정책_ 1월 24일_ 3차 정책,skylife,7GB,auto_candidate,45000,160000,needs_review,"2588 768+( 밀 리 의 서재) | 16200 | 무제한 | 무제한 | 300 분 70 | 71065 | 45,000 | 160,000 | 34500 54,500"
2025-01-24 11:26:34,270,케이엘모바일_부성정책_ 1월 24일_ 3차 정책,umobile,11GB,manual_image_confirmed,44000,143000,manual_fixed,2025-01-24 3차 image: LTE USIM 스페셜 11GB+일2GB 내국인 010신규/MNP
2025-01-24 11:26:34,270,케이엘모바일_부성정책_ 1월 24일_ 3차 정책,umobile,7GB,manual_image_confirmed,44000,121000,manual_fixed,2025-01-24 3차 image: LTE USIM 7GB+ 내국인 010신규/MNP
2025-01-24 12:15:49,271,케이엘모바일_부성정책_ 1월 24일_ 3-1차 정책,hello,11GB,auto_candidate,30000,70000,needs_review,"THE 착한 데이터 유심 11GB | 49,390 | 15,400 | 33,990 | 무제한 | 무제한 | 3008 | 1168 | @2GB+3Mbps | 30,000 | 70,000 | 30,000 | 70,000"
2025-01-24 12:15:49,271,케이엘모바일_부성정책_ 1월 24일_ 3-1차 정책,ktm,11GB,manual_image_confirmed,40000,120000,manual_fixed,2025-01-24 3-1차 image: M 프리미엄 11GB 내국인 010신규/MNP
2025-01-24 12:15:49,271,케이엘모바일_부성정책_ 1월 24일_ 3-1차 정책,ktm,7GB,manual_image_confirmed,40000,100000,manual_fixed,2025-01-24 3-1차 image: M 스페셜 7GB 내국인 010신규/MNP
2025-01-24 12:15:49,271,케이엘모바일_부성정책_ 1월 24일_ 3-1차 정책,sk7,11GB,manual_image_confirmed,50000,140000,manual_fixed,2025-01-24 3-1차 image: LTE 알뜰 11GB+ 내국인 010신규/MNP
2025-01-24 12:15:49,271,케이엘모바일_부성정책_ 1월 24일_ 3-1차 정책,sk7,7GB,manual_image_confirmed,50000,120000,manual_fixed,2025-01-24 3-1차 image: LTE 알뜰 7GB+ 내국인 010신규/MNP
2025-01-24 12:15:49,271,케이엘모바일_부성정책_ 1월 24일_ 3-1차 정책,skylife,11GB,auto_candidate,45000,185000,needs_review,"모 두 충분 1168+( 밀 리 의 서재) | 33.000 | 무제한 | 무제한 | 300 분 |1106+ 일 208 34665 | 45000 | 185,000 | 34500 79,500"
2025-01-24 12:15:49,271,케이엘모바일_부성정책_ 1월 24일_ 3-1차 정책,skylife,7GB,auto_candidate,45000,160000,needs_review,"2588 768+( 밀 리 의 서재) | 16200 | 무제한 | 무제한 | 300 분 70 | 71065 | 45,000 | 160,000 | 34500 54,500"
2025-01-24 12:15:49,271,케이엘모바일_부성정책_ 1월 24일_ 3-1차 정책,umobile,11GB,manual_image_confirmed,44000,143000,manual_fixed,2025-01-24 3-1차 image: LTE USIM 스페셜 11GB+일2GB 내국인 010신규/MNP
2025-01-24 12:15:49,271,케이엘모바일_부성정책_ 1월 24일_ 3-1차 정책,umobile,7GB,manual_image_confirmed,44000,121000,manual_fixed,2025-01-24 3-1차 image: LTE USIM 7GB+ 내국인 010신규/MNP
2025-02-01 12:14:12,272,케이엘모바일_부성정책_ 2월 1일_ 1차 정책,hello,11GB,auto_candidate,30000,110000,needs_review,"The 착한 데이터 유심 11GB ㅣ 49,390 | 15,400 | 33,990 ㅣ 무 제한 | 무제한 | 300 | 11.0GB) Y2GB+3Mbps | 30,000 | 110,000 | 30,000 | 90,000"
2025-02-01 12:14:12,272,케이엘모바일_부성정책_ 2월 1일_ 1차 정책,hello,7GB,auto_candidate,30000,130000,needs_review,"DATA 걱 정 없는 유심 766 45,100 | 27,600 | 17,500 | 무제한 | 무제한 | 300 분 | 768 1Mbps 30,000 | 130,000 | 30,000 | 110,000"
2025-02-01 12:14:12,272,케이엘모바일_부성정책_ 2월 1일_ 1차 정책,ktm,11GB,manual_image_confirmed,40000,120000,manual_fixed,2025-02-01 1차 image: M 프리미엄 11GB 내국인 010신규/MNP
2025-02-01 12:14:12,272,케이엘모바일_부성정책_ 2월 1일_ 1차 정책,ktm,7GB,manual_image_confirmed,40000,100000,manual_fixed,2025-02-01 1차 image: M 스페셜 7GB 내국인 010신규/MNP
2025-02-01 12:14:12,272,케이엘모바일_부성정책_ 2월 1일_ 1차 정책,sk7,11GB,auto_candidate,40000,170000,needs_review,"결 함 2008 00406 (1168+) 54560 | 41200 | 무제한 | 무제한 | 300 분 | 1168 | 일 208+30609 40000 | 170,000"
2025-02-01 12:14:12,272,케이엘모바일_부성정책_ 2월 1일_ 1차 정책,sk7,7GB,auto_candidate,40000,150000,needs_review,"결 함 568 00406 (768+) 3900 | 24200 | 무제한 | 무제한 | 300 분 | 768 | 145 40000 | 150,000"
2025-02-01 12:14:12,272,케이엘모바일_부성정책_ 2월 1일_ 1차 정책,skylife,11GB,auto_candidate,45000,140000,needs_review,[ [see 1168+( 일 리 의 서제) [33000 | 무제한 | 무제한 | .300 분  |1100 일 208. 34605 | 45000 | 140000 | 34500 | 114.500 |
2025-02-01 12:14:12,272,케이엘모바일_부성정책_ 2월 1일_ 1차 정책,umobile,11GB,auto_candidate,44000,153000,needs_review,"284 we LTE USIM 스폐셜 무제한 무 제 한 | 300 분 |1168+ 일 268| 3Mbps _|44,000 | 153,000 / 44,000 | 153,000"
2025-02-05 10:42:12,274,케이엘모바일_부성정책_ 2월 5일_ 1-1차 정책,hello,11GB,auto_candidate,30000,110000,needs_review,"The 착한 데이터 유심 11GB | 49,390 | 15,400 | 33,990 ㅣ 무 제한 | 무제한 | 300 | 11.0GB) Y2GB+3Mbps | 30,000 | 110,000 | 30,000 | 90,000"
2025-02-05 10:42:12,274,케이엘모바일_부성정책_ 2월 5일_ 1-1차 정책,hello,7GB,auto_candidate,30000,130000,needs_review,"DATA 걱 정 없는 유심 766 45,100 | 27,600 | 17,500 | 무제한 | 무제한 | 300 분 | 768 1Mbps 30,000 | 130,000 | 30,000 | 110,000"
2025-02-05 10:42:12,274,케이엘모바일_부성정책_ 2월 5일_ 1-1차 정책,ktm,11GB,manual_image_confirmed,40000,120000,manual_fixed,2025-02-05 1-1차 image: M 프리미엄 11GB 내국인 010신규/MNP
2025-02-05 10:42:12,274,케이엘모바일_부성정책_ 2월 5일_ 1-1차 정책,ktm,7GB,manual_image_confirmed,40000,100000,manual_fixed,2025-02-05 1-1차 image: M 스페셜 7GB 내국인 010신규/MNP
2025-02-05 10:42:12,274,케이엘모바일_부성정책_ 2월 5일_ 1-1차 정책,sk7,11GB,manual_image_confirmed,60000,130000,manual_fixed,2025-02-05 1-1차 image: LTE 알뜰 11GB+ 내국인 010신규/MNP
2025-02-05 10:42:12,274,케이엘모바일_부성정책_ 2월 5일_ 1-1차 정책,sk7,7GB,manual_image_confirmed,60000,110000,manual_fixed,2025-02-05 1-1차 image: LTE 알뜰 7GB+ 내국인 010신규/MNP
2025-02-05 10:42:12,274,케이엘모바일_부성정책_ 2월 5일_ 1-1차 정책,skylife,11GB,auto_candidate,45000,140000,needs_review,[ [see 1168+( 일 리 의 서제) [33000 | 무제한 | 무제한 | .300 분  |1100 일 208. 34605 | 45000 | 140000 | 34500 | 114.500 |
2025-02-05 10:42:12,274,케이엘모바일_부성정책_ 2월 5일_ 1-1차 정책,umobile,11GB,auto_candidate,44000,153000,needs_review,"284 we LTE USIM 스폐셜 무제한 무 제 한 | 300 분 |1168+ 일 268| 3Mbps _|44,000 | 153,000 / 44,000 | 153,000"
2025-02-07 10:35:51,275,케이엘모바일_부성정책_ 2월 7일_ 2차 정책,hello,11GB,auto_candidate,30000,120000,needs_review,"보편 안심 유심 1GB 1008 22,000 22,000 | 100% | 10021 168 ‘Mbps 30,000 | 120,000 | 30,000 | 100,000"
2025-02-07 10:35:51,275,케이엘모바일_부성정책_ 2월 7일_ 2차 정책,ktm,11GB,manual_image_confirmed,40000,120000,manual_fixed,2025-02-07 2차 image: M 프리미엄 11GB 내국인 010신규/MNP
2025-02-07 10:35:51,275,케이엘모바일_부성정책_ 2월 7일_ 2차 정책,ktm,7GB,manual_image_confirmed,40000,100000,manual_fixed,2025-02-07 2차 image: M 스페셜 7GB 내국인 010신규/MNP
2025-02-07 10:35:51,275,케이엘모바일_부성정책_ 2월 7일_ 2차 정책,sk7,11GB,manual_image_confirmed,60000,140000,manual_fixed,2025-02-07 2차 image: LTE 알뜰 11GB+ 내국인 010신규/MNP
2025-02-07 10:35:51,275,케이엘모바일_부성정책_ 2월 7일_ 2차 정책,sk7,7GB,manual_image_confirmed,60000,120000,manual_fixed,2025-02-07 2차 image: LTE 알뜰 7GB+ 내국인 010신규/MNP
2025-02-07 10:35:51,275,케이엘모바일_부성정책_ 2월 7일_ 2차 정책,skylife,11GB,auto_candidate,45000,140000,needs_review,[ [see 1168+( 일 리 의 서제) [33000 | 무제한 | 무제한 | .300 분  |1100 일 208. 34605 | 45000 | 140000 | 34500 | 114.500 |
2025-02-07 10:35:51,275,케이엘모바일_부성정책_ 2월 7일_ 2차 정책,umobile,11GB,auto_candidate,44000,143000,needs_review,"aan e3l LTE USIM 스페셜 무제한 무 제 한 | 300 분 | 1168+ 일 268 3Mbps 44,000 143,000 | 44,000 143,000"
2025-02-07 10:35:51,275,케이엘모바일_부성정책_ 2월 7일_ 2차 정책,umobile,7GB,auto_candidate,44000,121000,needs_review,"LTE USIM (768+/ 통 화 기 본) 무제한 무 제 한 | 300 분 768 ‘Mbps. 44,000 121,000 | 44,000 121,000"
2025-02-08 15:54:10,276,케이엘모바일_부성정책_ 2월 8일_ 2-1차 정책,hello,11GB,auto_candidate,30000,120000,needs_review,"보편 안심 유심 1GB 1008 22,000 22,000 | 100% | 10021 168 ‘Mbps 30,000 | 120,000 | 30,000 | 100,000"
2025-02-08 15:54:10,276,케이엘모바일_부성정책_ 2월 8일_ 2-1차 정책,ktm,11GB,manual_image_confirmed,40000,120000,manual_fixed,2025-02-08 2-1차 image: M 프리미엄 11GB 내국인 010신규/MNP
2025-02-08 15:54:10,276,케이엘모바일_부성정책_ 2월 8일_ 2-1차 정책,ktm,7GB,manual_image_confirmed,40000,100000,manual_fixed,2025-02-08 2-1차 image: M 스페셜 7GB 내국인 010신규/MNP
2025-02-08 15:54:10,276,케이엘모바일_부성정책_ 2월 8일_ 2-1차 정책,sk7,11GB,auto_candidate,40000,140000,needs_review,"결 함 2068 | LTE 알뜰 (1168+/ 통 화 맘껏) | 49,060 | 36,140 | 무제한 | 무제한 | 300% | 11GB |B2GB+3Mbps| 60,000 | 140,000 | 40,000 | 140,000 | 40,000 | 140,000"
2025-02-08 15:54:10,276,케이엘모바일_부성정책_ 2월 8일_ 2-1차 정책,sk7,7GB,auto_candidate,40000,120000,needs_review,"결 함 566 | LTE SH (768+/ 통 화 맘껏) | 48,400 | 19,140 | 무제한 | 무제한 | 300% | 708 iMbps | 60,000 | 120,000 | 40,000 | 120,000 | 40,000 | 120,000"
2025-02-08 15:54:10,276,케이엘모바일_부성정책_ 2월 8일_ 2-1차 정책,skylife,11GB,auto_candidate,45000,140000,needs_review,[ [see 1168+( 일 리 의 서제) [33000 | 무제한 | 무제한 | .300 분  |1100 일 208. 34605 | 45000 | 140000 | 34500 | 114.500 |
2025-02-08 15:54:10,276,케이엘모바일_부성정책_ 2월 8일_ 2-1차 정책,umobile,11GB,auto_candidate,44000,143000,needs_review,"aan e3l LTE USIM 스페셜 무제한 무 제 한 | 300 분 | 1168+ 일 268 3Mbps 44,000 143,000 | 44,000 143,000"
2025-02-08 15:54:10,276,케이엘모바일_부성정책_ 2월 8일_ 2-1차 정책,umobile,7GB,auto_candidate,44000,121000,needs_review,"LTE USIM (768+/ 통 화 기 본) 무제한 무 제 한 | 300 분 768 ‘Mbps. 44,000 121,000 | 44,000 121,000"
2025-02-18 10:43:54,277,케이엘모바일_부성정책_ 2월 18일_ 3차 정책,hello,11GB,manual_image_confirmed,30000,110000,manual_fixed,2025-02-18 3차 image: THE 착한 데이터 유심 11GB 내국인 010신규/MNP
2025-02-18 10:43:54,277,케이엘모바일_부성정책_ 2월 18일_ 3차 정책,hello,7GB,manual_image_confirmed,30000,130000,manual_fixed,2025-02-18 3차 image: DATA 걱정없는 유심 7GB 내국인 010신규/MNP
2025-02-18 10:43:54,277,케이엘모바일_부성정책_ 2월 18일_ 3차 정책,ktm,11GB,manual_image_confirmed,40000,120000,manual_fixed,2025-02-18 3차 image: M 프리미엄 11GB 내국인 010신규/MNP
2025-02-18 10:43:54,277,케이엘모바일_부성정책_ 2월 18일_ 3차 정책,ktm,7GB,manual_image_confirmed,40000,100000,manual_fixed,2025-02-18 3차 image: M 스페셜 7GB 내국인 010신규/MNP
2025-02-18 10:43:54,277,케이엘모바일_부성정책_ 2월 18일_ 3차 정책,sk7,11GB,auto_candidate,40000,140000,needs_review,"결 함 2068 | LTE 알뜰 (1168+/ 통 화 맘껏) | 49,060 | 36,140 | 무제한 | 무제한 | 300% | 11GB |B2GB+3Mbps| 60,000 | 140,000 | 40,000 | 140,000 | 40,000 | 140,000"
2025-02-18 10:43:54,277,케이엘모바일_부성정책_ 2월 18일_ 3차 정책,sk7,7GB,auto_candidate,40000,120000,needs_review,"결 함 566 | LTE SH (768+/ 통 화 맘껏) | 48,400 | 19,140 | 무제한 | 무제한 | 300% | 708 iMbps | 60,000 | 120,000 | 40,000 | 120,000 | 40,000 | 120,000"
2025-02-18 10:43:54,277,케이엘모바일_부성정책_ 2월 18일_ 3차 정책,skylife,11GB,auto_candidate,45000,140000,needs_review,[ [see 1168+( 일 리 의 서제) [33000 | 무제한 | 무제한 | .300 분  |1100 일 208. 34605 | 45000 | 140000 | 34500 | 114.500 |
2025-02-18 10:43:54,277,케이엘모바일_부성정책_ 2월 18일_ 3차 정책,umobile,11GB,auto_candidate,44000,143000,needs_review,"34,900 무제한 무 제 한 | 300 분 | 1168+ 일 268 | 34665 | 44,000 | 143,000 | 44,000 | 143.000"
2025-02-19 10:29:27,278,케이엘모바일_부성정책_ 2월 19일_ 3-1차 정책,hello,11GB,manual_image_confirmed,30000,110000,manual_fixed,2025-02-19 3-1차 image: THE 착한 데이터 유심 11GB 내국인 010신규/MNP
2025-02-19 10:29:27,278,케이엘모바일_부성정책_ 2월 19일_ 3-1차 정책,hello,7GB,manual_image_confirmed,30000,130000,manual_fixed,2025-02-19 3-1차 image: DATA 걱정없는 유심 7GB 내국인 010신규/MNP
2025-02-19 10:29:27,278,케이엘모바일_부성정책_ 2월 19일_ 3-1차 정책,ktm,11GB,manual_image_confirmed,40000,120000,manual_fixed,2025-02-19 3-1차 image: M 프리미엄 11GB 내국인 010신규/MNP
2025-02-19 10:29:27,278,케이엘모바일_부성정책_ 2월 19일_ 3-1차 정책,ktm,7GB,manual_image_confirmed,40000,100000,manual_fixed,2025-02-19 3-1차 image: M 스페셜 7GB 내국인 010신규/MNP
2025-02-19 10:29:27,278,케이엘모바일_부성정책_ 2월 19일_ 3-1차 정책,sk7,11GB,auto_candidate,40000,140000,needs_review,"결 함 2068 | 106 알뜰 (1168+/ 통 화 맘껏) | 49060 | 36.140 | exe | 무제한 | 300% | 1168 | 일 208+34689 60,000 | 140,000 | 40,000 | 140,000 | 40,000 | 140,000"
2025-02-19 10:29:27,278,케이엘모바일_부성정책_ 2월 19일_ 3-1차 정책,sk7,7GB,auto_candidate,40000,120000,needs_review,"wasce 06 알뜰 (768+/ 맘껏) 48400 19,140 무제한 무 저 한 300 768 10685 60,000 120.000 40,000 120,000 40,000 120,000"
2025-02-19 10:29:27,278,케이엘모바일_부성정책_ 2월 19일_ 3-1차 정책,skylife,11GB,auto_candidate,45000,140000,needs_review,[ [see 1168+( 일 리 의 서제) [33000 | 무제한 | 무제한 | .300 분  |1100 일 208. 34605 | 45000 | 140000 | 34500 | 114.500 |
2025-02-19 10:29:27,278,케이엘모바일_부성정책_ 2월 19일_ 3-1차 정책,umobile,11GB,auto_candidate,44000,143000,needs_review,"34,900 무제한 무 제 한 | 300 분 | 1168+ 일 268 | 34665 | 44,000 | 143,000 | 44,000 | 143.000"
2025-03-01 12:08:07,279,케이엘모바일_부성정책_ 3월 1일_1차 정책,hello,11GB,auto_candidate,30000,110000,needs_review,"The 착한 데이터 유심 1168 | 49,390 | 15.400 | 33,990 ㅣ 무제한 | 무제한 | 300% | 10GB) @aGB+3Mbps | 30,000 | 110,000 | 30,000 | 90,000"
2025-03-01 12:08:07,279,케이엘모바일_부성정책_ 3월 1일_1차 정책,ktm,11GB,manual_image_confirmed,40000,110000,manual_fixed,2025-03-01 1차 image: M 프리미엄 11GB 내국인 010신규/MNP
2025-03-01 12:08:07,279,케이엘모바일_부성정책_ 3월 1일_1차 정책,ktm,7GB,manual_image_confirmed,40000,90000,manual_fixed,2025-03-01 1차 image: M 스페셜 7GB 내국인 010신규/MNP
2025-03-01 12:08:07,279,케이엘모바일_부성정책_ 3월 1일_1차 정책,sk7,11GB,auto_candidate,50000,120000,needs_review,"결 함 2008 00406 (1168+) 54560 | 41200 | 무제한 | 무제한 | 300 분 | 1168 | g2ce+3Mbpy 50000 | 120,000"
2025-03-01 12:08:07,279,케이엘모바일_부성정책_ 3월 1일_1차 정책,sk7,7GB,auto_candidate,50000,100000,needs_review,"걸 함 568 00406 (768+) 3900 | 24200 | 무제한 | 무제한 | 300 분 | 708 | 105 50000 | 100,000"
2025-03-01 12:08:07,279,케이엘모바일_부성정책_ 3월 1일_1차 정책,umobile,11GB,auto_candidate,55000,121000,needs_review,"LTE 스폐셜 34,900 무제한 무 제 한 | 300 분 | 1168+ 일 268 | 3Mbps | 55,000 | 121,000 | 44,000 | 121,000"
2025-03-01 12:08:07,279,케이엘모바일_부성정책_ 3월 1일_1차 정책,umobile,7GB,auto_candidate,44000,99000,needs_review,"LTE (768+/ 통 화 기 본) ㅣ 18,500 무제한 무 제 한 | 300 분 | 768 74605 | 44,000 | 99,000 | 44,000 | 99,000"
2025-03-03 11:39:08,280,케이엘모바일_부성정책_ 3월 3일_1-1차 정책,hello,11GB,auto_candidate,30000,110000,needs_review,"The 착한 데이터 유심 1168 | 49,390 | 15.400 | 33,990 ㅣ 무제한 | 무제한 | 300% | 10GB) @aGB+3Mbps | 30,000 | 110,000 | 30,000 | 90,000"
2025-03-03 11:39:08,280,케이엘모바일_부성정책_ 3월 3일_1-1차 정책,ktm,11GB,manual_image_confirmed,40000,110000,manual_fixed,2025-03-03 1-1차 image: M 프리미엄 11GB 내국인 010신규/MNP
2025-03-03 11:39:08,280,케이엘모바일_부성정책_ 3월 3일_1-1차 정책,ktm,7GB,manual_image_confirmed,40000,90000,manual_fixed,2025-03-03 1-1차 image: M 스페셜 7GB 내국인 010신규/MNP
2025-03-03 11:39:08,280,케이엘모바일_부성정책_ 3월 3일_1-1차 정책,skylife,11GB,auto_candidate,45000,115000,needs_review,"모 두 충분 1168+(04) 33.000 | 48 | 무제한 | 300 분  |106+ 일 208 3066 | 45,000 | 115,000 | 34500 | 97,000"
2025-03-03 11:39:08,280,케이엘모바일_부성정책_ 3월 3일_1-1차 정책,skylife,7GB,auto_candidate,45000,110000,needs_review,"모 두 충분 768+( 밀 리 의 서재) | 16200 | Fae | 무제한 | 300 분 7686 | 1068 | 45000 | 110,000 | 34500 | 86000"
2025-03-03 11:39:08,280,케이엘모바일_부성정책_ 3월 3일_1-1차 정책,umobile,11GB,auto_candidate,55000,121000,needs_review,"LTE 스페셜 34,900 무제한 무 제 한 | 300% | 1168+ 일 268| 3Mbps | 55,000 | 121,000 121,000"
2025-03-03 11:39:08,280,케이엘모바일_부성정책_ 3월 3일_1-1차 정책,umobile,7GB,auto_candidate,44000,99000,needs_review,"LTE (768+/ 통 화 기 본) 18,500 무제한 무 제 한 | 300 분 768 Mbps | 44,000 | 99,000 99,000"
2025-03-05 11:17:08,282,케이엘모바일_부성정책_ 3월 5일_1-2차 정책,hello,11GB,auto_candidate,30000,110000,needs_review,"The 착한 데이터 유심 1168 | 49,390 | 15,400 | 33,990 | 무제한 | 무제한 | 300% | 10GB) aGB+3Mbps | 30,000 | 110,000 | 30,000 | 90,000"
2025-03-05 11:17:08,282,케이엘모바일_부성정책_ 3월 5일_1-2차 정책,ktm,11GB,manual_image_confirmed,40000,110000,manual_fixed,2025-03-05 1-2차 image: M 프리미엄 11GB 내국인 010신규/MNP
2025-03-05 11:17:08,282,케이엘모바일_부성정책_ 3월 5일_1-2차 정책,ktm,7GB,manual_image_confirmed,40000,90000,manual_fixed,2025-03-05 1-2차 image: M 스페셜 7GB 내국인 010신규/MNP
2025-03-05 11:17:08,282,케이엘모바일_부성정책_ 3월 5일_1-2차 정책,skylife,11GB,auto_candidate,45000,115000,needs_review,"모 두 충분 1168+(04) 33.000 | 48 | 무제한 | 300 분  |106+ 일 208 3066 | 45,000 | 115,000 | 34500 | 97,000"
2025-03-05 11:17:08,282,케이엘모바일_부성정책_ 3월 5일_1-2차 정책,skylife,7GB,auto_candidate,45000,110000,needs_review,"모 두 충분 768+( 밀 리 의 서재) | 16200 | Fae | 무제한 | 300 분 7686 | 1068 | 45000 | 110,000 | 34500 | 86000"
2025-03-05 11:17:08,282,케이엘모바일_부성정책_ 3월 5일_1-2차 정책,umobile,11GB,auto_candidate,55000,121000,needs_review,"LTE 스페셜 34,900 무제한 무 제 한 | 300% | 1168+ 일 268| 3Mbps | 55,000 | 121,000 121,000"
2025-03-05 11:17:08,282,케이엘모바일_부성정책_ 3월 5일_1-2차 정책,umobile,7GB,auto_candidate,44000,99000,needs_review,"LTE (768+/ 통 화 기 본) 18,500 무제한 무 제 한 | 300 분 768 Mbps | 44,000 | 99,000 99,000"
2025-03-06 11:58:36,283,케이엘모바일_부성정책_ 3월 6일_1-3차 정책,hello,11GB,auto_candidate,30000,110000,needs_review,"The 착한 데이터 유심 1168 | 49,390 | 15,400 | 33,990 | 무제한 | 무제한 | 300% | 10GB) aGB+3Mbps | 30,000 | 110,000 | 30,000 | 90,000"
2025-03-06 11:58:36,283,케이엘모바일_부성정책_ 3월 6일_1-3차 정책,ktm,11GB,manual_image_confirmed,40000,110000,manual_fixed,2025-03-06 1-3차 image: M 프리미엄 11GB 내국인 010신규/MNP
2025-03-06 11:58:36,283,케이엘모바일_부성정책_ 3월 6일_1-3차 정책,ktm,7GB,manual_image_confirmed,40000,90000,manual_fixed,2025-03-06 1-3차 image: M 스페셜 7GB 내국인 010신규/MNP
2025-03-06 11:58:36,283,케이엘모바일_부성정책_ 3월 6일_1-3차 정책,skylife,11GB,auto_candidate,45000,115000,needs_review,"모 두 충분 1168+(04) 33.000 | 48 | 무제한 | 300 분  |106+ 일 208 3066 | 45,000 | 115,000 | 34500 | 97,000"
2025-03-06 11:58:36,283,케이엘모바일_부성정책_ 3월 6일_1-3차 정책,skylife,7GB,auto_candidate,45000,110000,needs_review,"모 두 충분 768+( 밀 리 의 서재) | 16200 | Fae | 무제한 | 300 분 7686 | 1068 | 45000 | 110,000 | 34500 | 86000"
2025-03-06 11:58:36,283,케이엘모바일_부성정책_ 3월 6일_1-3차 정책,umobile,11GB,auto_candidate,55000,121000,needs_review,"LTE 스페셜 34,900 무제한 무 제 한 | 300% | 1168+ 일 268| 3Mbps | 55,000 | 121,000 121,000"
2025-03-06 11:58:36,283,케이엘모바일_부성정책_ 3월 6일_1-3차 정책,umobile,7GB,auto_candidate,44000,99000,needs_review,"LTE (768+/ 통 화 기 본) 18,500 무제한 무 제 한 | 300 분 768 Mbps | 44,000 | 99,000 99,000"
2025-03-07 10:22:39,284,케이엘모바일_부성정책_ 3월 7일_1-4차 정책,hello,11GB,auto_candidate,30000,110000,needs_review,"The 착한 데이터 유심 1168 | 49,390 | 15,400 | 33,990 | 무제한 | 무제한 | 300% | 10GB) aGB+3Mbps | 30,000 | 110,000 | 30,000 | 90,000"
2025-03-07 10:22:39,284,케이엘모바일_부성정책_ 3월 7일_1-4차 정책,ktm,11GB,auto_candidate,33500,40000,needs_review,"2068  M xziolg 1168  a0 | 33500    sae | 202 |rcs+acs| | 3495         40,000"
2025-03-07 10:22:39,284,케이엘모바일_부성정책_ 3월 7일_1-4차 정책,skylife,11GB,auto_candidate,45000,115000,needs_review,"모 두 충분 1168+(04) 33.000 | 48 | 무제한 | 300 분  |106+ 일 208 3066 | 45,000 | 115,000 | 34500 | 97,000"
2025-03-07 10:22:39,284,케이엘모바일_부성정책_ 3월 7일_1-4차 정책,skylife,7GB,auto_candidate,45000,110000,needs_review,"모 두 충분 768+( 밀 리 의 서재) | 16200 | Fae | 무제한 | 300 분 7686 | 1068 | 45000 | 110,000 | 34500 | 86000"
2025-03-07 10:22:39,284,케이엘모바일_부성정책_ 3월 7일_1-4차 정책,umobile,11GB,auto_candidate,55000,121000,needs_review,"LTE 스페셜 34,900 무제한 무 제 한 | 300% | 1168+ 일 268| 3Mbps | 55,000 | 121,000 121,000"
2025-03-07 10:22:39,284,케이엘모바일_부성정책_ 3월 7일_1-4차 정책,umobile,7GB,auto_candidate,44000,99000,needs_review,"LTE (768+/ 통 화 기 본) 18,500 무제한 무 제 한 | 300 분 768 Mbps | 44,000 | 99,000 99,000"
2025-03-17 10:57:24,285,케이엘모바일_부성정책_ 3월 17일_1-5차 정책,hello,11GB,auto_candidate,30000,110000,needs_review,"The 착한 데이터 유심 1168 | 49,390 | 15.400 | 33,990 | 무제한 | 무제한 | 300% | 10GB) QacB+3Mbps | 30,000 | 110,000 | 30,000 | 90,000"
2025-03-17 10:57:24,285,케이엘모바일_부성정책_ 3월 17일_1-5차 정책,ktm,11GB,auto_candidate,33500,40000,needs_review,"2068  M xziolg 1168  a0 | 33500    sae | 202 |rcs+acs| | 3495         40,000"
2025-03-17 10:57:24,285,케이엘모바일_부성정책_ 3월 17일_1-5차 정책,skylife,11GB,auto_candidate,45000,115000,needs_review,"모 두 충분 1168+(04) 33.000 | 48 | 무제한 | 300 분  |106+ 일 208 3066 | 45,000 | 115,000 | 34500 | 97,000"
2025-03-17 10:57:24,285,케이엘모바일_부성정책_ 3월 17일_1-5차 정책,skylife,7GB,auto_candidate,45000,110000,needs_review,"모 두 충분 768+( 밀 리 의 서재) | 16200 | Fae | 무제한 | 300 분 7686 | 1068 | 45000 | 110,000 | 34500 | 86000"
2025-03-17 10:57:24,285,케이엘모바일_부성정책_ 3월 17일_1-5차 정책,umobile,11GB,auto_candidate,55000,121000,needs_review,"LTE 스페셜 34,900 무제한 무 제 한 | 300% | 1168+ 일 268| 3Mbps | 55,000 | 121,000 121,000"
2025-03-17 10:57:24,285,케이엘모바일_부성정책_ 3월 17일_1-5차 정책,umobile,7GB,auto_candidate,44000,99000,needs_review,"LTE (768+/ 통 화 기 본) 18,500 무제한 무 제 한 | 300 분 768 Mbps | 44,000 | 99,000 99,000"
2025-03-21 10:27:31,286,케이엘모바일_부성정책_ 3월 21일_1-6차 정책,hello,11GB,auto_candidate,30000,110000,needs_review,"The 착한 데이터 유심 1168 | 49,390 | 15.400 | 33,990 | 무제한 | 무제한 | 300% | 10GB) QacB+3Mbps | 30,000 | 110,000 | 30,000 | 90,000"
2025-03-21 10:27:31,286,케이엘모바일_부성정책_ 3월 21일_1-6차 정책,ktm,11GB,auto_candidate,33500,40000,needs_review,"2068  M xziolg 1168  a0 | 33500    sae | 202 |rcs+acs| | 3495         40,000"
2025-03-21 10:27:31,286,케이엘모바일_부성정책_ 3월 21일_1-6차 정책,sk7,11GB,manual_image_confirmed,50000,100000,manual_fixed,2025-03-21 1-6차 image: LTE 알뜰 11GB+ 내국인 010신규/MNP
2025-03-21 10:27:31,286,케이엘모바일_부성정책_ 3월 21일_1-6차 정책,sk7,7GB,manual_image_confirmed,50000,80000,manual_fixed,2025-03-21 1-6차 image: LTE 알뜰 7GB+ 내국인 010신규/MNP
2025-03-21 10:27:31,286,케이엘모바일_부성정책_ 3월 21일_1-6차 정책,skylife,11GB,auto_candidate,45000,115000,needs_review,"모 두 충분 1168+(04) 33.000 | 48 | 무제한 | 300 분  |106+ 일 208 3066 | 45,000 | 115,000 | 34500 | 97,000"
2025-03-21 10:27:31,286,케이엘모바일_부성정책_ 3월 21일_1-6차 정책,skylife,7GB,auto_candidate,45000,110000,needs_review,"모 두 충분 768+( 밀 리 의 서재) | 16200 | Fae | 무제한 | 300 분 7686 | 1068 | 45000 | 110,000 | 34500 | 86000"
2025-03-21 10:27:31,286,케이엘모바일_부성정책_ 3월 21일_1-6차 정책,umobile,11GB,auto_candidate,55000,121000,needs_review,"LTE 스페셜 34,900 무제한 무 제 한 | 300% | 1168+ 일 268| 3Mbps | 55,000 | 121,000 121,000"
2025-03-21 10:27:31,286,케이엘모바일_부성정책_ 3월 21일_1-6차 정책,umobile,7GB,auto_candidate,44000,99000,needs_review,"LTE (768+/ 통 화 기 본) 18,500 무제한 무 제 한 | 300 분 768 Mbps | 44,000 | 99,000 99,000"
2025-03-22 11:04:04,287,케이엘모바일_부성정책_ 3월 22일_1-7차 정책,hello,11GB,manual_image_confirmed,30000,110000,manual_fixed,2025-03-22 1-7차 image: THE 착한 데이터 유심 11GB 내국인 010신규/MNP
2025-03-22 11:04:04,287,케이엘모바일_부성정책_ 3월 22일_1-7차 정책,hello,7GB,manual_image_confirmed,30000,110000,manual_fixed,2025-03-22 1-7차 image: DATA 걱정없는 유심 7GB 내국인 010신규/MNP
2025-03-22 11:04:04,287,케이엘모바일_부성정책_ 3월 22일_1-7차 정책,ktm,11GB,auto_candidate,33500,40000,needs_review,"2068  M xziolg 1168  a0 | 33500    sae | 202 |rcs+acs| | 3495         40,000"
2025-03-22 11:04:04,287,케이엘모바일_부성정책_ 3월 22일_1-7차 정책,sk7,11GB,manual_image_confirmed,50000,100000,manual_fixed,2025-03-22 1-7차 image: LTE 알뜰 11GB+ 내국인 010신규/MNP
2025-03-22 11:04:04,287,케이엘모바일_부성정책_ 3월 22일_1-7차 정책,sk7,7GB,manual_image_confirmed,50000,80000,manual_fixed,2025-03-22 1-7차 image: LTE 알뜰 7GB+ 내국인 010신규/MNP
2025-03-22 11:04:04,287,케이엘모바일_부성정책_ 3월 22일_1-7차 정책,skylife,11GB,auto_candidate,45000,115000,needs_review,"모 두 충분 1168+(04) 33.000 | 48 | 무제한 | 300 분  |106+ 일 208 3066 | 45,000 | 115,000 | 34500 | 97,000"
2025-03-22 11:04:04,287,케이엘모바일_부성정책_ 3월 22일_1-7차 정책,skylife,7GB,auto_candidate,45000,110000,needs_review,"모 두 충분 768+( 밀 리 의 서재) | 16200 | Fae | 무제한 | 300 분 7686 | 1068 | 45000 | 110,000 | 34500 | 86000"
2025-03-22 11:04:04,287,케이엘모바일_부성정책_ 3월 22일_1-7차 정책,umobile,11GB,auto_candidate,55000,121000,needs_review,"LTE 스페셜 34,900 무제한 무 제 한 | 300% | 1168+ 일 268| 3Mbps | 55,000 | 121,000 121,000"
2025-03-22 11:04:04,287,케이엘모바일_부성정책_ 3월 22일_1-7차 정책,umobile,7GB,auto_candidate,44000,99000,needs_review,"LTE (768+/ 통 화 기 본) 18,500 무제한 무 제 한 | 300 분 768 Mbps | 44,000 | 99,000 99,000"
2025-03-28 10:18:04,288,케이엘모바일_부성정책_ 3월 28일_1-8차 정책,hello,11GB,manual_image_confirmed,30000,110000,manual_fixed,2025-03-28 1-8차 image: THE 착한 데이터 유심 11GB 내국인 010신규/MNP
2025-03-28 10:18:04,288,케이엘모바일_부성정책_ 3월 28일_1-8차 정책,hello,7GB,manual_image_confirmed,30000,110000,manual_fixed,2025-03-28 1-8차 image: DATA 걱정없는 유심 7GB 내국인 010신규/MNP
2025-03-28 10:18:04,288,케이엘모바일_부성정책_ 3월 28일_1-8차 정책,ktm,11GB,auto_candidate,33500,40000,needs_review,"2068  M xziolg 1168  a0 | 33500    sae | 202 |rcs+acs| | 3495         40,000"
2025-03-28 10:18:04,288,케이엘모바일_부성정책_ 3월 28일_1-8차 정책,sk7,11GB,auto_candidate,50000,50000,needs_review,"결 함 2068 | LTE 알뜰 (1168+/ 통 화 맘껏) | 49.060 | 36140 | 무제한 | 무 져 한 | 300K 1168 | 2#2GB+3Mbps| 50,000 50,000 50,000"
2025-03-28 10:18:04,288,케이엘모바일_부성정책_ 3월 28일_1-8차 정책,sk7,7GB,auto_candidate,50000,50000,needs_review,"결 함 568 | LTE BE (768+/ 통 화 맘껏) | 48400 | 19,140 | 무제한 | 무제한 | 300% 768 ‘Mbps: 50,000 50,000 50,000"
2025-03-28 10:18:04,288,케이엘모바일_부성정책_ 3월 28일_1-8차 정책,skylife,11GB,auto_candidate,45000,115000,needs_review,"모 두 충분 1168+(04) 33.000 | 48 | 무제한 | 300 분  |106+ 일 208 3066 | 45,000 | 115,000 | 34500 | 97,000"
2025-03-28 10:18:04,288,케이엘모바일_부성정책_ 3월 28일_1-8차 정책,skylife,7GB,auto_candidate,45000,110000,needs_review,"모 두 충분 768+( 밀 리 의 서재) | 16200 | Fae | 무제한 | 300 분 7686 | 1068 | 45000 | 110,000 | 34500 | 86000"
2025-03-28 10:18:04,288,케이엘모바일_부성정책_ 3월 28일_1-8차 정책,umobile,11GB,auto_candidate,55000,121000,needs_review,"LTE 스페셜 34,900 무제한 무 제 한 | 300% | 1168+ 일 268| 3Mbps | 55,000 | 121,000 121,000"
2025-03-28 10:18:04,288,케이엘모바일_부성정책_ 3월 28일_1-8차 정책,umobile,7GB,auto_candidate,44000,99000,needs_review,"LTE (768+/ 통 화 기 본) 18,500 무제한 무 제 한 | 300 분 768 Mbps | 44,000 | 99,000 99,000"
2025-04-01 11:14:16,289,케이엘모바일_부성정책_ 4월 1일_ 1차 정책,hello,11GB,auto_candidate,30000,100000,needs_review,"The 착한 데이터 유심 1168 | 49,390 | 15.400 | 33,990 | 무제한 | 무제한 | 300% | 10GB) aGB+3Mbps | 30,000 | 100,000 | 30,000 | 80,000"
2025-04-01 11:14:16,289,케이엘모바일_부성정책_ 4월 1일_ 1차 정책,ktm,11GB,manual_image_confirmed,40000,90000,manual_fixed,2025-04-01 1차 image: M 프리미엄 11GB 내국인 010신규/MNP
2025-04-01 11:14:16,289,케이엘모바일_부성정책_ 4월 1일_ 1차 정책,ktm,7GB,manual_image_confirmed,40000,80000,manual_fixed,2025-04-01 1차 image: M 스페셜 7GB 내국인 010신규/MNP
2025-04-01 11:14:16,289,케이엘모바일_부성정책_ 4월 1일_ 1차 정책,sk7,11GB,auto_candidate,50000,110000,needs_review,"결 함 2008 00406 (1168+) 54560 | 41.200 | 무제한 | 무제한 | soo | 1168 | g2ce+aMbpd 50000 | 110,000"
2025-04-01 11:14:16,289,케이엘모바일_부성정책_ 4월 1일_ 1차 정책,sk7,7GB,auto_candidate,50000,90000,needs_review,"결 할 568 | cre 알뜰 (768+/ 통 화 맘껏) | 48400 | 19,140 | 무제한 | eae | 300% | 768 | 1Mbps | 50000 | 90,000 | 50,000 | 90000 | 50,000 | 90,000"
2025-04-01 11:14:16,289,케이엘모바일_부성정책_ 4월 1일_ 1차 정책,skylife,11GB,auto_candidate,45000,115000,needs_review,"모 두 충분 1168+ (CU) 33000 | 무제한 | 무제한 | 300%  |1166+ 일 208 34665 | 45,000 | 115.000 | 34500 | 104500"
2025-04-01 11:14:16,289,케이엘모바일_부성정책_ 4월 1일_ 1차 정책,skylife,7GB,auto_candidate,45000,90000,needs_review,"모 두 충분 768+( 밀 리 의 서재) | 16200 | 무제한 | 우 제한 | 300 분 766 | 1065 | 45000 90,000 34,500 79,500"
2025-04-01 11:14:16,289,케이엘모바일_부성정책_ 4월 1일_ 1차 정책,umobile,11GB,auto_candidate,55000,99000,needs_review,"LTE 스페셜 34,900 무제한 무 제 한 | 300% | 1168+ 일 268 | 3Mbps | 55.000 | 99,000 55,000 99,000"
2025-04-01 11:14:16,289,케이엘모바일_부성정책_ 4월 1일_ 1차 정책,umobile,7GB,auto_candidate,55000,77000,needs_review,"LTE (768+/ 통 화 기 본) 18,500 무제한 무 제 한 | 300 분 768 Mbps | 55,000 | 77,000 55,000 77,000"
2025-04-03 11:00:43,292,케이엘모바일_부성정책_ 4월 3일_ 2차 정책,hello,11GB,auto_candidate,30000,110000,needs_review,"보편 안심 유심 166 100% — | 22,000 22,000 | 100% | 10021 168 7485 30,000 | 110,000 | 30,000 | 90,000"
2025-04-03 11:00:43,292,케이엘모바일_부성정책_ 4월 3일_ 2차 정책,ktm,11GB,manual_image_confirmed,40000,90000,manual_fixed,2025-04-03 2차 image: M 프리미엄 11GB 내국인 010신규/MNP
2025-04-03 11:00:43,292,케이엘모바일_부성정책_ 4월 3일_ 2차 정책,ktm,7GB,manual_image_confirmed,40000,80000,manual_fixed,2025-04-03 2차 image: M 스페셜 7GB 내국인 010신규/MNP
2025-04-03 11:00:43,292,케이엘모바일_부성정책_ 4월 3일_ 2차 정책,sk7,7GB,auto_candidate,50000,90000,needs_review,"결 함 568 00406 (768+) 3900 | 24200 | 무제한 | 무제한 | 300 분 | 768 | 1405 50,000 | 90,000"
2025-04-03 11:00:43,292,케이엘모바일_부성정책_ 4월 3일_ 2차 정책,skylife,11GB,auto_candidate,45000,115000,needs_review,"모 두 충분 1168+(04) 33.000 | 무제한 | 무제한 | 300% |11660+ 일 208 34066 | 45000 | 115,000 | 34500 | 104500"
2025-04-03 11:00:43,292,케이엘모바일_부성정책_ 4월 3일_ 2차 정책,umobile,11GB,auto_candidate,55000,99000,needs_review,"LTE 스페셜 34,900 무제한 무 제 한 | 300 분 | 1168+ 일 268 | 3Mbps | 55,000 | 99,000 | 55,000 | 99,000"
2025-04-03 11:00:43,292,케이엘모바일_부성정책_ 4월 3일_ 2차 정책,umobile,7GB,auto_candidate,55000,77000,needs_review,"LTE (768+/ 통 화 기 본) 18,500 무제한 무 제 한 | 300 분 768 ‘Mbps | 55,000 | 77,000 | 55,000 ‘77,000"
2025-04-04 10:16:37,293,케이엘모바일_부성정책_ 4월 4일_ 2-1차 정책,hello,11GB,auto_candidate,30000,110000,needs_review,"보편 안심 유심 166 100% — | 22,000 22,000 | 100% | 10021 168 7485 30,000 | 110,000 | 30,000 | 90,000"
2025-04-04 10:16:37,293,케이엘모바일_부성정책_ 4월 4일_ 2-1차 정책,ktm,11GB,manual_image_confirmed,40000,90000,manual_fixed,2025-04-04 2-1차 image: M 프리미엄 11GB 내국인 010신규/MNP
2025-04-04 10:16:37,293,케이엘모바일_부성정책_ 4월 4일_ 2-1차 정책,ktm,7GB,manual_image_confirmed,40000,80000,manual_fixed,2025-04-04 2-1차 image: M 스페셜 7GB 내국인 010신규/MNP
2025-04-04 10:16:37,293,케이엘모바일_부성정책_ 4월 4일_ 2-1차 정책,sk7,7GB,auto_candidate,50000,90000,needs_review,"결 함 568 00406 (768+) 3900 | 24200 | 무제한 | 무제한 | 300 분 | 768 | 1405 50,000 | 90,000"
2025-04-04 10:16:37,293,케이엘모바일_부성정책_ 4월 4일_ 2-1차 정책,skylife,11GB,auto_candidate,45000,115000,needs_review,모 두 충분 1168+(04) 33.000 | 무제한 | 무제한 | 300%  |1166+ 일 208 34066 | 45000 | 115000 | 34500 | 104500
2025-04-04 10:16:37,293,케이엘모바일_부성정책_ 4월 4일_ 2-1차 정책,skylife,7GB,auto_candidate,45000,90000,needs_review,모 두 충분 768+( 일 리 의 서재) | 16200 | 무제한 | 무제한 | 3008 | 7c8 | imps | 45000 | 90000 | 34500 | 79500
2025-04-04 10:16:37,293,케이엘모바일_부성정책_ 4월 4일_ 2-1차 정책,umobile,11GB,manual_image_confirmed,55000,120000,manual_fixed,2025-04-04 2-1차 image: LTE 스페셜 11GB+일2GB 내국인 010신규/MNP
2025-04-04 10:16:37,293,케이엘모바일_부성정책_ 4월 4일_ 2-1차 정책,umobile,7GB,manual_image_confirmed,55000,100000,manual_fixed,2025-04-04 2-1차 image: LTE 7GB+ 내국인 010신규/MNP
2025-04-08 10:26:10,299,케이엘모바일_부성정책_ 4월 8일_ 2-2차 정책_수정(유모비추가),hello,11GB,auto_candidate,30000,110000,needs_review,"보편 안심 유심 166 100% — | 22,000 22,000 | 100% | 10021 168 7485 30,000 | 110,000 | 30,000 | 90,000"
2025-04-08 10:26:10,299,케이엘모바일_부성정책_ 4월 8일_ 2-2차 정책_수정(유모비추가),ktm,11GB,manual_image_confirmed,40000,90000,manual_fixed,2025-04-08 2-2차 image: M 프리미엄 11GB 내국인 010신규/MNP
2025-04-08 10:26:10,299,케이엘모바일_부성정책_ 4월 8일_ 2-2차 정책_수정(유모비추가),ktm,7GB,manual_image_confirmed,40000,80000,manual_fixed,2025-04-08 2-2차 image: M 스페셜 7GB 내국인 010신규/MNP
2025-04-08 10:26:10,299,케이엘모바일_부성정책_ 4월 8일_ 2-2차 정책_수정(유모비추가),skylife,11GB,auto_candidate,45000,115000,needs_review,모 두 충분 1168+(04) 33.000 | 무제한 | 무제한 | 300%  |1166+ 일 208 34066 | 45000 | 115000 | 34500 | 104500
2025-04-08 10:26:10,299,케이엘모바일_부성정책_ 4월 8일_ 2-2차 정책_수정(유모비추가),skylife,7GB,auto_candidate,45000,90000,needs_review,모 두 충분 768+( 일 리 의 서재) | 16200 | 무제한 | 무제한 | 3008 | 7c8 | imps | 45000 | 90000 | 34500 | 79500
2025-04-08 10:26:10,299,케이엘모바일_부성정책_ 4월 8일_ 2-2차 정책_수정(유모비추가),umobile,11GB,manual_image_confirmed,55000,110000,manual_fixed,2025-04-08 2-2차 image: LTE 스페셜 11GB+일2GB 내국인 010신규/MNP
2025-04-08 10:26:10,299,케이엘모바일_부성정책_ 4월 8일_ 2-2차 정책_수정(유모비추가),umobile,7GB,manual_image_confirmed,55000,100000,manual_fixed,2025-04-08 2-2차 image: LTE 7GB+ 내국인 010신규/MNP
2025-04-09 14:22:58,300,케이엘모바일_부성정책_ 4월 9일_ 2-3차 정책,hello,11GB,auto_candidate,30000,110000,needs_review,"보편 안심 유심 166 100% — | 22,000 22,000 | 100% | 10021 168 7485 30,000 | 110,000 | 30,000 | 90,000"
2025-04-09 14:22:58,300,케이엘모바일_부성정책_ 4월 9일_ 2-3차 정책,ktm,11GB,manual_image_confirmed,40000,90000,manual_fixed,2025-04-09 2-3차 image: M 프리미엄 11GB 내국인 010신규/MNP
2025-04-09 14:22:58,300,케이엘모바일_부성정책_ 4월 9일_ 2-3차 정책,ktm,7GB,manual_image_confirmed,40000,80000,manual_fixed,2025-04-09 2-3차 image: M 스페셜 7GB 내국인 010신규/MNP
2025-04-09 14:22:58,300,케이엘모바일_부성정책_ 4월 9일_ 2-3차 정책,sk7,11GB,auto_candidate,60000,120000,needs_review,"결 함 2068 | 106 알뜰 (1168+/ 통 화 맘껏) | 49060 | 36,140 | exe | 무제한 | 300% | 1168 | 일 268+34689 60,000 | 120,000 | 60,000 | 120,000 | 60,000 | 120,000"
2025-04-09 14:22:58,300,케이엘모바일_부성정책_ 4월 9일_ 2-3차 정책,sk7,7GB,auto_candidate,60000,100000,needs_review,"컬 함 568 | 106 알뜰 (768+/ 통 화 맘껏) | 48400 | 19,140 | 무 저 한 | 무 저 한 | 300% | 768 | . 106 | 60000 | 100,000 | 60,000 | 100,000 | 60,000 | 100,000"
2025-04-09 14:22:58,300,케이엘모바일_부성정책_ 4월 9일_ 2-3차 정책,skylife,11GB,auto_candidate,45000,115000,needs_review,모 두 충분 1168+(04) 33.000 | 무제한 | 무제한 | 300%  |1166+ 일 208 34066 | 45000 | 115000 | 34500 | 104500
2025-04-09 14:22:58,300,케이엘모바일_부성정책_ 4월 9일_ 2-3차 정책,skylife,7GB,auto_candidate,45000,90000,needs_review,모 두 충분 768+( 일 리 의 서재) | 16200 | 무제한 | 무제한 | 3008 | 7c8 | imps | 45000 | 90000 | 34500 | 79500
2025-04-09 14:22:58,300,케이엘모바일_부성정책_ 4월 9일_ 2-3차 정책,umobile,11GB,manual_image_confirmed,55000,110000,manual_fixed,2025-04-09 2-3차 image: LTE 스페셜 11GB+일2GB 내국인 010신규/MNP
2025-04-09 14:22:58,300,케이엘모바일_부성정책_ 4월 9일_ 2-3차 정책,umobile,7GB,manual_image_confirmed,55000,100000,manual_fixed,2025-04-09 2-3차 image: LTE 7GB+ 내국인 010신규/MNP
2025-04-12 10:43:23,301,케이엘모바일_부성정책_ 4월 12일_ 2-4차 정책,hello,11GB,auto_candidate,30000,110000,needs_review,"보편 안심 유심 166 100% — | 22,000 22,000 | 100% | 10021 168 7485 30,000 | 110,000 | 30,000 | 90,000"
2025-04-12 10:43:23,301,케이엘모바일_부성정책_ 4월 12일_ 2-4차 정책,ktm,11GB,manual_image_confirmed,40000,90000,manual_fixed,2025-04-12 2-4차 image: M 프리미엄 11GB 내국인 010신규/MNP
2025-04-12 10:43:23,301,케이엘모바일_부성정책_ 4월 12일_ 2-4차 정책,ktm,7GB,manual_image_confirmed,40000,80000,manual_fixed,2025-04-12 2-4차 image: M 스페셜 7GB 내국인 010신규/MNP
2025-04-12 10:43:23,301,케이엘모바일_부성정책_ 4월 12일_ 2-4차 정책,sk7,11GB,auto_candidate,60000,120000,needs_review,"결 함 2068 | 106 알뜰 (1168+/ 통 화 맘껏) | 49060 | 36,140 | exe | 무제한 | 300% | 1168 | 일 268+34689 60,000 | 120,000 | 60,000 | 120,000 | 60,000 | 120,000"
2025-04-12 10:43:23,301,케이엘모바일_부성정책_ 4월 12일_ 2-4차 정책,sk7,7GB,auto_candidate,60000,100000,needs_review,"컬 함 568 | 106 알뜰 (768+/ 통 화 맘껏) | 48400 | 19,140 | 무 저 한 | 무 저 한 | 300% | 768 | . 106 | 60000 | 100,000 | 60,000 | 100,000 | 60,000 | 100,000"
2025-04-12 10:43:23,301,케이엘모바일_부성정책_ 4월 12일_ 2-4차 정책,skylife,11GB,auto_candidate,45000,115000,needs_review,모 두 충분 1168+(04) 33.000 | 무제한 | 무제한 | 300%  |1166+ 일 208 34066 | 45000 | 115000 | 34500 | 104500
2025-04-12 10:43:23,301,케이엘모바일_부성정책_ 4월 12일_ 2-4차 정책,skylife,7GB,auto_candidate,45000,90000,needs_review,모 두 충분 768+( 일 리 의 서재) | 16200 | 무제한 | 무제한 | 3008 | 7c8 | imps | 45000 | 90000 | 34500 | 79500
2025-04-12 10:43:23,301,케이엘모바일_부성정책_ 4월 12일_ 2-4차 정책,umobile,11GB,manual_image_confirmed,55000,110000,manual_fixed,2025-04-12 2-4차 image: LTE 스페셜 11GB+일2GB 내국인 010신규/MNP
2025-04-12 10:43:23,301,케이엘모바일_부성정책_ 4월 12일_ 2-4차 정책,umobile,7GB,manual_image_confirmed,55000,100000,manual_fixed,2025-04-12 2-4차 image: LTE 7GB+ 내국인 010신규/MNP
2025-04-15 11:57:22,302,케이엘모바일_부성정책_ 4월 15일_ 2-5차 정책,hello,11GB,auto_candidate,30000,110000,needs_review,"보편 안심 유심 166 100% — | 22,000 22,000 | 100% | 10021 168 7485 30,000 | 110,000 | 30,000 | 90,000"
2025-04-15 11:57:22,302,케이엘모바일_부성정책_ 4월 15일_ 2-5차 정책,ktm,11GB,manual_image_confirmed,40000,90000,manual_fixed,2025-04-15 2-5차 image: M 프리미엄 11GB 내국인 010신규/MNP
2025-04-15 11:57:22,302,케이엘모바일_부성정책_ 4월 15일_ 2-5차 정책,ktm,7GB,manual_image_confirmed,40000,80000,manual_fixed,2025-04-15 2-5차 image: M 스페셜 7GB 내국인 010신규/MNP
2025-04-15 11:57:22,302,케이엘모바일_부성정책_ 4월 15일_ 2-5차 정책,sk7,11GB,auto_candidate,60000,110000,needs_review,"weiz068 | CMLink (1168+) | 54560 | 41200 | 무제한 | 무제한 300% | 1168. | 2G8+3Mbps 60,000 110,000"
2025-04-15 11:57:22,302,케이엘모바일_부성정책_ 4월 15일_ 2-5차 정책,skylife,11GB,auto_candidate,45000,115000,needs_review,모 두 충분 1168+(04) 33.000 | 무제한 | 무제한 | 300%  |1166+ 일 208 34066 | 45000 | 115000 | 34500 | 104500
2025-04-15 11:57:22,302,케이엘모바일_부성정책_ 4월 15일_ 2-5차 정책,skylife,7GB,auto_candidate,45000,90000,needs_review,모 두 충분 768+( 일 리 의 서재) | 16200 | 무제한 | 무제한 | 3008 | 7c8 | imps | 45000 | 90000 | 34500 | 79500
2025-04-15 11:57:22,302,케이엘모바일_부성정책_ 4월 15일_ 2-5차 정책,umobile,11GB,manual_image_confirmed,55000,110000,manual_fixed,2025-04-15 2-5차 image: LTE 스페셜 11GB+일2GB 내국인 010신규/MNP
2025-04-15 11:57:22,302,케이엘모바일_부성정책_ 4월 15일_ 2-5차 정책,umobile,7GB,manual_image_confirmed,55000,100000,manual_fixed,2025-04-15 2-5차 image: LTE 7GB+ 내국인 010신규/MNP
2025-04-18 12:23:15,303,케이엘모바일_부성정책_ 4월 18일_ 2-6차 정책,hello,11GB,auto_candidate,30000,110000,needs_review,"보편 안심 유심 166 100% — | 22,000 22,000 | 100% | 10021 168 7485 30,000 | 110,000 | 30,000 | 90,000"
2025-04-18 12:23:15,303,케이엘모바일_부성정책_ 4월 18일_ 2-6차 정책,ktm,11GB,manual_image_confirmed,40000,90000,manual_fixed,2025-04-18 2-6차 image: M 프리미엄 11GB 내국인 010신규/MNP
2025-04-18 12:23:15,303,케이엘모바일_부성정책_ 4월 18일_ 2-6차 정책,ktm,7GB,manual_image_confirmed,40000,80000,manual_fixed,2025-04-18 2-6차 image: M 스페셜 7GB 내국인 010신규/MNP
2025-04-18 12:23:15,303,케이엘모바일_부성정책_ 4월 18일_ 2-6차 정책,sk7,11GB,auto_candidate,60000,110000,needs_review,"weiz068 | CMLink (1168+) | 54560 | 41200 | 무제한 | 무제한 300% | 1168. | 2G8+3Mbps 60,000 110,000"
2025-04-18 12:23:15,303,케이엘모바일_부성정책_ 4월 18일_ 2-6차 정책,skylife,11GB,auto_candidate,45000,115000,needs_review,모 두 충분 1168+(04) 33.000 | 무제한 | 무제한 | 300%  |1166+ 일 208 34066 | 45000 | 115000 | 34500 | 104500
2025-04-18 12:23:15,303,케이엘모바일_부성정책_ 4월 18일_ 2-6차 정책,skylife,7GB,auto_candidate,45000,90000,needs_review,모 두 충분 768+( 일 리 의 서재) | 16200 | 무제한 | 무제한 | 3008 | 7c8 | imps | 45000 | 90000 | 34500 | 79500
2025-04-18 12:23:15,303,케이엘모바일_부성정책_ 4월 18일_ 2-6차 정책,umobile,11GB,auto_candidate,55000,110000,needs_review,"&3 | 이 동 의 즐거움 - 패 스 (7168+ 동 화 기 본) | 33,990 무제한 무 제 한 | 300 분 | 1168+ 일 208 | 3Mbps | 55,000 | 110,000 | 55,000 | 110,000"
2025-04-18 12:23:15,303,케이엘모바일_부성정책_ 4월 18일_ 2-6차 정책,umobile,7GB,auto_candidate,55000,100000,needs_review,"인 | 이 동 의 즐거움 (- 패 스 (768+ 통 화 기 본) | 16,900 무제한 무 제 한 | 300 분 708 ‘1Mbps | 55,000 | 100,000 | 55,000 | 100,000"
2025-04-23 10:34:01,304,케이엘모바일_부성정책_ 4월 23일_ 2-7차 정책,hello,11GB,auto_candidate,30000,110000,needs_review,"보편 안심 유심 166 100% — | 22,000 22,000 | 100% | 10021 168 7485 30,000 | 110,000 | 30,000 | 90,000"
2025-04-23 10:34:01,304,케이엘모바일_부성정책_ 4월 23일_ 2-7차 정책,ktm,11GB,manual_image_confirmed,40000,90000,manual_fixed,2025-04-23 2-7차 image: M 프리미엄 11GB 내국인 010신규/MNP
2025-04-23 10:34:01,304,케이엘모바일_부성정책_ 4월 23일_ 2-7차 정책,ktm,7GB,manual_image_confirmed,40000,80000,manual_fixed,2025-04-23 2-7차 image: M 스페셜 7GB 내국인 010신규/MNP
2025-04-23 10:34:01,304,케이엘모바일_부성정책_ 4월 23일_ 2-7차 정책,sk7,11GB,auto_candidate,60000,110000,needs_review,"결 함 2068 | 16 알뜰 (1168+/ 통 화 맘껏) | 49060 | 36,140 | 무 져 한 | 무제한 | 300 분 | 1168 | 일 208+34609 110,000 | 60,000 | 110,000 | 60,000 | 110,000"
2025-04-23 10:34:01,304,케이엘모바일_부성정책_ 4월 23일_ 2-7차 정책,sk7,7GB,auto_candidate,60000,100000,needs_review,"컬 함 568 | 16 알뜰 (768+/ 통 화 맘껏) | 48400 | 19,140 | 무제한 | 무제한 | 300 분 | 768 ㅣ tMbps 100,000 | 60,000 | 100,000 | 60,000 | 100,000"
2025-04-23 10:34:01,304,케이엘모바일_부성정책_ 4월 23일_ 2-7차 정책,skylife,11GB,auto_candidate,45000,115000,needs_review,모 두 충분 1168+(04) 33.000 | 무제한 | 무제한 | 300%  |1166+ 일 208 34066 | 45000 | 115000 | 34500 | 104500
2025-04-23 10:34:01,304,케이엘모바일_부성정책_ 4월 23일_ 2-7차 정책,skylife,7GB,auto_candidate,45000,90000,needs_review,모 두 충분 768+( 일 리 의 서재) | 16200 | 무제한 | 무제한 | 3008 | 7c8 | imps | 45000 | 90000 | 34500 | 79500
2025-04-23 10:34:01,304,케이엘모바일_부성정책_ 4월 23일_ 2-7차 정책,umobile,11GB,auto_candidate,55000,110000,needs_review,"&3 | 이 동 의 즐거움 - 패 스 (7168+ 동 화 기 본) | 33,990 무제한 무 제 한 | 300 분 | 1168+ 일 208 | 3Mbps | 55,000 | 110,000 | 55,000 | 110,000"
2025-04-23 10:34:01,304,케이엘모바일_부성정책_ 4월 23일_ 2-7차 정책,umobile,7GB,auto_candidate,55000,100000,needs_review,"인 | 이 동 의 즐거움 (- 패 스 (768+ 통 화 기 본) | 16,900 무제한 무 제 한 | 300 분 708 ‘1Mbps | 55,000 | 100,000 | 55,000 | 100,000"
2025-04-26 11:02:51,305,케이엘모바일_부성정책_ 4월 26일_ 2-8차 정책,hello,11GB,auto_candidate,30000,110000,needs_review,"보편 안심 유심 166 100% — | 22,000 22,000 | 100% | 10021 168 7485 30,000 | 110,000 | 30,000 | 90,000"
2025-04-26 11:02:51,305,케이엘모바일_부성정책_ 4월 26일_ 2-8차 정책,ktm,11GB,manual_image_confirmed,40000,90000,manual_fixed,2025-04-26 2-8차 image: M 프리미엄 11GB 내국인 010신규/MNP
2025-04-26 11:02:51,305,케이엘모바일_부성정책_ 4월 26일_ 2-8차 정책,ktm,7GB,manual_image_confirmed,40000,80000,manual_fixed,2025-04-26 2-8차 image: M 스페셜 7GB 내국인 010신규/MNP
2025-04-26 11:02:51,305,케이엘모바일_부성정책_ 4월 26일_ 2-8차 정책,skylife,11GB,auto_candidate,45000,115000,needs_review,모 두 충분 1168+(04) 33.000 | 무제한 | 무제한 | 300%  |1166+ 일 208 34066 | 45000 | 115000 | 34500 | 104500
2025-04-26 11:02:51,305,케이엘모바일_부성정책_ 4월 26일_ 2-8차 정책,skylife,7GB,auto_candidate,45000,90000,needs_review,모 두 충분 768+( 일 리 의 서재) | 16200 | 무제한 | 무제한 | 3008 | 7c8 | imps | 45000 | 90000 | 34500 | 79500
2025-04-26 11:02:51,305,케이엘모바일_부성정책_ 4월 26일_ 2-8차 정책,umobile,11GB,auto_candidate,55000,110000,needs_review,"&3 | 이 동 의 즐거움 - 패 스 (7168+ 동 화 기 본) | 33,990 무제한 무 제 한 | 300 분 | 1168+ 일 208 | 3Mbps | 55,000 | 110,000 | 55,000 | 110,000"
2025-04-26 11:02:51,305,케이엘모바일_부성정책_ 4월 26일_ 2-8차 정책,umobile,7GB,auto_candidate,55000,100000,needs_review,"인 | 이 동 의 즐거움 (- 패 스 (768+ 통 화 기 본) | 16,900 무제한 무 제 한 | 300 분 708 ‘1Mbps | 55,000 | 100,000 | 55,000 | 100,000"
2025-05-01 11:27:28,306,케이엘모바일_부성정책_ 5월 1일_ 1차 정책,hello,11GB,auto_candidate,30000,100000,needs_review,"The 착한 데이터 유심 1168 | 49,390 | 15,400 | 33,990 | 무제한 | 무제한 | 300% | 10GB) @2GB+3Mbps | 30,000 | 100,000 | 30,000 | 80,000"
2025-05-01 11:27:28,306,케이엘모바일_부성정책_ 5월 1일_ 1차 정책,ktm,11GB,manual_image_confirmed,40000,80000,manual_fixed,2025-05-01 1차 image: M 프리미엄 11GB 내국인 010신규/MNP
2025-05-01 11:27:28,306,케이엘모바일_부성정책_ 5월 1일_ 1차 정책,ktm,7GB,manual_image_confirmed,40000,60000,manual_fixed,2025-05-01 1차 image: M 스페셜 7GB 내국인 010신규/MNP
2025-05-01 11:27:28,306,케이엘모바일_부성정책_ 5월 1일_ 1차 정책,sk7,11GB,auto_candidate,70000,140000,needs_review,"걸 함 2068 | 106 알뜰 (1168+/ 통 화 맘껏) | 49060 | 36.140 | exe | 무제한 | 300% | 1168 | 일 208+34689 70,000 | 140,000 | 70,000 | 140,000 | 70,000 | 140,000"
2025-05-01 11:27:28,306,케이엘모바일_부성정책_ 5월 1일_ 1차 정책,sk7,7GB,auto_candidate,70000,130000,needs_review,"결 함 568 | LTE 알뜰 (768+/ 통 화 맘껏) | 48400 | 19,140 | 무제한 | 무제한 | 3008 768 ‘Mbps 70,000 | 130,000 | 70,000 | 130,000 | 70,000 | 130,000"
2025-05-01 11:27:28,306,케이엘모바일_부성정책_ 5월 1일_ 1차 정책,skylife,11GB,auto_candidate,45000,105000,needs_review,"모 두 충분 1168+(04) 33000 | 2x2 | 무제한 | 300% |1166+ 일 208 amps | 45000 | 105,000 | 34500 | 94,500"
2025-05-01 11:27:28,306,케이엘모바일_부성정책_ 5월 1일_ 1차 정책,skylife,7GB,auto_candidate,45000,60000,needs_review,"모 두 충분 768+( 밀 리 의 서재) | 16200 | 무제한 | 무제한 | 300 분 766 | imbps | 45,000 | 60000 | 34500 | 69,500"
2025-05-01 11:27:28,306,케이엘모바일_부성정책_ 5월 1일_ 1차 정책,umobile,11GB,auto_candidate,55000,110000,needs_review,"11 스페셜 34.900 무제한 무 제 한 | 300 분 | 1168+ 일 208 | aMbps | 55.000 | 110000 | 55000 | 110,000"
2025-05-01 11:27:28,306,케이엘모바일_부성정책_ 5월 1일_ 1차 정책,umobile,7GB,auto_candidate,55000,100000,needs_review,"LTE (768+/B2712) 무제한 무 제 한 | 300% 768 imbps | 55,000 | 100,000 | 55000 | 100,000"
2025-05-03 10:47:53,307,케이엘모바일_부성정책_ 5월 3일_ 1-1차 정책,hello,11GB,auto_candidate,30000,100000,needs_review,"The 착한 데이터 유심 1168 | 49,390 | 15,400 | 33,990 | 무제한 | 무제한 | 300% | 10GB) @2GB+3Mbps | 30,000 | 100,000 | 30,000 | 80,000"
2025-05-03 10:47:53,307,케이엘모바일_부성정책_ 5월 3일_ 1-1차 정책,ktm,11GB,manual_image_confirmed,40000,80000,manual_fixed,2025-05-03 1-1차 image: M 프리미엄 11GB 내국인 010신규/MNP
2025-05-03 10:47:53,307,케이엘모바일_부성정책_ 5월 3일_ 1-1차 정책,ktm,7GB,manual_image_confirmed,40000,60000,manual_fixed,2025-05-03 1-1차 image: M 스페셜 7GB 내국인 010신규/MNP
2025-05-03 10:47:53,307,케이엘모바일_부성정책_ 5월 3일_ 1-1차 정책,sk7,11GB,auto_candidate,70000,140000,needs_review,"걸 함 2068 | 106 알뜰 (1168+/ 통 화 맘껏) | 49060 | 36.140 | exe | 무제한 | 300% | 1168 | 일 208+34689 70,000 | 140,000 | 70,000 | 140,000 | 70,000 | 140,000"
2025-05-03 10:47:53,307,케이엘모바일_부성정책_ 5월 3일_ 1-1차 정책,sk7,7GB,auto_candidate,70000,130000,needs_review,"결 함 568 | LTE 알뜰 (768+/ 통 화 맘껏) | 48400 | 19,140 | 무제한 | 무제한 | 3008 768 ‘Mbps 70,000 | 130,000 | 70,000 | 130,000 | 70,000 | 130,000"
2025-05-03 10:47:53,307,케이엘모바일_부성정책_ 5월 3일_ 1-1차 정책,skylife,11GB,auto_candidate,45000,105000,needs_review,"모 두 충분 1168+(04) 33000 | 2x2 | 무제한 | 300% |1166+ 일 208 amps | 45000 | 105,000 | 34500 | 94,500"
2025-05-03 10:47:53,307,케이엘모바일_부성정책_ 5월 3일_ 1-1차 정책,skylife,7GB,auto_candidate,45000,60000,needs_review,"모 두 충분 768+( 밀 리 의 서재) | 16200 | 무제한 | 무제한 | 300 분 766 | imbps | 45,000 | 60000 | 34500 | 69,500"
2025-05-03 10:47:53,307,케이엘모바일_부성정책_ 5월 3일_ 1-1차 정책,umobile,11GB,manual_image_confirmed,55000,100000,manual_fixed,2025-05-03 1-1차 image: LTE 스페셜/이동의즐거움 11GB+ 계열 내국인 010신규/MNP
2025-05-03 10:47:53,307,케이엘모바일_부성정책_ 5월 3일_ 1-1차 정책,umobile,7GB,manual_image_confirmed,55000,90000,manual_fixed,2025-05-03 1-1차 image: LTE 7GB+ / 이동의즐거움 K-패스 7GB+ 내국인 010신규/MNP
2025-06-01 12:50:40,311,케이엘모바일_부성정책_ 6월 1일_ 1차 정책,hello,11GB,auto_candidate,30000,90000,needs_review,"The 착한 데이터 유심 1168 | 49,390 | 15.400 | 33,990 | 무제한 | 무제한 | 300% | 10GB) 2GB+3Mbps | 30,000 | 90,000 | 30,000 | 70,000"
2025-06-01 12:50:40,311,케이엘모바일_부성정책_ 6월 1일_ 1차 정책,ktm,11GB,auto_candidate,70000,100000,needs_review,"2008 Mm 프리미엄 1168, 4990 | 33500 | sxe | ene | 2% |rcs-wecs] 3068 | 70000 | 100.000 | 70000 | 100,000"
2025-06-01 12:50:40,311,케이엘모바일_부성정책_ 6월 1일_ 1차 정책,ktm,7GB,auto_candidate,70000,90000,needs_review,"568 M 스페셜 768( 일 리 의 서제) 3100 | 17900 | sae | mm | sce | 79 | 109 | 70000 | 90000 | 7000 90,000"
2025-06-01 12:50:40,311,케이엘모바일_부성정책_ 6월 1일_ 1차 정책,sk7,11GB,auto_candidate,70000,130000,needs_review,"컬 함 2068 | 106 알뜰 (1168+/ 통 화 맘껏) | 49060 | 36,140 | xe | 무제한 | 300% | 1168 | 일 268+34689 70,000 | 130,000 | 70,000 | 130,000 | 70,000 | 130,000"
2025-06-01 12:50:40,311,케이엘모바일_부성정책_ 6월 1일_ 1차 정책,sk7,7GB,auto_candidate,70000,120000,needs_review,"결 함 568 | LTE 알뜰 (768+/ 통 화 맘껏) | 48400 | 19,140 | 무제한 | 무제한 | 300% 768 ‘Mbps 70,000 | 120,000 | 70,000 | 120,000 | 70,000 | 120,000"
2025-06-01 12:50:40,311,케이엘모바일_부성정책_ 6월 1일_ 1차 정책,skylife,11GB,auto_candidate,45000,95000,needs_review,"ESSE 1168+(00) 33,000 3008 ]1108+ 월 209 34686 | 45,000 | 95,000 | 45,000 | 95,000"
2025-06-01 12:50:40,311,케이엘모바일_부성정책_ 6월 1일_ 1차 정책,skylife,7GB,auto_candidate,45000,80000,needs_review,"모 두 층 분 768+( 일 리 의 서제) | 16,200 Baa | 300 분 | 768 | 1495 | 45000 | 80000 | 45,000 | 00000"
2025-06-01 12:50:40,311,케이엘모바일_부성정책_ 6월 1일_ 1차 정책,umobile,11GB,auto_candidate,55000,100000,needs_review,"2008 116 스페셜 34.900 무제한 무 제 한 | 300 분 | 1168+ 일 208 | ambps | 55.000 | 100,000 | 55000 | 100,000"
2025-06-01 12:50:40,311,케이엘모바일_부성정책_ 6월 1일_ 1차 정책,umobile,7GB,auto_candidate,55000,90000,needs_review,"508 LTE (768+/ 통 화 기 본) 18.600 무제한 무 제 한 | 300 분 768 ‘Mbps | 55.000 | 90,000 | 55,000 | 90,000"
2025-06-02 15:16:54,312,케이엘모바일_부성정책_ 6월 2일_ 1-1차 정책,hello,11GB,auto_candidate,30000,90000,needs_review,"The 착한 데이터 유심 1168 | 49,390 | 15.400 | 33,990 | 무제한 | 무제한 | 300% | 10GB) 2GB+3Mbps | 30,000 | 90,000 | 30,000 | 70,000"
2025-06-02 15:16:54,312,케이엘모바일_부성정책_ 6월 2일_ 1-1차 정책,ktm,11GB,auto_candidate,50000,100000,needs_review,"2008 M 프리미엄 1168 4900 | 33.500 | sue | sxct | 200% [ricevzzcs] ame | 50.000 | 100,000 | 50,000 100,000"
2025-06-02 15:16:54,312,케이엘모바일_부성정책_ 6월 2일_ 1-1차 정책,ktm,7GB,auto_candidate,90000,90000,needs_review,"568 M 스페셜 76814) 31000 | 20200 | eae | sae | 3008 7 | 1mbps_| 5000 | 90,000 | 5000 90,000"
2025-06-02 15:16:54,312,케이엘모바일_부성정책_ 6월 2일_ 1-1차 정책,sk7,11GB,auto_candidate,70000,70000,needs_review,"‘anzoce | ure we creaeresiay | 49000 | 36.140 | 무제한 | 무제한 | aooe | 1168 |a2cerambod 70000 70,000 70,000"
2025-06-02 15:16:54,312,케이엘모바일_부성정책_ 6월 2일_ 1-1차 정책,skylife,11GB,auto_candidate,45000,95000,needs_review,"모 두 충분 1168+(04) 33,000 무제한 무제한 300 분  |1168+ 일 208| 30665 45,000, 95,000 45,000, 95,000"
2025-06-02 15:16:54,312,케이엘모바일_부성정책_ 6월 2일_ 1-1차 정책,skylife,7GB,auto_candidate,45000,80000,needs_review,"모 두 충분 768+( 밀 리 의 서재) | 16200 | 무제한 | 무제한 | 300 분 766 | 10665 | 45,000 80000 | 45,000 80000"
2025-06-02 15:16:54,312,케이엘모바일_부성정책_ 6월 2일_ 1-1차 정책,umobile,11GB,auto_candidate,55000,100000,needs_review,"2008 116 스페셜 34.900 무제한 무 제 한 | 300 분 | 1168+ 일 208 | ambps | 55.000 | 100,000 | 55000 | 100,000"
2025-06-02 15:16:54,312,케이엘모바일_부성정책_ 6월 2일_ 1-1차 정책,umobile,7GB,auto_candidate,55000,90000,needs_review,"508 LTE (768+/ 통 화 기 본) 18.600 무제한 무 제 한 | 300 분 768 ‘Mbps | 55.000 | 90,000 | 55,000 | 90,000"
2025-06-05 10:20:56,313,케이엘모바일_부성정책_ 6월 5일_ 1-2차 정책,hello,11GB,auto_candidate,30000,90000,needs_review,"The 착한 데이터 유심 1168 | 49,390 | 15.400 | 33,990 | 무제한 | 무제한 | 300% | 10GB) 2GB+3Mbps | 30,000 | 90,000 | 30,000 | 70,000"
2025-06-05 10:20:56,313,케이엘모바일_부성정책_ 6월 5일_ 1-2차 정책,ktm,11GB,auto_candidate,70000,100000,needs_review,"208 ww Be[a) 1168 4499 | 33500 | suet | eax | 200% |rrce+a2c8] mons | 70.000 | 100.000 | 70.000 | 100,000"
2025-06-05 10:20:56,313,케이엘모바일_부성정책_ 6월 5일_ 1-2차 정책,sk7,11GB,auto_candidate,70000,70000,needs_review,"‘anzoce | ure we creaeresiay | 49000 | 36.140 | 무제한 | 무제한 | aooe | 1168 |a2cerambod 70000 70,000 70,000"
2025-06-05 10:20:56,313,케이엘모바일_부성정책_ 6월 5일_ 1-2차 정책,skylife,11GB,auto_candidate,45000,95000,needs_review,"모 두 충분 1168+(04) 33,000 무제한 무제한 300 분  |1168+ 일 208| 30665 45,000, 95,000 45,000, 95,000"
2025-06-05 10:20:56,313,케이엘모바일_부성정책_ 6월 5일_ 1-2차 정책,skylife,7GB,auto_candidate,45000,80000,needs_review,"모 두 충분 768+( 밀 리 의 서재) | 16200 | 무제한 | 무제한 | 300 분 766 | 10665 | 45,000 80000 | 45,000 80000"
2025-06-05 10:20:56,313,케이엘모바일_부성정책_ 6월 5일_ 1-2차 정책,umobile,11GB,auto_candidate,55000,100000,needs_review,"2008 116 스페셜 34.900 무제한 무 제 한 | 300 분 | 1168+ 일 208 | ambps | 55.000 | 100,000 | 55000 | 100,000"
2025-06-05 10:20:56,313,케이엘모바일_부성정책_ 6월 5일_ 1-2차 정책,umobile,7GB,auto_candidate,55000,90000,needs_review,"508 LTE (768+/ 통 화 기 본) 18.600 무제한 무 제 한 | 300 분 768 ‘Mbps | 55.000 | 90,000 | 55,000 | 90,000"
2025-06-12 10:33:11,314,케이엘모바일_부성정책_ 6월 12일_ 1-3차 정책,hello,11GB,auto_candidate,30000,90000,needs_review,"The 착한 데이터 유심 1168 | 49,390 | 15.400 | 33,990 | 무제한 | 무제한 | 300% | 10GB) 2GB+3Mbps | 30,000 | 90,000 | 30,000 | 70,000"
2025-06-12 10:33:11,314,케이엘모바일_부성정책_ 6월 12일_ 1-3차 정책,ktm,11GB,auto_candidate,70000,70000,needs_review,"2008 보 프리미엄 1168, 4900 | 33500 | ome | - 무 져 한 | 200% | |168+ 일 208] sabes | 70,000 00,000 | 70,000 100,000"
2025-06-12 10:33:11,314,케이엘모바일_부성정책_ 6월 12일_ 1-3차 정책,ktm,7GB,auto_candidate,70000,70000,needs_review,"508 M 스페셜 768 플러스 36000 | 17400 | eae | sxe | s00% | tcs+ecs | tmbes | 70,000 70,000"
2025-06-12 10:33:11,314,케이엘모바일_부성정책_ 6월 12일_ 1-3차 정책,sk7,11GB,auto_candidate,70000,70000,needs_review,"‘anzoce | ure we creaeresiay | 49000 | 36.140 | 무제한 | 무제한 | aooe | 1168 |a2cerambod 70000 70,000 70,000"
2025-06-12 10:33:11,314,케이엘모바일_부성정책_ 6월 12일_ 1-3차 정책,skylife,11GB,auto_candidate,45000,95000,needs_review,"모 두 충분 1168+(04) 33,000 무제한 무제한 300 분  |1168+ 일 208| 30665 45,000, 95,000 45,000, 95,000"
2025-06-12 10:33:11,314,케이엘모바일_부성정책_ 6월 12일_ 1-3차 정책,skylife,7GB,auto_candidate,45000,80000,needs_review,"모 두 충분 768+( 밀 리 의 서재) | 16200 | 무제한 | 무제한 | 300 분 766 | 10665 | 45,000 80000 | 45,000 80000"
2025-06-12 10:33:11,314,케이엘모바일_부성정책_ 6월 12일_ 1-3차 정책,umobile,11GB,auto_candidate,55000,100000,needs_review,"2008 116 스페셜 34.900 무제한 무 제 한 | 300 분 | 1168+ 일 208 | ambps | 55.000 | 100,000 | 55000 | 100,000"
2025-06-12 10:33:11,314,케이엘모바일_부성정책_ 6월 12일_ 1-3차 정책,umobile,7GB,auto_candidate,55000,90000,needs_review,"508 LTE (768+/ 통 화 기 본) 18.600 무제한 무 제 한 | 300 분 768 ‘Mbps | 55.000 | 90,000 | 55,000 | 90,000"
2025-06-13 12:07:49,315,케이엘모바일_부성정책_ 6월 13일_ 1-4차 정책,hello,11GB,manual_image_confirmed,30000,100000,manual_fixed,2025-06-13 1-4차 image: THE 착한 데이터 유심 11GB 내국인 010신규/MNP
2025-06-13 12:07:49,315,케이엘모바일_부성정책_ 6월 13일_ 1-4차 정책,hello,7GB,manual_image_confirmed,30000,120000,manual_fixed,2025-06-13 1-4차 image: DATA 걱정없는 유심 7GB 내국인 010신규/MNP
2025-06-13 12:07:49,315,케이엘모바일_부성정책_ 6월 13일_ 1-4차 정책,ktm,11GB,auto_candidate,70000,70000,needs_review,"2008 보 프리미엄 1168, 4900 | 33500 | ome | - 무 져 한 | 200% | |168+ 일 208] sabes | 70,000 00,000 | 70,000 100,000"
2025-06-13 12:07:49,315,케이엘모바일_부성정책_ 6월 13일_ 1-4차 정책,ktm,7GB,auto_candidate,70000,70000,needs_review,"508 M 스페셜 768 플러스 36000 | 17400 | eae | sxe | s00% | tcs+ecs | tmbes | 70,000 70,000"
2025-06-13 12:07:49,315,케이엘모바일_부성정책_ 6월 13일_ 1-4차 정책,sk7,11GB,auto_candidate,70000,70000,needs_review,"‘anzoce | ure we creaeresiay | 49000 | 36.140 | 무제한 | 무제한 | aooe | 1168 |a2cerambod 70000 70,000 70,000"
2025-06-13 12:07:49,315,케이엘모바일_부성정책_ 6월 13일_ 1-4차 정책,skylife,11GB,auto_candidate,45000,95000,needs_review,"모 두 충분 1168+(04) 33,000 무제한 무제한 300 분  |1168+ 일 208| 30665 45,000, 95,000 45,000, 95,000"
2025-06-13 12:07:49,315,케이엘모바일_부성정책_ 6월 13일_ 1-4차 정책,skylife,7GB,auto_candidate,45000,80000,needs_review,"모 두 충분 768+( 밀 리 의 서재) | 16200 | 무제한 | 무제한 | 300 분 766 | 10665 | 45,000 80000 | 45,000 80000"
2025-06-13 12:07:49,315,케이엘모바일_부성정책_ 6월 13일_ 1-4차 정책,umobile,11GB,auto_candidate,55000,100000,needs_review,"2008 116 스페셜 34.900 무제한 무 제 한 | 300 분 | 1168+ 일 208 | ambps | 55.000 | 100,000 | 55000 | 100,000"
2025-06-13 12:07:49,315,케이엘모바일_부성정책_ 6월 13일_ 1-4차 정책,umobile,7GB,auto_candidate,55000,90000,needs_review,"508 LTE (768+/ 통 화 기 본) 18.600 무제한 무 제 한 | 300 분 768 ‘Mbps | 55.000 | 90,000 | 55,000 | 90,000"
2025-06-13 16:34:29,316,케이엘모바일_부성정책_ 6월 13일_ 1-4차 정책(수정),hello,11GB,manual_image_confirmed,30000,100000,manual_fixed,2025-06-13 1-4차 수정 image: THE 착한 데이터 유심 11GB 내국인 010신규/MNP
2025-06-13 16:34:29,316,케이엘모바일_부성정책_ 6월 13일_ 1-4차 정책(수정),hello,7GB,manual_image_confirmed,30000,120000,manual_fixed,2025-06-13 1-4차 수정 image: DATA 걱정없는 유심 7GB 내국인 010신규/MNP
2025-06-13 16:34:29,316,케이엘모바일_부성정책_ 6월 13일_ 1-4차 정책(수정),ktm,11GB,auto_candidate,70000,70000,needs_review,"2008 보 프리미엄 1168, 4900 | 33500 | ome | - 무 져 한 | 200% | |168+ 일 208] sabes | 70,000 00,000 | 70,000 100,000"
2025-06-13 16:34:29,316,케이엘모바일_부성정책_ 6월 13일_ 1-4차 정책(수정),ktm,7GB,auto_candidate,70000,70000,needs_review,"508 M 스페셜 768 플러스 36000 | 17400 | eae | sxe | s00% | tcs+ecs | tmbes | 70,000 70,000"
2025-06-13 16:34:29,316,케이엘모바일_부성정책_ 6월 13일_ 1-4차 정책(수정),sk7,11GB,auto_candidate,70000,70000,needs_review,"‘anzoce | ure we creaeresiay | 49000 | 36.140 | 무제한 | 무제한 | aooe | 1168 |a2cerambod 70000 70,000 70,000"
2025-06-13 16:34:29,316,케이엘모바일_부성정책_ 6월 13일_ 1-4차 정책(수정),skylife,11GB,auto_candidate,45000,95000,needs_review,"모 두 충분 1168+(04) 33,000 무제한 무제한 300 분  |1168+ 일 208| 30665 45,000, 95,000 45,000, 95,000"
2025-06-13 16:34:29,316,케이엘모바일_부성정책_ 6월 13일_ 1-4차 정책(수정),skylife,7GB,auto_candidate,45000,80000,needs_review,"모 두 충분 768+( 밀 리 의 서재) | 16200 | 무제한 | 무제한 | 300 분 766 | 10665 | 45,000 80000 | 45,000 80000"
2025-06-13 16:34:29,316,케이엘모바일_부성정책_ 6월 13일_ 1-4차 정책(수정),umobile,11GB,manual_image_confirmed,55000,110000,manual_fixed,2025-06-13 1-4차 수정 image: LTE 스페셜/이동의즐거움 11GB+ 계열 내국인 010신규/MNP
2025-06-13 16:34:29,316,케이엘모바일_부성정책_ 6월 13일_ 1-4차 정책(수정),umobile,7GB,manual_image_confirmed,55000,110000,manual_fixed,2025-06-13 1-4차 수정 image: LTE 7GB+ / 이동의즐거움 K-패스 7GB+ 내국인 010신규/MNP
2025-06-18 11:05:20,317,케이엘모바일_부성정책_ 6월 18일_ 1-5차 정책,hello,11GB,manual_image_confirmed,30000,100000,manual_fixed,2025-06-18 1-5차 image: THE 착한 데이터 유심 11GB 내국인 010신규/MNP
2025-06-18 11:05:20,317,케이엘모바일_부성정책_ 6월 18일_ 1-5차 정책,hello,7GB,manual_image_confirmed,30000,120000,manual_fixed,2025-06-18 1-5차 image: DATA 걱정없는 유심 7GB 내국인 010신규/MNP
2025-06-18 11:05:20,317,케이엘모바일_부성정책_ 6월 18일_ 1-5차 정책,ktm,11GB,auto_candidate,70000,70000,needs_review,"2008 보 프리미엄 1168, 4900 | 33500 | ome | - 무 져 한 | 200% | |168+ 일 208] sabes | 70,000 00,000 | 70,000 100,000"
2025-06-18 11:05:20,317,케이엘모바일_부성정책_ 6월 18일_ 1-5차 정책,ktm,7GB,auto_candidate,70000,70000,needs_review,"508 M 스페셜 768 플러스 36000 | 17400 | eae | sxe | s00% | tcs+ecs | tmbes | 70,000 70,000"
2025-06-18 11:05:20,317,케이엘모바일_부성정책_ 6월 18일_ 1-5차 정책,sk7,11GB,auto_candidate,70000,70000,needs_review,"‘anzoce | ure we creaeresiay | 49000 | 36.140 | 무제한 | 무제한 | aooe | 1168 |a2cerambod 70000 70,000 70,000"
2025-06-18 11:05:20,317,케이엘모바일_부성정책_ 6월 18일_ 1-5차 정책,skylife,11GB,auto_candidate,45000,95000,needs_review,"모 두 충분 1168+(04) 33,000 무제한 무제한 300 분  |1168+ 일 208| 30665 45,000, 95,000 45,000, 95,000"
2025-06-18 11:05:20,317,케이엘모바일_부성정책_ 6월 18일_ 1-5차 정책,skylife,7GB,auto_candidate,45000,80000,needs_review,"모 두 충분 768+( 밀 리 의 서재) | 16200 | 무제한 | 무제한 | 300 분 766 | 10665 | 45,000 80000 | 45,000 80000"
2025-06-18 11:05:20,317,케이엘모바일_부성정책_ 6월 18일_ 1-5차 정책,umobile,11GB,auto_candidate,55000,55000,needs_review,"2068 34,900 무제한 무 제 한 | 300 분 | 1168+ 일 208 | 3Mbps | 55,000 55,000"
2025-06-18 11:05:20,317,케이엘모바일_부성정책_ 6월 18일_ 1-5차 정책,umobile,7GB,auto_candidate,55000,55000,needs_review,"508 18600 무제한  | 무 제 한 | 300 분 768 1Mbps_| 55,000 55,000"
2025-06-19 11:26:09,318,케이엘모바일_부성정책_ 6월 19일_ 2차 정책,hello,11GB,auto_candidate,30000,100000,needs_review,"The 착한 데이터 유심 11GB ㅣ 49,390 | 15.400 | 33,990 | 무제한 | 무제한 | 300% | 11.0c8| @2cB+3Mbps | 30,000 | 100,000 | 30,000"
2025-06-19 11:26:09,318,케이엘모바일_부성정책_ 6월 19일_ 2차 정책,ktm,11GB,auto_candidate,70000,70000,needs_review,"2008 보 프리미엄 1168, 4900 | 33500 | ome | - 무 져 한 | 200% | |168+ 일 208] sabes | 70,000 00,000 | 70,000 100,000"
2025-06-19 11:26:09,318,케이엘모바일_부성정책_ 6월 19일_ 2차 정책,ktm,7GB,auto_candidate,70000,70000,needs_review,"508 M 스페셜 768 플러스 36000 | 17400 | eae | sxe | s00% | tcs+ecs | tmbes | 70,000 70,000"
2025-06-19 11:26:09,318,케이엘모바일_부성정책_ 6월 19일_ 2차 정책,sk7,11GB,auto_candidate,70000,70000,needs_review,"‘anzoce | ure we creaeresiay | 49000 | 36.140 | 무제한 | 무제한 | aooe | 1168 |a2cerambod 70000 70,000 70,000"
2025-06-19 11:26:09,318,케이엘모바일_부성정책_ 6월 19일_ 2차 정책,skylife,11GB,auto_candidate,45000,95000,needs_review,"모 두 충분 1168+(04) 33,000 무제한 무제한 300 분  |1168+ 일 208| 30665 45,000, 95,000 45,000, 95,000"
2025-06-19 11:26:09,318,케이엘모바일_부성정책_ 6월 19일_ 2차 정책,skylife,7GB,auto_candidate,45000,80000,needs_review,"모 두 충분 768+( 밀 리 의 서재) | 16200 | 무제한 | 무제한 | 300 분 766 | 10665 | 45,000 80000 | 45,000 80000"
2025-06-19 11:26:09,318,케이엘모바일_부성정책_ 6월 19일_ 2차 정책,umobile,11GB,auto_candidate,55000,55000,needs_review,"2068 34,900 무제한 무 제 한 | 300 분 | 1168+ 일 208 | 3Mbps | 55,000 55,000"
2025-06-19 11:26:09,318,케이엘모바일_부성정책_ 6월 19일_ 2차 정책,umobile,7GB,auto_candidate,55000,55000,needs_review,"508 18600 무제한  | 무 제 한 | 300 분 768 1Mbps_| 55,000 55,000"
2025-06-24 10:13:02,319,케이엘모바일_부성정책_ 6월 24일_ 2-1차 정책,hello,11GB,auto_candidate,30000,100000,needs_review,"The 착한 데이터 유심 11GB ㅣ 49,390 | 15.400 | 33,990 | 무제한 | 무제한 | 300% | 11.0c8| @2cB+3Mbps | 30,000 | 100,000 | 30,000"
2025-06-24 10:13:02,319,케이엘모바일_부성정책_ 6월 24일_ 2-1차 정책,ktm,11GB,auto_candidate,70000,70000,needs_review,"2008 보 프리미엄 1168, 4900 | 33500 | ome | - 무 져 한 | 200% | |168+ 일 208] sabes | 70,000 00,000 | 70,000 100,000"
2025-06-24 10:13:02,319,케이엘모바일_부성정책_ 6월 24일_ 2-1차 정책,ktm,7GB,auto_candidate,70000,70000,needs_review,"508 M 스페셜 768 플러스 36000 | 17400 | eae | sxe | s00% | tcs+ecs | tmbes | 70,000 70,000"
2025-06-24 10:13:02,319,케이엘모바일_부성정책_ 6월 24일_ 2-1차 정책,sk7,11GB,auto_candidate,70000,70000,needs_review,"‘anzoce | ure we creaeresiay | 49000 | 36.140 | 무제한 | 무제한 | aooe | 1168 |a2cerambod 70000 70,000 70,000"
2025-06-24 10:13:02,319,케이엘모바일_부성정책_ 6월 24일_ 2-1차 정책,skylife,11GB,auto_candidate,45000,95000,needs_review,"모 두 충분 1168+(04) 33,000 무제한 무제한 300 분  |1168+ 일 208| 30665 45,000, 95,000 45,000, 95,000"
2025-06-24 10:13:02,319,케이엘모바일_부성정책_ 6월 24일_ 2-1차 정책,skylife,7GB,auto_candidate,45000,80000,needs_review,"모 두 충분 768+( 밀 리 의 서재) | 16200 | 무제한 | 무제한 | 300 분 766 | 10665 | 45,000 80000 | 45,000 80000"
2025-06-24 10:13:02,319,케이엘모바일_부성정책_ 6월 24일_ 2-1차 정책,umobile,11GB,auto_candidate,55000,55000,needs_review,"2068 34,900 무제한 무 제 한 | 300 분 | 1168+ 일 208 | 3Mbps | 55,000 55,000"
2025-06-24 10:13:02,319,케이엘모바일_부성정책_ 6월 24일_ 2-1차 정책,umobile,7GB,auto_candidate,55000,55000,needs_review,"508 18600 무제한  | 무 제 한 | 300 분 768 1Mbps_| 55,000 55,000"
2025-06-28 10:34:31,320,케이엘모바일_부성정책_ 6월 28일_ 3차 정책,hello,11GB,auto_candidate,30000,100000,needs_review,"The 착한 데이터 유심 11GB ㅣ 49,390 | 15.400 | 33,990 | 무제한 | 무제한 | 300% | 11.0c8| @2cB+3Mbps | 30,000 | 100,000 | 30,000"
2025-06-28 10:34:31,320,케이엘모바일_부성정책_ 6월 28일_ 3차 정책,ktm,11GB,auto_candidate,70000,70000,needs_review,"2008 보 프리미엄 1168, 4900 | 33500 | ome | - 무 져 한 | 200% | |168+ 일 208] sabes | 70,000 00,000 | 70,000 100,000"
2025-06-28 10:34:31,320,케이엘모바일_부성정책_ 6월 28일_ 3차 정책,ktm,7GB,auto_candidate,70000,70000,needs_review,"508 M 스페셜 768 플러스 36000 | 17400 | eae | sxe | s00% | tcs+ecs | tmbes | 70,000 70,000"
2025-06-28 10:34:31,320,케이엘모바일_부성정책_ 6월 28일_ 3차 정책,sk7,11GB,auto_candidate,70000,70000,needs_review,"‘anzoce | ure we creaeresiay | 49000 | 36.140 | 무제한 | 무제한 | aooe | 1168 |a2cerambod 70000 70,000 70,000"
2025-06-28 10:34:31,320,케이엘모바일_부성정책_ 6월 28일_ 3차 정책,skylife,11GB,auto_candidate,45000,95000,needs_review,"모 두 충분 1168+(04) 33,000 무제한 무제한 300 분  |1168+ 일 208| 30665 45,000, 95,000 45,000, 95,000"
2025-06-28 10:34:31,320,케이엘모바일_부성정책_ 6월 28일_ 3차 정책,skylife,7GB,auto_candidate,45000,80000,needs_review,"모 두 충분 768+( 밀 리 의 서재) | 16200 | 무제한 | 무제한 | 300 분 766 | 10665 | 45,000 80000 | 45,000 80000"
2025-06-28 10:34:31,320,케이엘모바일_부성정책_ 6월 28일_ 3차 정책,umobile,7GB,auto_candidate,55000,55000,needs_review,"500 18,600 무제한 무 제 한 | 300 분 768 Mbps | 55000 55,000"
2025-07-01 13:29:25,321,케이엘모바일_부성정책_ 7월 1일_ 1차 정책,hello,11GB,manual_image_confirmed,30000,120000,manual_fixed,2025-07-01 1차 image: THE 착한 데이터/데이터 더주는 유심 11GB 내국인 010신규/MNP
2025-07-01 13:29:25,321,케이엘모바일_부성정책_ 7월 1일_ 1차 정책,hello,7GB,manual_image_confirmed,30000,120000,manual_fixed,2025-07-01 1차 image: DATA 걱정없는/데이터 더주는 유심 7GB 내국인 010신규/MNP
2025-07-01 13:29:25,321,케이엘모바일_부성정책_ 7월 1일_ 1차 정책,ktm,11GB,manual_image_confirmed,50000,110000,manual_fixed,2025-07-01 1차 image: M 프리미엄 11GB 내국인 010신규/MNP
2025-07-01 13:29:25,321,케이엘모바일_부성정책_ 7월 1일_ 1차 정책,ktm,7GB,manual_image_confirmed,50000,100000,manual_fixed,2025-07-01 1차 image: M 스페셜 7GB 내국인 010신규/MNP
2025-07-01 13:29:25,321,케이엘모바일_부성정책_ 7월 1일_ 1차 정책,sk7,11GB,auto_candidate,70000,120000,needs_review,"결 함 2068 | 106 알뜰 (1168+/ 통 화 맘껏) | 49060 | 36,140 | exe | 무제한 | 300% | 1168 | 일 268+34689 70,000 | 120,000 | 70,000 | 120,000 | 70,000 | 120,000"
2025-07-01 13:29:25,321,케이엘모바일_부성정책_ 7월 1일_ 1차 정책,sk7,7GB,auto_candidate,70000,110000,needs_review,"wusce | ite a (768+/ 통 화 맘껏) | 48400 | 19.140 | exe | 무제한 | 300% | 768 | mbps | 70000 | 110,000 | 70,000 | 110,000 | 70,000 | 110,000"
2025-07-01 13:29:25,321,케이엘모바일_부성정책_ 7월 1일_ 1차 정책,skylife,11GB,auto_candidate,50000,120000,needs_review,"SKY 모두 충분 1168+( 서재) 무제한 무제한 300 분  |1168+ 일 208| 34665 50,000 120,000, 50,000 120,000,"
2025-07-01 13:29:25,321,케이엘모바일_부성정책_ 7월 1일_ 1차 정책,skylife,7GB,auto_candidate,55000,90000,needs_review,"508 모 두 충분 768+( 일 리 의 서재) | 16.200 | 무제한 | 무제한 ㅣ 300 분 766 | 71005 | 55,000 90,000 55,000 90,000"
2025-07-01 13:29:25,321,케이엘모바일_부성정책_ 7월 1일_ 1차 정책,umobile,11GB,auto_candidate,55000,120000,needs_review,"2008 ure 스페셜 34900 gmat | 무 제 한 | 300 분 | 1168+ 일 208 | 30665 | 55.000 | 120000 | 55000 | 110,000"
2025-07-01 13:29:25,321,케이엘모바일_부성정책_ 7월 1일_ 1차 정책,umobile,7GB,auto_candidate,55000,110000,needs_review,"508 LTE 0768+/ 통 화 기 본) 16600 amet | 무 제 한 | 30 분 | 708 70685 | 55000 | 110.000 | 55,000 | 100,000"
2025-07-02 11:17:19,323,케이엘모바일_부성정책_ 7월 2일_ 1-1차 정책_최종,hello,11GB,manual_image_confirmed,30000,120000,manual_fixed,2025-07-02 1-1차 최종 image: THE 착한 데이터/데이터 더주는 유심 11GB 내국인 010신규/MNP
2025-07-02 11:17:19,323,케이엘모바일_부성정책_ 7월 2일_ 1-1차 정책_최종,hello,7GB,manual_image_confirmed,30000,120000,manual_fixed,2025-07-02 1-1차 최종 image: DATA 걱정없는/데이터 더주는 유심 7GB 내국인 010신규/MNP
2025-07-02 11:17:19,323,케이엘모바일_부성정책_ 7월 2일_ 1-1차 정책_최종,ktm,11GB,manual_image_confirmed,50000,110000,manual_fixed,2025-07-02 1-1차 최종 image: M 프리미엄 11GB 내국인 010신규/MNP
2025-07-02 11:17:19,323,케이엘모바일_부성정책_ 7월 2일_ 1-1차 정책_최종,ktm,7GB,manual_image_confirmed,50000,100000,manual_fixed,2025-07-02 1-1차 최종 image: M 스페셜 7GB 내국인 010신규/MNP
2025-07-02 11:17:19,323,케이엘모바일_부성정책_ 7월 2일_ 1-1차 정책_최종,sk7,11GB,auto_candidate,70000,120000,needs_review,"결 함 2068 | 106 알뜰 (1168+/ 통 화 맘껏) | 49060 | 36,140 | exe | 무제한 | 300% | 1168 | 일 268+34689 70,000 | 120,000 | 70,000 | 120,000 | 70,000 | 120,000"
2025-07-02 11:17:19,323,케이엘모바일_부성정책_ 7월 2일_ 1-1차 정책_최종,sk7,7GB,auto_candidate,70000,110000,needs_review,"wusce | ite a (768+/ 통 화 맘껏) | 48400 | 19.140 | exe | 무제한 | 300% | 768 | mbps | 70000 | 110,000 | 70,000 | 110,000 | 70,000 | 110,000"
2025-07-02 11:17:19,323,케이엘모바일_부성정책_ 7월 2일_ 1-1차 정책_최종,skylife,11GB,auto_candidate,50000,120000,needs_review,"SKY 모두 충분 1168+( 서재) 무제한 무제한 300 분  |1168+ 일 208| 34665 50,000 120,000, 50,000 120,000,"
2025-07-02 11:17:19,323,케이엘모바일_부성정책_ 7월 2일_ 1-1차 정책_최종,skylife,7GB,auto_candidate,55000,90000,needs_review,"508 모 두 충분 768+( 일 리 의 서재) | 16.200 | 무제한 | 무제한 ㅣ 300 분 766 | 71005 | 55,000 90,000 55,000 90,000"
2025-07-02 11:17:19,323,케이엘모바일_부성정책_ 7월 2일_ 1-1차 정책_최종,umobile,11GB,auto_candidate,55000,55000,needs_review,"2068 LTE 스페셜 34,900 무제한 무 제 한 | 300 분 | 1168+ 일 208 3Mbps_ | 55,000 55,000"
2025-07-02 11:17:19,323,케이엘모바일_부성정책_ 7월 2일_ 1-1차 정책_최종,umobile,7GB,auto_candidate,55000,55000,needs_review,"568 | 이 동 의 즐거움 (- 패 스 (768+ 통 화 기 본) | 18,600 무제한 쿠 제 한 | 300 분 768 | 55,000 55,000"
2025-07-03 11:31:53,324,케이엘모바일_부성정책_ 7월 3일_ 1-2차 정책,hello,11GB,manual_image_confirmed,30000,120000,manual_fixed,2025-07-03 1-2차 image: THE 착한 데이터/데이터 더주는 유심 11GB 내국인 010신규/MNP
2025-07-03 11:31:53,324,케이엘모바일_부성정책_ 7월 3일_ 1-2차 정책,hello,7GB,manual_image_confirmed,30000,120000,manual_fixed,2025-07-03 1-2차 image: DATA 걱정없는/데이터 더주는 유심 7GB 내국인 010신규/MNP
2025-07-03 11:31:53,324,케이엘모바일_부성정책_ 7월 3일_ 1-2차 정책,ktm,11GB,manual_image_confirmed,50000,110000,manual_fixed,2025-07-03 1-2차 image: M 프리미엄 11GB 내국인 010신규/MNP
2025-07-03 11:31:53,324,케이엘모바일_부성정책_ 7월 3일_ 1-2차 정책,ktm,7GB,manual_image_confirmed,50000,100000,manual_fixed,2025-07-03 1-2차 image: M 스페셜 7GB 내국인 010신규/MNP
2025-07-03 11:31:53,324,케이엘모바일_부성정책_ 7월 3일_ 1-2차 정책,skylife,11GB,auto_candidate,50000,120000,needs_review,"SKY 모두 충분 1168+( 서재) 무제한 무제한 300 분  |1168+ 일 208| 34665 50,000 120,000, 50,000 120,000,"
2025-07-03 11:31:53,324,케이엘모바일_부성정책_ 7월 3일_ 1-2차 정책,skylife,7GB,auto_candidate,55000,90000,needs_review,"508 모 두 충분 768+( 일 리 의 서재) | 16.200 | 무제한 | 무제한 ㅣ 300 분 766 | 71005 | 55,000 90,000 55,000 90,000"
2025-07-03 11:31:53,324,케이엘모바일_부성정책_ 7월 3일_ 1-2차 정책,umobile,11GB,auto_candidate,55000,55000,needs_review,"2068 LTE 스페셜 34,900 무제한 무 제 한 | 300 분 | 1168+ 일 208 3Mbps_ | 55,000 55,000"
2025-07-03 11:31:53,324,케이엘모바일_부성정책_ 7월 3일_ 1-2차 정책,umobile,7GB,auto_candidate,55000,55000,needs_review,"568 | 이 동 의 즐거움 (- 패 스 (768+ 통 화 기 본) | 18,600 무제한 쿠 제 한 | 300 분 768 | 55,000 55,000"
2025-07-03 14:48:20,326,케이엘모바일_부성정책_ 7월 3일_ 2차 정책(금일 소급적용),hello,11GB,manual_image_confirmed,30000,120000,manual_fixed,2025-07-03 2차 image: THE 착한 데이터/데이터 더주는 유심 11GB 내국인 010신규/MNP
2025-07-03 14:48:20,326,케이엘모바일_부성정책_ 7월 3일_ 2차 정책(금일 소급적용),hello,7GB,manual_image_confirmed,30000,120000,manual_fixed,2025-07-03 2차 image: DATA 걱정없는/데이터 더주는 유심 7GB 내국인 010신규/MNP
2025-07-03 14:48:20,326,케이엘모바일_부성정책_ 7월 3일_ 2차 정책(금일 소급적용),ktm,11GB,manual_image_confirmed,50000,110000,manual_fixed,2025-07-03 2차 image: M 프리미엄 11GB 내국인 010신규/MNP
2025-07-03 14:48:20,326,케이엘모바일_부성정책_ 7월 3일_ 2차 정책(금일 소급적용),ktm,7GB,manual_image_confirmed,50000,100000,manual_fixed,2025-07-03 2차 image: M 스페셜 7GB 내국인 010신규/MNP
2025-07-03 14:48:20,326,케이엘모바일_부성정책_ 7월 3일_ 2차 정책(금일 소급적용),sk7,7GB,auto_candidate,70000,130000,needs_review,"결 합 566 LTE 알뜰 (768+/ 통 화 맘껏) | 48,400 | 19,140 ㅣ 무제한 | 무제한 | 300% 768 14605 70,000 | 130,000) 70,000 | 130.000|| 70,000 | 130,000"
2025-07-03 14:48:20,326,케이엘모바일_부성정책_ 7월 3일_ 2차 정책(금일 소급적용),skylife,11GB,auto_candidate,50000,120000,needs_review,"SKY 모두 충분 1168+( 서재) 무제한 무제한 300 분  |1168+ 일 208| 34665 50,000 120,000, 50,000 120,000,"
2025-07-03 14:48:20,326,케이엘모바일_부성정책_ 7월 3일_ 2차 정책(금일 소급적용),skylife,7GB,auto_candidate,55000,90000,needs_review,"508 모 두 충분 768+( 일 리 의 서재) | 16.200 | 무제한 | 무제한 ㅣ 300 분 766 | 71005 | 55,000 90,000 55,000 90,000"
2025-07-03 14:48:20,326,케이엘모바일_부성정책_ 7월 3일_ 2차 정책(금일 소급적용),umobile,11GB,auto_candidate,55000,55000,needs_review,"2068 116 스페셜 34,900 무제한 무 제 한 | 300% | 1168+ 일 268 | 3Mbps | 55,000 55,000"
2025-07-03 14:48:20,326,케이엘모바일_부성정책_ 7월 3일_ 2차 정책(금일 소급적용),umobile,7GB,auto_candidate,55000,55000,needs_review,"568 LTE (768+/ 통 화 기 본) 18.600 무제한 무 제 한 | 300 분 768 ‘Mbps | 55,000 55,000"
2025-07-04 12:06:53,327,케이엘모바일_부성정책_ 7월 4일_ 3차 정책,hello,11GB,manual_image_confirmed,30000,120000,manual_fixed,2025-07-04 3차 image: THE 착한 데이터/데이터 더주는 유심 11GB 내국인 010신규/MNP
2025-07-04 12:06:53,327,케이엘모바일_부성정책_ 7월 4일_ 3차 정책,hello,7GB,manual_image_confirmed,30000,120000,manual_fixed,2025-07-04 3차 image: DATA 걱정없는/데이터 더주는 유심 7GB 내국인 010신규/MNP
2025-07-04 12:06:53,327,케이엘모바일_부성정책_ 7월 4일_ 3차 정책,ktm,7GB,auto_candidate,90000,150000,needs_review,"soe             4 스페셜 768(지니뮤직)           31000 | 20,200        무제한         무제한;                                   개         90,000         150,000         미가일시          90,000    "
2025-07-04 12:06:53,327,케이엘모바일_부성정책_ 7월 4일_ 3차 정책,sk7,7GB,auto_candidate,70000,130000,needs_review,"결 합 566 LTE 알뜰 (768+/ 통 화 맘껏) | 48,400 | 19,140 ㅣ 무제한 | 무제한 | 300% 768 14605 70,000 | 130,000) 70,000 | 130.000|| 70,000 | 130,000"
2025-07-04 12:06:53,327,케이엘모바일_부성정책_ 7월 4일_ 3차 정책,skylife,11GB,auto_candidate,50000,100000,needs_review,"모 두 충분 1168+(04) 33.000 | 2x2 | eae | 300 분 |1166+ 일 208 34655 | 50000 | 100,000 | 50000 | 100,000"
2025-07-04 12:06:53,327,케이엘모바일_부성정책_ 7월 4일_ 3차 정책,skylife,7GB,auto_candidate,55000,90000,needs_review,"두 768+( 16200 300 7686 imbps 55,000 90,000"
2025-07-04 12:06:53,327,케이엘모바일_부성정책_ 7월 4일_ 3차 정책,umobile,11GB,auto_candidate,55000,55000,needs_review,"2068 116 스페셜 34,900 무제한 무 제 한 | 300% | 1168+ 일 268 | 3Mbps | 55,000 55,000"
2025-07-04 12:06:53,327,케이엘모바일_부성정책_ 7월 4일_ 3차 정책,umobile,7GB,auto_candidate,55000,55000,needs_review,"568 LTE (768+/ 통 화 기 본) 18.600 무제한 무 제 한 | 300 분 768 ‘Mbps | 55,000 55,000"
2025-07-05 10:14:23,328,케이엘모바일_부성정책_ 7월 5일_ 4차 정책,hello,11GB,auto_candidate,30000,120000,needs_review,"The 착한 데이터 유심 11GB 49,390 | 15,400 | 33,990 | 무제한 | 무제한 11.0GB| @2GB+3Mbps 30,000 | 120,000 | 30,000 | 120,000"
2025-07-05 10:14:23,328,케이엘모바일_부성정책_ 7월 5일_ 4차 정책,hello,7GB,auto_candidate,30000,120000,needs_review,"DATA 걱 정 없는 유심 768 45,100 | 26,600 | 18,500 | 무제한 | 무제한 | 300 분 | 708 Mbps 30,000 | 120,000 | 30,000 | 120,000"
2025-07-05 10:14:23,328,케이엘모바일_부성정책_ 7월 5일_ 4차 정책,ktm,7GB,auto_candidate,90000,150000,needs_review,"soe             4 스페셜 768(지니뮤직)           31000 | 20,200        무제한         무제한;                                   개         90,000         150,000         미가일시          90,000    "
2025-07-05 10:14:23,328,케이엘모바일_부성정책_ 7월 5일_ 4차 정책,sk7,7GB,auto_candidate,70000,130000,needs_review,"결 합 566 LTE 알뜰 (768+/ 통 화 맘껏) | 48,400 | 19,140 ㅣ 무제한 | 무제한 | 300% 768 14605 70,000 | 130,000) 70,000 | 130.000|| 70,000 | 130,000"
2025-07-05 10:14:23,328,케이엘모바일_부성정책_ 7월 5일_ 4차 정책,skylife,11GB,auto_candidate,50000,100000,needs_review,"모 두 충분 1168+(04) 33.000 | 2x2 | eae | 300 분 |1166+ 일 208 34655 | 50000 | 100,000 | 50000 | 100,000"
2025-07-05 10:14:23,328,케이엘모바일_부성정책_ 7월 5일_ 4차 정책,skylife,7GB,auto_candidate,55000,90000,needs_review,"두 768+( 16200 300 7686 imbps 55,000 90,000"
2025-07-05 10:14:23,328,케이엘모바일_부성정책_ 7월 5일_ 4차 정책,umobile,11GB,auto_candidate,77000,172000,needs_review,"2008 LTE 스폐셜 34,900 무제한 무 제 한 | 300 분 | 1168+ 일 208 314605 | 77,000 172,000 77,000 | 172,000"
2025-07-05 10:14:23,328,케이엘모바일_부성정책_ 7월 5일_ 4차 정책,umobile,7GB,auto_candidate,77000,162000,needs_review,"568 LTE (7GB+/S3}7|#) 18,600 무제한 무 제 한 | 300 분 768 1Mbps__| 77,000 | 162,000 77,000"
2025-07-08 10:11:15,330,케이엘모바일_부성정책_ 7월 8일_ 5차 정책,hello,11GB,auto_candidate,30000,120000,needs_review,"The 착한 데이터 유심 11GB 49,390 | 15,400 | 33,990 | 무제한 | 무제한 11.0GB| @2GB+3Mbps 30,000 | 120,000 | 30,000 | 120,000"
2025-07-08 10:11:15,330,케이엘모바일_부성정책_ 7월 8일_ 5차 정책,hello,7GB,auto_candidate,30000,120000,needs_review,"DATA 걱 정 없는 유심 768 45,100 | 26,600 | 18,500 | 무제한 | 무제한 | 300 분 | 708 Mbps 30,000 | 120,000 | 30,000 | 120,000"
2025-07-08 10:11:15,330,케이엘모바일_부성정책_ 7월 8일_ 5차 정책,ktm,11GB,auto_candidate,90000,160000,needs_review,"20GB M 프리미엄 1166( 밀 리 의 서재) 45,900 34,000 무제한 | 무제한 | 3008 11GB+22GB 3Mbps_ 90,000 160,000 90,000 160,000"
2025-07-08 10:11:15,330,케이엘모바일_부성정책_ 7월 8일_ 5차 정책,sk7,11GB,auto_candidate,70000,70000,needs_review,"결 합 2006 | LTE SS (1168+/ 통 화 맘껏) | 49,060 36,140 무제한 무제한 300 분 1168 |22GB+3Mbps| 70,000 70,000 70,000"
2025-07-08 10:11:15,330,케이엘모바일_부성정책_ 7월 8일_ 5차 정책,sk7,7GB,auto_candidate,70000,70000,needs_review,"결 합 566 | LTE SS (768+/ 통 화 맘껏) | 48,400 19,140 무제한 무제한 300 분 768 1Mbps 70,000 70,000 70,000"
2025-07-08 10:11:15,330,케이엘모바일_부성정책_ 7월 8일_ 5차 정책,skylife,11GB,auto_candidate,50000,100000,needs_review,"모 두 충분 1168+(04) 33.000 | 2x2 | eae | 300 분 |1166+ 일 208 34655 | 50000 | 100,000 | 50000 | 100,000"
2025-07-08 10:11:15,330,케이엘모바일_부성정책_ 7월 8일_ 5차 정책,skylife,7GB,auto_candidate,55000,90000,needs_review,"두 768+( 16200 300 7686 imbps 55,000 90,000"
2025-07-08 10:11:15,330,케이엘모바일_부성정책_ 7월 8일_ 5차 정책,umobile,11GB,auto_candidate,77000,172000,needs_review,"2008 LTE 스폐셜 34,900 무제한 무 제 한 | 300 분 | 1168+ 일 208 314605 | 77,000 172,000 77,000 | 172,000"
2025-07-08 10:11:15,330,케이엘모바일_부성정책_ 7월 8일_ 5차 정책,umobile,7GB,auto_candidate,77000,162000,needs_review,"568 LTE (7GB+/S3}7|#) 18,600 무제한 무 제 한 | 300 분 768 1Mbps__| 77,000 | 162,000 77,000"
2025-07-11 11:02:15,331,케이엘모바일_부성정책_ 7월 11일_ 6차 정책,hello,11GB,auto_candidate,30000,120000,needs_review,"The 착한 데이터 유심 11GB 49,390 | 15,400 | 33,990 | 무제한 | 무제한 11.0GB| @2GB+3Mbps 30,000 | 120,000 | 30,000 | 120,000"
2025-07-11 11:02:15,331,케이엘모바일_부성정책_ 7월 11일_ 6차 정책,hello,7GB,auto_candidate,30000,120000,needs_review,"DATA 걱 정 없는 유심 768 45,100 | 26,600 | 18,500 | 무제한 | 무제한 | 300 분 | 708 Mbps 30,000 | 120,000 | 30,000 | 120,000"
2025-07-11 11:02:15,331,케이엘모바일_부성정책_ 7월 11일_ 6차 정책,ktm,11GB,auto_candidate,90000,160000,needs_review,"20GB M 프리미엄 1166( 밀 리 의 서재) 45,900 34,000 무제한 | 무제한 | 3008 11GB+22GB 3Mbps_ 90,000 160,000 90,000 160,000"
2025-07-11 11:02:15,331,케이엘모바일_부성정책_ 7월 11일_ 6차 정책,sk7,11GB,auto_candidate,70000,70000,needs_review,"결 합 2006 | LTE SS (1168+/ 통 화 맘껏) | 49,060 36,140 무제한 무제한 300 분 1168 |22GB+3Mbps| 70,000 70,000 70,000"
2025-07-11 11:02:15,331,케이엘모바일_부성정책_ 7월 11일_ 6차 정책,sk7,7GB,auto_candidate,70000,70000,needs_review,"결 합 566 | LTE SS (768+/ 통 화 맘껏) | 48,400 19,140 무제한 무제한 300 분 768 1Mbps 70,000 70,000 70,000"
2025-07-11 11:02:15,331,케이엘모바일_부성정책_ 7월 11일_ 6차 정책,skylife,11GB,auto_candidate,50000,50000,needs_review,"20GB 무제한 무제한 300%  |1168+ 일 208|  3Mbps 50,000 50,000"
2025-07-11 11:02:15,331,케이엘모바일_부성정책_ 7월 11일_ 6차 정책,skylife,7GB,auto_candidate,55000,55000,needs_review,"5068 Sky 모두 충분 768+( 밀 리 의 서재) | 17,900 무제한 무제한 300 분 768 1Mbps 55,000 55,000"
2025-07-11 11:02:15,331,케이엘모바일_부성정책_ 7월 11일_ 6차 정책,umobile,11GB,auto_candidate,66000,66000,needs_review,"LTE 스 폐 셜 [ 약 정 형 ] 약정 9.900 원 무제한 무 제 한 | 300 분 | 1168+ 일 266 | 3Mbps | 66,000 2. 만 차감 | 66,000 2.2 만 차감"
2025-07-15 10:17:48,332,케이엘모바일_부성정책_ 7월 15일_ 7차 정책,hello,11GB,auto_candidate,30000,120000,needs_review,"The 착한 데이터 유심 11GB 49,390 | 15,400 | 33,990 | 무제한 | 무제한 11.0GB| @2GB+3Mbps 30,000 | 120,000 | 30,000 | 120,000"
2025-07-15 10:17:48,332,케이엘모바일_부성정책_ 7월 15일_ 7차 정책,hello,7GB,auto_candidate,30000,120000,needs_review,"DATA 걱 정 없는 유심 768 45,100 | 26,600 | 18,500 | 무제한 | 무제한 | 300 분 | 708 Mbps 30,000 | 120,000 | 30,000 | 120,000"
2025-07-15 10:17:48,332,케이엘모바일_부성정책_ 7월 15일_ 7차 정책,ktm,11GB,auto_candidate,90000,160000,needs_review,"20GB M 프리미엄 1166( 밀 리 의 서재) 45,900 34,000 무제한 3008 11GB+22GB 3Mbps_ 90,000 160,000 90,000 160,000"
2025-07-15 10:17:48,332,케이엘모바일_부성정책_ 7월 15일_ 7차 정책,ktm,7GB,auto_candidate,90000,150000,needs_review,"508 떠 스페셜 768( 윌 리 의 서재) 31000 17.900 무제한 3008 768 ‘Mbps 90,000 150,000 90,000 150,000"
2025-07-15 10:17:48,332,케이엘모바일_부성정책_ 7월 15일_ 7차 정책,sk7,11GB,auto_candidate,70000,70000,needs_review,"결 합 2006 | LTE SS (1168+/ 통 화 맘껏) | 49,060 36,140 무제한 무제한 300 분 1168 |22GB+3Mbps| 70,000 70,000 70,000"
2025-07-15 10:17:48,332,케이엘모바일_부성정책_ 7월 15일_ 7차 정책,sk7,7GB,auto_candidate,70000,70000,needs_review,"결 합 566 | LTE SS (768+/ 통 화 맘껏) | 48,400 19,140 무제한 무제한 300 분 768 1Mbps 70,000 70,000 70,000"
2025-07-15 10:17:48,332,케이엘모바일_부성정책_ 7월 15일_ 7차 정책,skylife,11GB,auto_candidate,45000,95000,needs_review,"20GB 모 두 중 분 1168+( 밀 리 의 서재) 33,100 무제한 무제한 300%  |1168+ 일 268| 3Mbps 45,000 95,000 40,000 95,000"
2025-07-15 10:17:48,332,케이엘모바일_부성정책_ 7월 15일_ 7차 정책,umobile,11GB,auto_candidate,66000,66000,needs_review,"LTE 스 폐 셜 [ 약 정 형 ] 약정 9.900 원 무제한 무 제 한 | 300 분 | 1168+ 일 266 | 3Mbps | 66,000 2. 만 차감 | 66,000 2.2 만 차감"
2025-07-17 10:10:18,333,케이엘모바일_부성정책_ 7월 17일_ 8차 정책,hello,11GB,auto_candidate,30000,120000,needs_review,"The 착한 데이터 유심 11GB 49,390 | 15,400 | 33,990 | 무제한 | 무제한 11.0GB| @2GB+3Mbps 30,000 | 120,000 | 30,000 | 120,000"
2025-07-17 10:10:18,333,케이엘모바일_부성정책_ 7월 17일_ 8차 정책,hello,7GB,auto_candidate,30000,120000,needs_review,"DATA 걱 정 없는 유심 768 45,100 | 26,600 | 18,500 | 무제한 | 무제한 | 300 분 | 708 Mbps 30,000 | 120,000 | 30,000 | 120,000"
2025-07-17 10:10:18,333,케이엘모바일_부성정책_ 7월 17일_ 8차 정책,ktm,11GB,auto_candidate,90000,160000,needs_review,"20GB M 프리미엄 1166( 밀 리 의 서재) 45,900 34,000 무제한 | 무제한 | 3008 11GB+22GB 3Mbps_ 90,000 160,000 90,000 160,000"
2025-07-17 10:10:18,333,케이엘모바일_부성정책_ 7월 17일_ 8차 정책,sk7,11GB,auto_candidate,70000,70000,needs_review,"결 합 2006 | LTE SS (1168+/ 통 화 맘껏) | 49,060 36,140 무제한 무제한 300 분 1168 |22GB+3Mbps| 70,000 70,000 70,000"
2025-07-17 10:10:18,333,케이엘모바일_부성정책_ 7월 17일_ 8차 정책,sk7,7GB,auto_candidate,70000,70000,needs_review,"결 합 566 | LTE SS (768+/ 통 화 맘껏) | 48,400 19,140 무제한 무제한 300 분 768 1Mbps 70,000 70,000 70,000"
2025-07-17 10:10:18,333,케이엘모바일_부성정책_ 7월 17일_ 8차 정책,skylife,11GB,auto_candidate,45000,95000,needs_review,"20GB 모 두 중 분 1168+( 밀 리 의 서재) 33,100 무제한 무제한 300%  |1168+ 일 268| 3Mbps 45,000 95,000 40,000 95,000"
2025-07-17 10:10:18,333,케이엘모바일_부성정책_ 7월 17일_ 8차 정책,umobile,11GB,auto_candidate,66000,66000,needs_review,"LTE 스 폐 셜 [ 약 정 형 ] 약정 9.900 원 무제한 무 제 한 | 300 분 | 1168+ 일 266 | 3Mbps | 66,000 2. 만 차감 | 66,000 2.2 만 차감"
2025-07-23 12:09:52,334,케이엘모바일_부성정책_ 7월 23일_ 9차 정책,hello,11GB,auto_candidate,30000,120000,needs_review,"The 착한 데이터 유심 11GB 49,390 | 15,400 | 33,990 | 무제한 | 무제한 11.0GB| @2GB+3Mbps 30,000 | 120,000 | 30,000 | 120,000"
2025-07-23 12:09:52,334,케이엘모바일_부성정책_ 7월 23일_ 9차 정책,hello,7GB,auto_candidate,30000,120000,needs_review,"DATA 걱 정 없는 유심 768 45,100 | 26,600 | 18,500 | 무제한 | 무제한 | 300 분 | 708 Mbps 30,000 | 120,000 | 30,000 | 120,000"
2025-07-23 12:09:52,334,케이엘모바일_부성정책_ 7월 23일_ 9차 정책,ktm,11GB,auto_candidate,90000,160000,needs_review,"20GB M 프리미엄 1166( 밀 리 의 서재) 45,900 34,000 무제한 | 무제한 | 3008 11GB+22GB 3Mbps_ 90,000 160,000 90,000 160,000"
2025-07-23 12:09:52,334,케이엘모바일_부성정책_ 7월 23일_ 9차 정책,sk7,11GB,auto_candidate,70000,70000,needs_review,"결 합 2006 | LTE SS (1168+/ 통 화 맘껏) | 49,060 36,140 무제한 무제한 300 분 1168 |22GB+3Mbps| 70,000 70,000 70,000"
2025-07-23 12:09:52,334,케이엘모바일_부성정책_ 7월 23일_ 9차 정책,sk7,7GB,auto_candidate,70000,70000,needs_review,"결 합 566 | LTE SS (768+/ 통 화 맘껏) | 48,400 19,140 무제한 무제한 300 분 768 1Mbps 70,000 70,000 70,000"
2025-07-23 12:09:52,334,케이엘모바일_부성정책_ 7월 23일_ 9차 정책,skylife,11GB,auto_candidate,45000,95000,needs_review,"20GB 모 두 중 분 1168+( 밀 리 의 서재) 33,100 무제한 무제한 300%  |1168+ 일 268| 3Mbps 45,000 95,000 40,000 95,000"
2025-07-23 12:09:52,334,케이엘모바일_부성정책_ 7월 23일_ 9차 정책,umobile,11GB,auto_candidate,66000,66000,needs_review,"LTE 스 폐 셜 [ 약 정 형 ] 약정 9.900 원 무제한 무 제 한 | 300 분 | 1168+ 일 266 | 3Mbps | 66,000 2. 만 차감 | 66,000 2.2 만 차감"
2025-08-01 12:00:59,335,케이엘모바일_부성정책_ 8월 1일_ 1차 정책,hello,11GB,auto_candidate,30000,120000,needs_review,"The A! 데이터 유심 1168 292300 | 15400 | 33990 | 무제한 | 무제한 | 300 분 | 1.066| - 일 208+3466 | 30000 | 120,000 | 30.000 | 120,000"
2025-08-01 12:00:59,335,케이엘모바일_부성정책_ 8월 1일_ 1차 정책,hello,7GB,auto_candidate,30000,120000,needs_review,"데이터 더 주는 유심 768(* 구 폰 팩 ) 45,100 | 23.600 | 21,500 | 무제한 | 무제한 | 300 분 | 708 ‘Mbps 30,000 | 120,000 | 30,000 | 120,000"
2025-08-01 12:00:59,335,케이엘모바일_부성정책_ 8월 1일_ 1차 정책,ktm,11GB,manual_image_confirmed,70000,130000,manual_fixed,2025-08-01 1차 image: M 프리미엄 11GB 내국인 010신규/번호이동 직접
2025-08-01 12:00:59,335,케이엘모바일_부성정책_ 8월 1일_ 1차 정책,ktm,7GB,manual_image_confirmed,70000,120000,manual_fixed,2025-08-01 1차 image: M 스페셜 7GB 내국인 010신규/번호이동 직접
2025-08-01 12:00:59,335,케이엘모바일_부성정책_ 8월 1일_ 1차 정책,sk7,11GB,auto_candidate,70000,110000,needs_review,"‘watzoce | LTE 알뜰 (168+/ 통 화 맘 껏 ) | 49060 | 36,140 | xe | 무제한 | 300% | 1168 | 일 208+34689 70,000 | 110,000 | 70,000 | 110,000 | 70,000 | 110,000"
2025-08-01 12:00:59,335,케이엘모바일_부성정책_ 8월 1일_ 1차 정책,sk7,7GB,auto_candidate,70000,100000,needs_review,"걸 함 568 | LTE 알뜰 (768+/ 통 화 맘껏) | 48400 | 19,140 | 무제한 | 무 저 한 | 300% | 768 | 1Mbps | 70000 | 100,000 | 70,000 | 100,000 | 70,000 | 100,000"
2025-08-01 12:00:59,335,케이엘모바일_부성정책_ 8월 1일_ 1차 정책,skylife,11GB,auto_candidate,90000,110000,needs_review,saves 충분 11684( 일 의사) | 34000 | 무지한 | Fae | 3000 [168-204 tes | 90000 | 110000 9000 | 10000
2025-08-01 12:00:59,335,케이엘모바일_부성정책_ 8월 1일_ 1차 정책,umobile,7GB,auto_candidate,60000,90000,needs_review,LTE 068+/ 동 화 기 본) 16600 무제한 | 무 저 환 | soe] 768 10685 60000 90000 6000 0000
2025-08-02 10:47:18,336,케이엘모바일_부성정책_ 8월 2일_ 2차 정책,hello,11GB,auto_candidate,30000,120000,needs_review,"The A! 데이터 유심 1168 292300 | 15400 | 33990 | 무제한 | 무제한 | 300 분 | 1.066| - 일 208+3466 | 30000 | 120,000 | 30.000 | 120,000"
2025-08-02 10:47:18,336,케이엘모바일_부성정책_ 8월 2일_ 2차 정책,hello,7GB,auto_candidate,30000,120000,needs_review,"데이터 더 주는 유심 768(* 구 폰 팩 ) 45,100 | 23.600 | 21,500 | 무제한 | 무제한 | 300 분 | 708 ‘Mbps 30,000 | 120,000 | 30,000 | 120,000"
2025-08-02 10:47:18,336,케이엘모바일_부성정책_ 8월 2일_ 2차 정책,ktm,11GB,manual_image_confirmed,70000,130000,manual_fixed,2025-08-02 2차 image: M 프리미엄 11GB 내국인 010신규/번호이동 직접
2025-08-02 10:47:18,336,케이엘모바일_부성정책_ 8월 2일_ 2차 정책,ktm,7GB,manual_image_confirmed,70000,120000,manual_fixed,2025-08-02 2차 image: M 스페셜 7GB 내국인 010신규/번호이동 직접
2025-08-02 10:47:18,336,케이엘모바일_부성정책_ 8월 2일_ 2차 정책,sk7,11GB,auto_candidate,70000,70000,needs_review,"결 합 2006 | LTE 알뜰 (1168+/ 통 화 맘껏) 49,060 | 36,140 | 무제한 | 무제한 | 300% | 11GB |2@2GB+3Mbps 70,000 70,000 70,000"
2025-08-02 10:47:18,336,케이엘모바일_부성정책_ 8월 2일_ 2차 정책,skylife,7GB,auto_candidate,50000,80000,needs_review,"5GB 모 두 충분 768+( 밀 리 의 서재) 16,200 무제한 | 무제한 300 분 798 Mbps 50,000 80,000 50,000 80,000"
2025-08-02 10:47:18,336,케이엘모바일_부성정책_ 8월 2일_ 2차 정책,umobile,11GB,auto_candidate,60000,60000,needs_review,"LTE 스 폐 셜 [ 약 정 형 ] 32,990 무제한 [suet 3002 | 11GB+2!2GB 3Mbps 60,000 60,000"
2025-08-02 10:47:18,336,케이엘모바일_부성정책_ 8월 2일_ 2차 정책,umobile,7GB,auto_candidate,60000,60000,needs_review,"LTE (768+/ 통 화 기 본 )[ 약 정형] 15,900 무제한 “pate! 3008 7GB 1Mbps 60,000 60,000"
2025-08-07 13:50:25,339,케이엘모바일_부성정책_ 8월 7일_ 3차 정책,hello,11GB,auto_candidate,30000,120000,needs_review,"The A! 데이터 유심 1168 292300 | 15400 | 33990 | 무제한 | 무제한 | 300 분 | 1.066| - 일 208+3466 | 30000 | 120,000 | 30.000 | 120,000"
2025-08-07 13:50:25,339,케이엘모바일_부성정책_ 8월 7일_ 3차 정책,hello,7GB,auto_candidate,30000,120000,needs_review,"데이터 더 주는 유심 768(* 구 폰 팩 ) 45,100 | 23.600 | 21,500 | 무제한 | 무제한 | 300 분 | 708 ‘Mbps 30,000 | 120,000 | 30,000 | 120,000"
2025-08-07 13:50:25,339,케이엘모바일_부성정책_ 8월 7일_ 3차 정책,ktm,11GB,manual_image_confirmed,70000,130000,manual_fixed,2025-08-07 3차 image: M 프리미엄 11GB 내국인 010신규/번호이동 직접
2025-08-07 13:50:25,339,케이엘모바일_부성정책_ 8월 7일_ 3차 정책,ktm,7GB,manual_image_confirmed,70000,120000,manual_fixed,2025-08-07 3차 image: M 스페셜 7GB 내국인 010신규/번호이동 직접
2025-08-07 13:50:25,339,케이엘모바일_부성정책_ 8월 7일_ 3차 정책,sk7,11GB,auto_candidate,70000,140000,needs_review,"결 함 2068｜ LTE 알 를 (1168+/ 통 화 맘껏) | 49060 | 36.140 | 무제한 | 무제한 | 300 분 7168 | 22GB+3Mbps| 70,000 | 140,000 | 70,000 | 140,000 | 70,000 | 140,000"
2025-08-07 13:50:25,339,케이엘모바일_부성정책_ 8월 7일_ 3차 정책,sk7,7GB,auto_candidate,70000,130000,needs_review,"함 568 | LTE 알 를 (768+/ 통 화 맘껏) | 49400 | 19,140 | FMS | 무제한 | 3008 7068 76505 70.000 | 130,000 | 70,000 | 130,000 | 70,000 | 130,000"
2025-08-07 13:50:25,339,케이엘모바일_부성정책_ 8월 7일_ 3차 정책,skylife,7GB,auto_candidate,50000,80000,needs_review,"5GB 모 두 충분 768+( 밀 리 의 서재) 16,200 무제한 | 무제한 300 분 798 Mbps 50,000 80,000 50,000 80,000"
2025-08-07 13:50:25,339,케이엘모바일_부성정책_ 8월 7일_ 3차 정책,umobile,11GB,auto_candidate,60000,60000,needs_review,"LTE 스 폐 셜 [ 약 정 형 ] 32,990 무제한 [suet 3002 | 11GB+2!2GB 3Mbps 60,000 60,000"
2025-08-07 13:50:25,339,케이엘모바일_부성정책_ 8월 7일_ 3차 정책,umobile,7GB,auto_candidate,60000,60000,needs_review,"LTE (768+/ 통 화 기 본 )[ 약 정형] 15,900 무제한 “pate! 3008 7GB 1Mbps 60,000 60,000"
2025-08-13 12:50:24,340,케이엘모바일_부성정책_ 8월 13일_ 4차 정책,hello,11GB,auto_candidate,30000,120000,needs_review,"The A! 데이터 유심 1168 292300 | 15400 | 33990 | 무제한 | 무제한 | 300 분 | 1.066| - 일 208+3466 | 30000 | 120,000 | 30.000 | 120,000"
2025-08-13 12:50:24,340,케이엘모바일_부성정책_ 8월 13일_ 4차 정책,hello,7GB,auto_candidate,30000,120000,needs_review,"데이터 더 주는 유심 768(* 구 폰 팩 ) 45,100 | 23.600 | 21,500 | 무제한 | 무제한 | 300 분 | 708 ‘Mbps 30,000 | 120,000 | 30,000 | 120,000"
2025-08-13 12:50:24,340,케이엘모바일_부성정책_ 8월 13일_ 4차 정책,ktm,11GB,manual_image_confirmed,70000,130000,manual_fixed,2025-08-13 4차 image: M 프리미엄 11GB 내국인 010신규/번호이동 직접
2025-08-13 12:50:24,340,케이엘모바일_부성정책_ 8월 13일_ 4차 정책,ktm,7GB,manual_image_confirmed,70000,120000,manual_fixed,2025-08-13 4차 image: M 스페셜 7GB 내국인 010신규/번호이동 직접
2025-08-13 12:50:24,340,케이엘모바일_부성정책_ 8월 13일_ 4차 정책,sk7,11GB,auto_candidate,70000,140000,needs_review,"결 함 2068｜ LTE 알 를 (1168+/ 통 화 맘껏) | 49060 | 36.140 | 무제한 | 무제한 | 300 분 7168 | 22GB+3Mbps| 70,000 | 140,000 | 70,000 | 140,000 | 70,000 | 140,000"
2025-08-13 12:50:24,340,케이엘모바일_부성정책_ 8월 13일_ 4차 정책,sk7,7GB,auto_candidate,70000,130000,needs_review,"함 568 | LTE 알 를 (768+/ 통 화 맘껏) | 49400 | 19,140 | FMS | 무제한 | 3008 7068 76505 70.000 | 130,000 | 70,000 | 130,000 | 70,000 | 130,000"
2025-08-13 12:50:24,340,케이엘모바일_부성정책_ 8월 13일_ 4차 정책,skylife,7GB,auto_candidate,50000,80000,needs_review,"5GB 모 두 충분 768+( 밀 리 의 서재) 16,200 무제한 | 무제한 300 분 798 Mbps 50,000 80,000 50,000 80,000"
2025-08-13 12:50:24,340,케이엘모바일_부성정책_ 8월 13일_ 4차 정책,umobile,11GB,auto_candidate,60000,60000,needs_review,"20GB LTE 스폐셜 | 34,900 무제한 무 제 한 | 300 분 | 11GB+22GB 3Mbps 60,000 60,000"
2025-08-13 12:50:24,340,케이엘모바일_부성정책_ 8월 13일_ 4차 정책,umobile,7GB,auto_candidate,60000,60000,needs_review,"5GB 이 동 의 즐거움 - 패 스 (768+ 통 화 기 본 ) | 18,600 무제한 무제한 | 300 분 7068 Mbps 60,000 60,000"
2025-08-14 12:14:56,341,케이엘모바일_부성정책_ 8월 14일_ 5차 정책,hello,11GB,auto_candidate,30000,120000,needs_review,"The 착한 데이터 유심 11GB 49,390 | 540 | 3990 | ewe | eet] 2008 | 11.0GB 2GB+3Mbps 30,000 | 120,000 | 30,000 120,000"
2025-08-14 12:14:56,341,케이엘모바일_부성정책_ 8월 14일_ 5차 정책,hello,7GB,auto_candidate,30000,120000,needs_review,"쿠 폰 팩 데이터 더 주는 유심 766 45,100 | 22,100 | 23,000 7GB 1Mbps 30,000 | 120,000 | 30,000 | 120,000"
2025-08-14 12:14:56,341,케이엘모바일_부성정책_ 8월 14일_ 5차 정책,ktm,11GB,manual_image_confirmed,70000,130000,manual_fixed,2025-08-14 5차 image: M 프리미엄 11GB 내국인 010신규/번호이동 직접
2025-08-14 12:14:56,341,케이엘모바일_부성정책_ 8월 14일_ 5차 정책,ktm,7GB,manual_image_confirmed,70000,120000,manual_fixed,2025-08-14 5차 image: M 스페셜 7GB 내국인 010신규/번호이동 직접
2025-08-14 12:14:56,341,케이엘모바일_부성정책_ 8월 14일_ 5차 정책,sk7,11GB,auto_candidate,70000,140000,needs_review,"결 함 2068｜ LTE 알 를 (1168+/ 통 화 맘껏) | 49060 | 36.140 | 무제한 | 무제한 | 300 분 7168 | 22GB+3Mbps| 70,000 | 140,000 | 70,000 | 140,000 | 70,000 | 140,000"
2025-08-14 12:14:56,341,케이엘모바일_부성정책_ 8월 14일_ 5차 정책,sk7,7GB,auto_candidate,70000,130000,needs_review,"함 568 | LTE 알 를 (768+/ 통 화 맘껏) | 49400 | 19,140 | FMS | 무제한 | 3008 7068 76505 70.000 | 130,000 | 70,000 | 130,000 | 70,000 | 130,000"
2025-08-14 12:14:56,341,케이엘모바일_부성정책_ 8월 14일_ 5차 정책,skylife,7GB,auto_candidate,50000,80000,needs_review,"5GB 모 두 충분 768+( 밀 리 의 서재) 16,200 무제한 | 무제한 300 분 798 Mbps 50,000 80,000 50,000 80,000"
2025-08-14 12:14:56,341,케이엘모바일_부성정책_ 8월 14일_ 5차 정책,umobile,11GB,auto_candidate,60000,60000,needs_review,"20GB LTE 스폐셜 34,900 무제한 무 제 한 | 300H | 11GB+22GB 3Mbps 60,000 60,000"
2025-08-14 12:14:56,341,케이엘모바일_부성정책_ 8월 14일_ 5차 정책,umobile,7GB,auto_candidate,60000,60000,needs_review,"5GB LTE (768+/ 통 화 기 본) 18,600 무제한 무 제 한 | 300 분 768 Mbps 60,000 60,000"
2025-08-15 10:35:18,342,케이엘모바일_부성정책_ 8월 15일_ 6차 정책,hello,11GB,auto_candidate,30000,120000,needs_review,"The 착한 데이터 유심 11GB 49,390 | 540 | 3990 | ewe | eet] 2008 | 11.0GB 2GB+3Mbps 30,000 | 120,000 | 30,000 120,000"
2025-08-15 10:35:18,342,케이엘모바일_부성정책_ 8월 15일_ 6차 정책,hello,7GB,auto_candidate,30000,120000,needs_review,"쿠 폰 팩 데이터 더 주는 유심 766 45,100 | 22,100 | 23,000 7GB 1Mbps 30,000 | 120,000 | 30,000 | 120,000"
2025-08-15 10:35:18,342,케이엘모바일_부성정책_ 8월 15일_ 6차 정책,ktm,7GB,auto_candidate,130000,130000,needs_review,"5068 MAMA 768( 밀 리 의 서재) 31,000 17,900 무제한 무제한 300 분 768 | 1Mbps )( 130,000 ¢ 130,000"
2025-08-15 10:35:18,342,케이엘모바일_부성정책_ 8월 15일_ 6차 정책,sk7,11GB,auto_candidate,70000,140000,needs_review,"결 함 2068｜ LTE 알 를 (1168+/ 통 화 맘껏) | 49060 | 36.140 | 무제한 | 무제한 | 300 분 7168 | 22GB+3Mbps| 70,000 | 140,000 | 70,000 | 140,000 | 70,000 | 140,000"
2025-08-15 10:35:18,342,케이엘모바일_부성정책_ 8월 15일_ 6차 정책,sk7,7GB,auto_candidate,70000,130000,needs_review,"함 568 | LTE 알 를 (768+/ 통 화 맘껏) | 49400 | 19,140 | FMS | 무제한 | 3008 7068 76505 70.000 | 130,000 | 70,000 | 130,000 | 70,000 | 130,000"
2025-08-15 10:35:18,342,케이엘모바일_부성정책_ 8월 15일_ 6차 정책,skylife,7GB,auto_candidate,50000,80000,needs_review,"5GB 모 두 충분 768+( 밀 리 의 서재) 16,200 무제한 | 무제한 300 분 798 Mbps 50,000 80,000 50,000 80,000"
2025-08-15 10:35:18,342,케이엘모바일_부성정책_ 8월 15일_ 6차 정책,umobile,11GB,auto_candidate,60000,60000,needs_review,"20GB LTE 스폐셜 34,900 무제한 무 제 한 | 300H | 11GB+22GB 3Mbps 60,000 60,000"
2025-08-15 10:35:18,342,케이엘모바일_부성정책_ 8월 15일_ 6차 정책,umobile,7GB,auto_candidate,60000,60000,needs_review,"5GB LTE (768+/ 통 화 기 본) 18,600 무제한 무 제 한 | 300 분 768 Mbps 60,000 60,000"
2025-08-21 10:06:16,343,케이엘모바일_부성정책_ 8월 21일_ 7차 정책,hello,11GB,auto_candidate,30000,120000,needs_review,"The 착한 데이터 유심 11GB 49,390 | 540 | 3990 | ewe | eet] 2008 | 11.0GB 2GB+3Mbps 30,000 | 120,000 | 30,000 120,000"
2025-08-21 10:06:16,343,케이엘모바일_부성정책_ 8월 21일_ 7차 정책,hello,7GB,auto_candidate,30000,120000,needs_review,"쿠 폰 팩 데이터 더 주는 유심 766 45,100 | 22,100 | 23,000 7GB 1Mbps 30,000 | 120,000 | 30,000 | 120,000"
2025-08-21 10:06:16,343,케이엘모바일_부성정책_ 8월 21일_ 7차 정책,ktm,7GB,auto_candidate,130000,130000,needs_review,"5068 MAMA 768( 밀 리 의 서재) 31,000 17,900 무제한 무제한 300 분 768 | 1Mbps )( 130,000 ¢ 130,000"
2025-08-21 10:06:16,343,케이엘모바일_부성정책_ 8월 21일_ 7차 정책,sk7,11GB,auto_candidate,70000,70000,needs_review,"결 합 2068 | LTE SS (1168+/ 통 화 맘껏) | 49,060 | 36,140 무제한 무제한 300 분 1168 |22GB+3Mbps| 70,000 70,000 70,000"
2025-08-21 10:06:16,343,케이엘모바일_부성정책_ 8월 21일_ 7차 정책,sk7,7GB,auto_candidate,70000,70000,needs_review,"결 합 566 | Te 알뜰 (768+/ 통 화 맘껏) | 48,400 | 19,140 | 무제한 | 무제한 ㅣ 300% | 7068 1Mbps 70,000 70,000 70,000"
2025-08-21 10:06:16,343,케이엘모바일_부성정책_ 8월 21일_ 7차 정책,skylife,7GB,auto_candidate,50000,80000,needs_review,"5GB 모 두 충분 768+( 밀 리 의 서재) 16,200 무제한 | 무제한 300 분 798 Mbps 50,000 80,000 50,000 80,000"
2025-08-21 10:06:16,343,케이엘모바일_부성정책_ 8월 21일_ 7차 정책,umobile,11GB,auto_candidate,60000,60000,needs_review,"20GB LTE 스폐셜 34,900 무제한 무 제 한 | 300H | 11GB+22GB 3Mbps 60,000 60,000"
2025-08-21 10:06:16,343,케이엘모바일_부성정책_ 8월 21일_ 7차 정책,umobile,7GB,auto_candidate,60000,60000,needs_review,"5GB LTE (768+/ 통 화 기 본) 18,600 무제한 무 제 한 | 300 분 768 Mbps 60,000 60,000"
2025-08-21 12:27:28,344,케이엘모바일_부성정책_ 8월 21일_ 7차 정책(수정),hello,11GB,auto_candidate,30000,120000,needs_review,"The 착한 데이터 유심 11GB 49,390 | 540 | 3990 | ewe | eet] 2008 | 11.0GB 2GB+3Mbps 30,000 | 120,000 | 30,000 120,000"
2025-08-21 12:27:28,344,케이엘모바일_부성정책_ 8월 21일_ 7차 정책(수정),hello,7GB,auto_candidate,30000,120000,needs_review,"쿠 폰 팩 데이터 더 주는 유심 766 45,100 | 22,100 | 23,000 7GB 1Mbps 30,000 | 120,000 | 30,000 | 120,000"
2025-08-21 12:27:28,344,케이엘모바일_부성정책_ 8월 21일_ 7차 정책(수정),ktm,7GB,auto_candidate,130000,130000,needs_review,"5068 MAMA 768( 밀 리 의 서재) 31,000 17,900 무제한 무제한 300 분 768 | 1Mbps )( 130,000 ¢ 130,000"
2025-08-21 12:27:28,344,케이엘모바일_부성정책_ 8월 21일_ 7차 정책(수정),sk7,11GB,manual_image_confirmed,80000,160000,manual_fixed,2025-08-21 7차 수정 image: LTE 알뜰 11GB+ 내국인 010신규/MNP
2025-08-21 12:27:28,344,케이엘모바일_부성정책_ 8월 21일_ 7차 정책(수정),sk7,7GB,manual_image_confirmed,80000,150000,manual_fixed,2025-08-21 7차 수정 image: LTE 알뜰 7GB+ 내국인 010신규/MNP
2025-08-21 12:27:28,344,케이엘모바일_부성정책_ 8월 21일_ 7차 정책(수정),skylife,7GB,auto_candidate,50000,80000,needs_review,"5GB 모 두 충분 768+( 밀 리 의 서재) 16,200 무제한 | 무제한 300 분 798 Mbps 50,000 80,000 50,000 80,000"
2025-08-21 12:27:28,344,케이엘모바일_부성정책_ 8월 21일_ 7차 정책(수정),umobile,11GB,auto_candidate,60000,60000,needs_review,"20GB LTE 스폐셜 34,900 무제한 무 제 한 | 300H | 11GB+22GB 3Mbps 60,000 60,000"
2025-08-21 12:27:28,344,케이엘모바일_부성정책_ 8월 21일_ 7차 정책(수정),umobile,7GB,auto_candidate,60000,60000,needs_review,"5GB LTE (768+/ 통 화 기 본) 18,600 무제한 무 제 한 | 300 분 768 Mbps 60,000 60,000"
2025-08-22 11:01:52,345,케이엘모바일_부성정책_ 8월 22일_ 8차 정책,hello,11GB,auto_candidate,30000,120000,needs_review,"The 착한 데이터 유심 11GB 49,390 | 540 | 3990 | ewe | eet] 2008 | 11.0GB 2GB+3Mbps 30,000 | 120,000 | 30,000 120,000"
2025-08-22 11:01:52,345,케이엘모바일_부성정책_ 8월 22일_ 8차 정책,hello,7GB,auto_candidate,30000,120000,needs_review,"쿠 폰 팩 데이터 더 주는 유심 766 45,100 | 22,100 | 23,000 7GB 1Mbps 30,000 | 120,000 | 30,000 | 120,000"
2025-08-22 11:01:52,345,케이엘모바일_부성정책_ 8월 22일_ 8차 정책,ktm,7GB,auto_candidate,130000,130000,needs_review,"5068 MAMA 768( 밀 리 의 서재) 31,000 17,900 무제한 무제한 300 분 768 | 1Mbps )( 130,000 ¢ 130,000"
2025-08-22 11:01:52,345,케이엘모바일_부성정책_ 8월 22일_ 8차 정책,sk7,11GB,manual_image_confirmed,80000,160000,manual_fixed,2025-08-22 8차 image: LTE 알뜰 11GB+ 내국인 010신규/MNP
2025-08-22 11:01:52,345,케이엘모바일_부성정책_ 8월 22일_ 8차 정책,sk7,7GB,manual_image_confirmed,80000,150000,manual_fixed,2025-08-22 8차 image: LTE 알뜰 7GB+ 내국인 010신규/MNP
2025-08-22 11:01:52,345,케이엘모바일_부성정책_ 8월 22일_ 8차 정책,skylife,7GB,auto_candidate,50000,80000,needs_review,"5GB 모 두 충분 768+( 밀 리 의 서재) 16,200 무제한 | 무제한 300 분 798 Mbps 50,000 80,000 50,000 80,000"
2025-08-22 11:01:52,345,케이엘모바일_부성정책_ 8월 22일_ 8차 정책,umobile,11GB,auto_candidate,60000,60000,needs_review,"2008 LTE 스폐셜 34,900 무제한 무 제 한 | 300 분 1168+ 일 268 | 3Mbps 60,000 60,000"
2025-08-22 11:01:52,345,케이엘모바일_부성정책_ 8월 22일_ 8차 정책,umobile,7GB,auto_candidate,60000,60000,needs_review,"5GB LTE (768+/ 통 화 기 본) 18.600 무제한 무 제 한 | 300 분 768 1Mbps 60,000 60,000"
2025-08-27 12:22:56,346,케이엘모바일_부성정책_ 8월 27일_ 9차 정책,hello,11GB,auto_candidate,30000,120000,needs_review,"The 착한 데이터 유심 11GB 49,390 | 540 | 3990 | ewe | eet] 2008 | 11.0GB 2GB+3Mbps 30,000 | 120,000 | 30,000 120,000"
2025-08-27 12:22:56,346,케이엘모바일_부성정책_ 8월 27일_ 9차 정책,hello,7GB,auto_candidate,30000,120000,needs_review,"쿠 폰 팩 데이터 더 주는 유심 766 45,100 | 22,100 | 23,000 7GB 1Mbps 30,000 | 120,000 | 30,000 | 120,000"
2025-08-27 12:22:56,346,케이엘모바일_부성정책_ 8월 27일_ 9차 정책,ktm,7GB,auto_candidate,130000,130000,needs_review,"5068 MAMA 768( 밀 리 의 서재) 31,000 17,900 무제한 무제한 300 분 768 | 1Mbps )( 130,000 ¢ 130,000"
2025-08-27 12:22:56,346,케이엘모바일_부성정책_ 8월 27일_ 9차 정책,sk7,11GB,auto_candidate,160000,160000,needs_review,"결 합 2068 | LTE 알뜰 (1168+/ 통 화 맘껏) | 49,060 | 36,140 | 무제한 | 무제한 | 300% | 11GB | 22GB+3Mbps 160,000 160,000 160,000"
2025-08-27 12:22:56,346,케이엘모바일_부성정책_ 8월 27일_ 9차 정책,skylife,7GB,auto_candidate,50000,80000,needs_review,"5GB 모 두 충분 768+( 밀 리 의 서재) 16,200 무제한 | 무제한 300 분 798 Mbps 50,000 80,000 50,000 80,000"
2025-08-27 12:22:56,346,케이엘모바일_부성정책_ 8월 27일_ 9차 정책,umobile,11GB,auto_candidate,60000,60000,needs_review,"2008 LTE 스폐셜 34,900 무제한 무 제 한 | 300 분 1168+ 일 268 | 3Mbps 60,000 60,000"
2025-08-27 12:22:56,346,케이엘모바일_부성정책_ 8월 27일_ 9차 정책,umobile,7GB,auto_candidate,60000,60000,needs_review,"5GB LTE (768+/ 통 화 기 본) 18.600 무제한 무 제 한 | 300 분 768 1Mbps 60,000 60,000"
2025-08-28 13:06:30,347,케이엘모바일_부성정책_ 8월 28일_ 10차 정책,hello,11GB,auto_candidate,30000,120000,needs_review,"The 착한 데이터 유심 11GB 49,390 | 540 | 3990 | ewe | eet] 2008 | 11.0GB 2GB+3Mbps 30,000 | 120,000 | 30,000 120,000"
2025-08-28 13:06:30,347,케이엘모바일_부성정책_ 8월 28일_ 10차 정책,hello,7GB,auto_candidate,30000,120000,needs_review,"쿠 폰 팩 데이터 더 주는 유심 766 45,100 | 22,100 | 23,000 7GB 1Mbps 30,000 | 120,000 | 30,000 | 120,000"
2025-08-28 13:06:30,347,케이엘모바일_부성정책_ 8월 28일_ 10차 정책,ktm,7GB,auto_candidate,130000,130000,needs_review,"5068 MAMA 768( 밀 리 의 서재) 31,000 17,900 무제한 무제한 300 분 768 | 1Mbps )( 130,000 ¢ 130,000"
2025-08-28 13:06:30,347,케이엘모바일_부성정책_ 8월 28일_ 10차 정책,sk7,11GB,auto_candidate,160000,160000,needs_review,"결 합 2068 | LTE 알뜰 (1168+/ 통 화 맘껏) | 49,060 | 36,140 | 무제한 | 무제한 | 300% | 11GB | 22GB+3Mbps 160,000 160,000 160,000"
2025-08-28 13:06:30,347,케이엘모바일_부성정책_ 8월 28일_ 10차 정책,skylife,7GB,auto_candidate,50000,80000,needs_review,"5GB 모 두 충분 768+( 밀 리 의 서재) 16,200 무제한 | 무제한 300 분 798 Mbps 50,000 80,000 50,000 80,000"
2025-08-28 13:06:30,347,케이엘모바일_부성정책_ 8월 28일_ 10차 정책,umobile,7GB,auto_candidate,60000,142000,needs_review,"| see | LTE (768+/ 통 화 기 본) 18,600 무제한 무 제 한 | 300 분 768 Mbps 60,000 142,000 | 60,000 132,000"
2025-09-01 12:11:21,348,케이엘모바일_부성정책_ 9월 1일_ 1차 정책,hello,11GB,auto_candidate,30000,120000,needs_review,"The 착한 데이터 유심 11GB 49,390 | 540 | 3990 | gare) gate | 208 | race | 22cB+3Mbps | 30,000 | 120,000 | 30,000 | 120,000"
2025-09-01 12:11:21,348,케이엘모바일_부성정책_ 9월 1일_ 1차 정책,hello,7GB,auto_candidate,30000,130000,needs_review,"DATA 걱 정 없는 유심 768 26600 | 18,500 30,000 | 130.000 | 30,000 | 130,000"
2025-09-01 12:11:21,348,케이엘모바일_부성정책_ 9월 1일_ 1차 정책,ktm,11GB,auto_candidate,75000,115000,needs_review,"2006 ㅣ 모 두 다 맘껏 1168+( 웨 이브 베이직) | 51000 | 36,600 무제한 무제한 300% | 1168+ 일 208|  3Mbps 75,000 115,000 75,000 115,000"
2025-09-01 12:11:21,348,케이엘모바일_부성정책_ 9월 1일_ 1차 정책,ktm,7GB,auto_candidate,65000,95000,needs_review,"M 라이트 768 플러스 30,000 14,000 무제한 무제한 30 분 768 400Kbps 65,000 95,000 65,000 95,000"
2025-09-01 12:11:21,348,케이엘모바일_부성정책_ 9월 1일_ 1차 정책,sk7,7GB,auto_candidate,100000,100000,needs_review,"결 합 568 CMLink (7GB+) 53,900 | 24,200 | 무제한 | 무제한 | 3008 | 768 Mbps 100,000 | 100,000"
2025-09-01 12:11:21,348,케이엘모바일_부성정책_ 9월 1일_ 1차 정책,skylife,11GB,auto_candidate,65000,110000,needs_review,"SKY 모두 SH 1168+( 밀 리 의 서재) | 34,000 무제한 무제한 300%  |1168+ 일 208|  3Mbps 65.000 110,000 65,000 90,000"
2025-09-01 12:11:21,348,케이엘모바일_부성정책_ 9월 1일_ 1차 정책,skylife,7GB,auto_candidate,55000,100000,needs_review,"SKY 모두 충분 768+( 밀 리 의 서재) 17,900 무제한 무제한 300 분 768 Mbps 55,000 100,000 55,000 80,000"
2025-09-01 12:11:21,348,케이엘모바일_부성정책_ 9월 1일_ 1차 정책,umobile,7GB,auto_candidate,70000,120000,needs_review,"| soo | LTE (766+/ 통 화 기 본) 18,600 무제한 무 제 한 | 300 분 768 Mbps. 70,000 120,000 70,000 110,000"
2025-09-01 18:26:33,349,케이엘모바일_부성정책_ 9월 1일_ 1차 정책(수정),hello,11GB,auto_candidate,30000,120000,needs_review,"The 착한 데이터 유심 11GB 49,390 | 540 | 3990 | gare) gate | 208 | race | 22cB+3Mbps | 30,000 | 120,000 | 30,000 | 120,000"
2025-09-01 18:26:33,349,케이엘모바일_부성정책_ 9월 1일_ 1차 정책(수정),hello,7GB,auto_candidate,30000,130000,needs_review,"DATA 걱 정 없는 유심 768 26600 | 18,500 30,000 | 130.000 | 30,000 | 130,000"
2025-09-01 18:26:33,349,케이엘모바일_부성정책_ 9월 1일_ 1차 정책(수정),ktm,11GB,auto_candidate,90000,90000,needs_review,"2008 M 프리미엄 1168( 밀 리 의 서재) 45900 | 34000 | - 무제한 무제한 300% | 1168+ 일 268| Mbps 90,000 90,000"
2025-09-01 18:26:33,349,케이엘모바일_부성정책_ 9월 1일_ 1차 정책(수정),sk7,7GB,auto_candidate,100000,100000,needs_review,"결 합 568 CMLink (7GB+) 53,900 | 24,200 | 무제한 | 무제한 | 3008 | 768 Mbps 100,000 | 100,000"
2025-09-01 18:26:33,349,케이엘모바일_부성정책_ 9월 1일_ 1차 정책(수정),skylife,7GB,auto_candidate,55000,55000,needs_review,"568 SKY 모두 충분 768+( 밀 리 의 서재) 17,900 무제한 무제한 300 분 768 ‘Mbps 55,000 55,000"
2025-09-01 18:26:33,349,케이엘모바일_부성정책_ 9월 1일_ 1차 정책(수정),umobile,11GB,auto_candidate,70000,132000,needs_review,"| LTE 스 폐 셜 [ 약 정 형 ] 32,990 무제한 무 제 한 | 300 분 | 11GB+22GB 3Mbps 70,000 132,000 70,000 121,000 |"
2025-09-03 11:03:13,350,케이엘모바일_부성정책_ 9월 3일_ 2차 정책,hello,11GB,auto_candidate,30000,120000,needs_review,"The 착한 데이터 유심 11GB 49,390 | 540 | 3990 | gare) gate | 208 | race | 22cB+3Mbps | 30,000 | 120,000 | 30,000 | 120,000"
2025-09-03 11:03:13,350,케이엘모바일_부성정책_ 9월 3일_ 2차 정책,hello,7GB,auto_candidate,30000,130000,needs_review,"DATA 걱 정 없는 유심 768 26600 | 18,500 30,000 | 130.000 | 30,000 | 130,000"
2025-09-03 11:03:13,350,케이엘모바일_부성정책_ 9월 3일_ 2차 정책,ktm,11GB,auto_candidate,90000,90000,needs_review,"2008 M 프리미엄 1168( 밀 리 의 서재) 45900 | 34000 | - 무제한 무제한 300% | 1168+ 일 268| Mbps 90,000 90,000"
2025-09-03 11:03:13,350,케이엘모바일_부성정책_ 9월 3일_ 2차 정책,sk7,11GB,auto_candidate,80000,80000,needs_review,"결 합 2068 | LTE 알뜰 (1168+/ 통 화 맘껏) | 49,060 | 36,140 | 무제한 | 무제한 | 300 | 11GB | 22GB+3Mbps| 80,000 80,000 80,000"
2025-09-03 11:03:13,350,케이엘모바일_부성정책_ 9월 3일_ 2차 정책,sk7,7GB,auto_candidate,80000,80000,needs_review,"결 함 566 | LTE 알뜰 (768+/ 통 화 맘껏) ㅣ 48,400 | 19,140 | 무제한 | 무제한 | 3008 768 Mbps 80,000 80,000 80,000"
2025-09-03 11:03:13,350,케이엘모바일_부성정책_ 9월 3일_ 2차 정책,skylife,7GB,auto_candidate,55000,55000,needs_review,"568 SKY 모두 충분 768+( 밀 리 의 서재) 17,900 무제한 무제한 300 분 768 ‘Mbps 55,000 55,000"
2025-09-03 11:03:13,350,케이엘모바일_부성정책_ 9월 3일_ 2차 정책,umobile,11GB,auto_candidate,70000,70000,needs_review,"LTE 스 폐 셜 [ 약 정 형 ] 32,990 무제한 무 제 한 | 3008 | 1168+ 일 208 3Mbps 70,000 70,000"
2025-09-03 14:35:04,351,케이엘모바일_부성정책_ 9월 3일_ 2-1차 정책,hello,11GB,auto_candidate,30000,120000,needs_review,"The 착한 데이터 유심 11GB 49,390 | 540 | 3990 | gare) gate | 208 | race | 22cB+3Mbps | 30,000 | 120,000 | 30,000 | 120,000"
2025-09-03 14:35:04,351,케이엘모바일_부성정책_ 9월 3일_ 2-1차 정책,hello,7GB,auto_candidate,30000,130000,needs_review,"DATA 걱 정 없는 유심 768 26600 | 18,500 30,000 | 130.000 | 30,000 | 130,000"
2025-09-03 14:35:04,351,케이엘모바일_부성정책_ 9월 3일_ 2-1차 정책,ktm,11GB,auto_candidate,90000,90000,needs_review,"2008 M 프리미엄 1168( 밀 리 의 서재) 45900 | 34000 | - 무제한 무제한 300% | 1168+ 일 268| Mbps 90,000 90,000"
2025-09-03 14:35:04,351,케이엘모바일_부성정책_ 9월 3일_ 2-1차 정책,sk7,11GB,auto_candidate,80000,80000,needs_review,"결 합 2068 | LTE 알뜰 (1168+/ 통 화 맘껏) | 49,060 | 36,140 | 무제한 | 무제한 | 300 | 11GB | 22GB+3Mbps| 80,000 80,000 80,000"
2025-09-03 14:35:04,351,케이엘모바일_부성정책_ 9월 3일_ 2-1차 정책,sk7,7GB,auto_candidate,80000,80000,needs_review,"결 함 566 | LTE 알뜰 (768+/ 통 화 맘껏) ㅣ 48,400 | 19,140 | 무제한 | 무제한 | 3008 768 Mbps 80,000 80,000 80,000"
2025-09-03 14:35:04,351,케이엘모바일_부성정책_ 9월 3일_ 2-1차 정책,skylife,7GB,auto_candidate,55000,55000,needs_review,"568 SKY 모두 충분 768+( 밀 리 의 서재) 17,900 무제한 무제한 300 분 768 ‘Mbps 55,000 55,000"
2025-09-03 14:35:04,351,케이엘모바일_부성정책_ 9월 3일_ 2-1차 정책,umobile,7GB,auto_candidate,70000,70000,needs_review,"508 LTE (768+/ 통 화 기 본) 18,600 무제한 무 제 한 | 300 분 708 1Mbps 70,000 70,000"
2025-09-04 10:09:25,352,케이엘모바일_부성정책_ 9월 4일_ 3차 정책,hello,11GB,auto_candidate,30000,120000,needs_review,"The 착한 데이터 유심 11GB 49,390 | 540 | 3990 | gare) gate | 208 | race | 22cB+3Mbps | 30,000 | 120,000 | 30,000 | 120,000"
2025-09-04 10:09:25,352,케이엘모바일_부성정책_ 9월 4일_ 3차 정책,hello,7GB,auto_candidate,30000,130000,needs_review,"DATA 걱 정 없는 유심 768 26600 | 18,500 30,000 | 130.000 | 30,000 | 130,000"
2025-09-04 10:09:25,352,케이엘모바일_부성정책_ 9월 4일_ 3차 정책,ktm,11GB,auto_candidate,90000,90000,needs_review,"2008 M 프리미엄 1168( 밀 리 의 서재) 45900 | 34000 | - 무제한 무제한 300% | 1168+ 일 268| Mbps 90,000 90,000"
2025-09-04 10:09:25,352,케이엘모바일_부성정책_ 9월 4일_ 3차 정책,sk7,11GB,auto_candidate,80000,80000,needs_review,"결 합 2068 | LTE 알뜰 (1168+/ 통 화 맘껏) | 49,060 | 36,140 | 무제한 | 무제한 | 300 | 11GB | 22GB+3Mbps| 80,000 80,000 80,000"
2025-09-04 10:09:25,352,케이엘모바일_부성정책_ 9월 4일_ 3차 정책,sk7,7GB,auto_candidate,80000,80000,needs_review,"결 함 566 | LTE 알뜰 (768+/ 통 화 맘껏) ㅣ 48,400 | 19,140 | 무제한 | 무제한 | 3008 768 Mbps 80,000 80,000 80,000"
2025-09-04 10:09:25,352,케이엘모바일_부성정책_ 9월 4일_ 3차 정책,skylife,7GB,auto_candidate,55000,55000,needs_review,"568 SKY 모두 충분 768+( 밀 리 의 서재) 17,900 무제한 무제한 300 분 768 ‘Mbps 55,000 55,000"
2025-09-04 10:09:25,352,케이엘모바일_부성정책_ 9월 4일_ 3차 정책,umobile,11GB,manual_image_confirmed,70000,110000,manual_fixed,2025-09-04 3차 image: LTE 스페셜/이동의즐거움 11GB+ 계열 내국인 010신규/MNP
2025-09-04 10:09:25,352,케이엘모바일_부성정책_ 9월 4일_ 3차 정책,umobile,7GB,manual_image_confirmed,70000,100000,manual_fixed,2025-09-04 3차 image: LTE 7GB+ / 이동의즐거움 K-패스 7GB+ 내국인 010신규/MNP
2025-09-06 11:02:27,353,케이엘모바일_부성정책_ 9월 6일_ 4차 정책,hello,11GB,auto_candidate,30000,120000,needs_review,"데이터 더 주는 유심 1166 49,390 | 12,400 | 36,990 | 무제한 300% | 11GB ‘2GB+3Mbps 30,000 | 120,000 30,000 | 120,000 ||"
2025-09-06 11:02:27,353,케이엘모바일_부성정책_ 9월 6일_ 4차 정책,hello,7GB,auto_candidate,30000,120000,needs_review,"DATA 걱 정 없는 유심 768 45,100 | 26,600 | 18,500 1Mbps 30,000 | 120,000 30,000 | 120,000 |_|"
2025-09-06 11:02:27,353,케이엘모바일_부성정책_ 9월 6일_ 4차 정책,ktm,11GB,auto_candidate,90000,90000,needs_review,"2008 M 프리미엄 1168( 지 니 뮤직) 45,900 36,900 무제한 무제한 300 분 | 1168+ 밀 208|  3Mbps 90,000 AAS 90,000 AAS"
2025-09-06 11:02:27,353,케이엘모바일_부성정책_ 9월 6일_ 4차 정책,ktm,7GB,auto_candidate,90000,90000,needs_review,"566 M 스페셜 768( 밀 리 의 서재) 31,000 17,900 무제한 무제한 300% 708 Mbps 90,000 90,000"
2025-09-06 11:02:27,353,케이엘모바일_부성정책_ 9월 6일_ 4차 정책,sk7,7GB,auto_candidate,100000,100000,needs_review,"결 합 566 | LTE 알뜰 (766+/ 통 화 맘껏) | 48,400 | 19,140 | 무제한 | 무제한 | 300 분 768 ‘1Mbps 100,000 100,000 100,000"
2025-09-06 11:02:27,353,케이엘모바일_부성정책_ 9월 6일_ 4차 정책,skylife,11GB,auto_candidate,55000,90000,needs_review,"모 두 충분 1168+( 밀 리 의 서재) 33,100 무제한 무제한 300%  |1168+ 일 208| 3Mbps 55,000 90,000 55,000 90,000"
2025-09-06 11:02:27,353,케이엘모바일_부성정책_ 9월 6일_ 4차 정책,skylife,7GB,auto_candidate,55000,55000,needs_review,"SKY 모두 SE 768+( 밀 리 의 서재) 17,900 무제한 무제한 300 분 768 Mbps. 55,000 55,000"
2025-09-06 11:02:27,353,케이엘모바일_부성정책_ 9월 6일_ 4차 정책,umobile,11GB,auto_candidate,70000,70000,needs_review,"2008 이 동 의 즐거움 - 패 스 (7168+ 통 화 기 본) 34,900 무제한 무 제 한 | 300 분 | 11GB+ 22GB 3Mbps 70,000 70,000"
2025-09-17 11:15:27,355,케이엘모바일_부성정책_ 9월 17일_ 5차 정책,hello,11GB,auto_candidate,30000,120000,needs_review,"The 착한 데이터 유심 11GB 49,390 | 15,400 | 3990 | eae | ae] 3005 | 11.0GB 12GB+3Mbps 30,000 | 120,000 | 30,000 | 120,000"
2025-09-17 11:15:27,355,케이엘모바일_부성정책_ 9월 17일_ 5차 정책,hello,7GB,auto_candidate,30000,120000,needs_review,"DATA AMME 유심 768 45,100 | 26,600 | 18,500 무제한 | 3008 30,000 | 120,000 | 30,000 | 120,000"
2025-09-17 11:15:27,355,케이엘모바일_부성정책_ 9월 17일_ 5차 정책,ktm,11GB,auto_candidate,90000,90000,needs_review,"2008 뻐 프리미엄 1168 44900 | 33,500 무제한 무제한 200 분 | 1108+ 밀 208| . 3665 90,000 0 90,000 101"
2025-09-17 11:15:27,355,케이엘모바일_부성정책_ 9월 17일_ 5차 정책,ktm,7GB,auto_candidate,80000,125000,needs_review,"M 라이트 768 플러스 30,000 14,000 무제한 무제한 30 분 768 400Kbps 80,000 125,000 80,000 125,000"
2025-09-17 11:15:27,355,케이엘모바일_부성정책_ 9월 17일_ 5차 정책,sk7,11GB,auto_candidate,100000,140000,needs_review,"결 합 2068 | LTE 알뜰 (1168+/ 통 화 맘껏) | 49,060 | 36,140 | 무제한 | 무제한 | 300% | 1168 | 22GB+3Mbps| 100,000 | 140,000 | 100,000 | 140,000 | 100,000 | 140,000"
2025-09-17 11:15:27,355,케이엘모바일_부성정책_ 9월 17일_ 5차 정책,sk7,7GB,auto_candidate,100000,130000,needs_review,"결 합 568 | LTE 알뜰 (768+/ 통 화 맘껏) | 48,400 | 19,140 | 무제한 | 무제한 | 3008 768 1Mbps | 100,000 | 130,000 | 100,000 | 130,000 | 100,000 | 130,000"
2025-09-17 11:15:27,355,케이엘모바일_부성정책_ 9월 17일_ 5차 정책,skylife,11GB,auto_candidate,55000,90000,needs_review,"모 두 충 분 1168+( 밀 리 의 서재) 33,100 무제한 2 300%  |1168+ 일 208  3Mbps 55,000 90,000 55,000 90,000"
2025-09-17 11:15:27,355,케이엘모바일_부성정책_ 9월 17일_ 5차 정책,skylife,7GB,auto_candidate,45000,80000,needs_review,"모 두 충 분 768+( 밀 리 의 서재) 16,200 무제한 무제한 300 분 768 009 45,000 80,000 45,000 80,000"
2025-09-17 11:15:27,355,케이엘모바일_부성정책_ 9월 17일_ 5차 정책,umobile,11GB,auto_candidate,70000,173000,needs_review,"LTE 스 페 셜 [ 약 정 형 ] 32,990 무제한 무 제 한 | 300 분 | 1168+ 일 2686 | 3Mbps 70,000 173,000 70,000 173,000"
2025-09-17 11:15:27,355,케이엘모바일_부성정책_ 9월 17일_ 5차 정책,umobile,7GB,auto_candidate,70000,162000,needs_review,"LTE (768+/ 통 화 기 본 )[ 약 정형] 15,900 무제한 무 제 한 | 300 분 708 1Mbps 70,000 162,000 70,000 162,000"
2025-09-17 16:34:22,356,케이엘모바일_부성정책_ 9월 17일_ 6차 정책,hello,11GB,auto_candidate,30000,120000,needs_review,"The 착한 데이터 유심 11GB 49,390 | 15,400 | 3990 | eae | ae] 3005 | 11.0GB 12GB+3Mbps 30,000 | 120,000 | 30,000 | 120,000"
2025-09-17 16:34:22,356,케이엘모바일_부성정책_ 9월 17일_ 6차 정책,hello,7GB,auto_candidate,30000,120000,needs_review,"DATA AMME 유심 768 45,100 | 26,600 | 18,500 무제한 | 3008 30,000 | 120,000 | 30,000 | 120,000"
2025-09-17 16:34:22,356,케이엘모바일_부성정책_ 9월 17일_ 6차 정책,ktm,11GB,auto_candidate,90000,90000,needs_review,"2008 뻐 프리미엄 1168 44900 | 33,500 무제한 무제한 200 분 | 1108+ 밀 208| . 3665 90,000 0 90,000 101"
2025-09-17 16:34:22,356,케이엘모바일_부성정책_ 9월 17일_ 6차 정책,ktm,7GB,auto_candidate,80000,125000,needs_review,"M 라이트 768 플러스 30,000 14,000 무제한 무제한 30 분 768 400Kbps 80,000 125,000 80,000 125,000"
2025-09-17 16:34:22,356,케이엘모바일_부성정책_ 9월 17일_ 6차 정책,sk7,11GB,auto_candidate,100000,140000,needs_review,"결 합 2068 | LTE 알뜰 (1168+/ 통 화 맘껏) | 49,060 | 36,140 | 무제한 | 무제한 | 300% | 1168 | 22GB+3Mbps| 100,000 | 140,000 | 100,000 | 140,000 | 100,000 | 140,000"
2025-09-17 16:34:22,356,케이엘모바일_부성정책_ 9월 17일_ 6차 정책,sk7,7GB,auto_candidate,100000,130000,needs_review,"결 합 568 | LTE 알뜰 (768+/ 통 화 맘껏) | 48,400 | 19,140 | 무제한 | 무제한 | 3008 768 1Mbps | 100,000 | 130,000 | 100,000 | 130,000 | 100,000 | 130,000"
2025-09-17 16:34:22,356,케이엘모바일_부성정책_ 9월 17일_ 6차 정책,skylife,11GB,auto_candidate,55000,90000,needs_review,"모 두 충 분 1168+( 밀 리 의 서재) 33,100 무제한 2 300%  |1168+ 일 208  3Mbps 55,000 90,000 55,000 90,000"
2025-09-17 16:34:22,356,케이엘모바일_부성정책_ 9월 17일_ 6차 정책,skylife,7GB,auto_candidate,45000,80000,needs_review,"모 두 충 분 768+( 밀 리 의 서재) 16,200 무제한 무제한 300 분 768 009 45,000 80,000 45,000 80,000"
2025-09-17 16:34:22,356,케이엘모바일_부성정책_ 9월 17일_ 6차 정책,umobile,7GB,auto_candidate,70000,70000,needs_review,"| soo | LTE (768+/ 통 화 기 본) 18,600 무제한 무 제 한 | 300 분 708 1Mbps 70,000 70,000"
2025-09-18 10:45:40,359,케이엘모바일_부성정책_ 9월 18일_ 7차 정책,hello,11GB,auto_candidate,30000,120000,needs_review,"데이터 더 주는 유심 1168 49,390 36,990 12GB+3Mbps 30,000 | 120,000 | 30,000 120,000"
2025-09-18 10:45:40,359,케이엘모바일_부성정책_ 9월 18일_ 7차 정책,hello,7GB,auto_candidate,30000,120000,needs_review,"Data 걱 정 없는 유심 768 26600 | 18,500 30,000 | 120,000 | 30000 | 120000"
2025-09-18 10:45:40,359,케이엘모바일_부성정책_ 9월 18일_ 7차 정책,ktm,11GB,auto_candidate,90000,90000,needs_review,"2008 Mm 프리미엄 1168( 밀 리 의 서재) 45.900 34,000 무제한 무제한 300 분 | 1168+ 일 268| — 3Mbps 90,000 90,000"
2025-09-18 10:45:40,359,케이엘모바일_부성정책_ 9월 18일_ 7차 정책,ktm,7GB,auto_candidate,80000,125000,needs_review,"M 라이트 7GB 플러스 30,000 14,000 무제한 무제한 30 분 768 4006665 80,000 125,000 80,000 125,000"
2025-09-18 10:45:40,359,케이엘모바일_부성정책_ 9월 18일_ 7차 정책,sk7,11GB,auto_candidate,100000,140000,needs_review,"결 합 2068 | LTE 알뜰 (1168+/ 통 화 맘껏) | 49,060 | 36,140 | 무제한 | 무제한 | 300% | 1168 | 22GB+3Mbps| 100,000 | 140,000 | 100,000 | 140,000 | 100,000 | 140,000"
2025-09-18 10:45:40,359,케이엘모바일_부성정책_ 9월 18일_ 7차 정책,sk7,7GB,auto_candidate,100000,130000,needs_review,"결 합 568 | LTE 알뜰 (768+/ 통 화 맘껏) | 48,400 | 19,140 | 무제한 | 무제한 | 3008 768 1Mbps | 100,000 | 130,000 | 100,000 | 130,000 | 100,000 | 130,000"
2025-09-18 10:45:40,359,케이엘모바일_부성정책_ 9월 18일_ 7차 정책,skylife,11GB,auto_candidate,55000,90000,needs_review,"모 두 충 분 1168+( 밀 리 의 서재) 33,100 무제한 2 300%  |1168+ 일 208  3Mbps 55,000 90,000 55,000 90,000"
2025-09-18 10:45:40,359,케이엘모바일_부성정책_ 9월 18일_ 7차 정책,skylife,7GB,auto_candidate,45000,80000,needs_review,"모 두 충 분 768+( 밀 리 의 서재) 16,200 무제한 무제한 300 분 768 009 45,000 80,000 45,000 80,000"
2025-09-18 10:45:40,359,케이엘모바일_부성정책_ 9월 18일_ 7차 정책,umobile,7GB,auto_candidate,70000,70000,needs_review,"| soo | LTE (768+/ 통 화 기 본) 18,600 무제한 무 제 한 | 300 분 708 1Mbps 70,000 70,000"
2025-09-19 13:15:00,360,케이엘모바일_부성정책_ 9월 19일_ 8차 정책,hello,11GB,auto_candidate,30000,120000,needs_review,"데이터 더 주는 유심 1168 49,390 36,990 12GB+3Mbps 30,000 | 120,000 | 30,000 120,000"
2025-09-19 13:15:00,360,케이엘모바일_부성정책_ 9월 19일_ 8차 정책,hello,7GB,auto_candidate,30000,120000,needs_review,"Data 걱 정 없는 유심 768 26600 | 18,500 30,000 | 120,000 | 30000 | 120000"
2025-09-19 13:15:00,360,케이엘모바일_부성정책_ 9월 19일_ 8차 정책,ktm,11GB,manual_image_confirmed,90000,170000,manual_fixed,2025-09-19 8차 image: M 프리미엄 11GB 내국인 010신규 캐치콜/번호이동 캐치콜
2025-09-19 13:15:00,360,케이엘모바일_부성정책_ 9월 19일_ 8차 정책,ktm,7GB,manual_image_confirmed,90000,160000,manual_fixed,2025-09-19 8차 image: M 스페셜 7GB 플러스 내국인 010신규 캐치콜/번호이동 캐치콜
2025-09-19 13:15:00,360,케이엘모바일_부성정책_ 9월 19일_ 8차 정책,sk7,11GB,auto_candidate,100000,140000,needs_review,"결 합 2068 | LTE 알뜰 (1168+/ 통 화 맘껏) | 49,060 | 36,140 | 무제한 | 무제한 | 300% | 1168 | 22GB+3Mbps| 100,000 | 140,000 | 100,000 | 140,000 | 100,000 | 140,000"
2025-09-19 13:15:00,360,케이엘모바일_부성정책_ 9월 19일_ 8차 정책,sk7,7GB,auto_candidate,100000,130000,needs_review,"결 합 568 | LTE 알뜰 (768+/ 통 화 맘껏) | 48,400 | 19,140 | 무제한 | 무제한 | 3008 768 1Mbps | 100,000 | 130,000 | 100,000 | 130,000 | 100,000 | 130,000"
2025-09-19 13:15:00,360,케이엘모바일_부성정책_ 9월 19일_ 8차 정책,skylife,11GB,auto_candidate,55000,90000,needs_review,"모 두 충 분 1168+( 밀 리 의 서재) 33,100 무제한 2 300%  |1168+ 일 208  3Mbps 55,000 90,000 55,000 90,000"
2025-09-19 13:15:00,360,케이엘모바일_부성정책_ 9월 19일_ 8차 정책,skylife,7GB,auto_candidate,45000,80000,needs_review,"모 두 충 분 768+( 밀 리 의 서재) 16,200 무제한 무제한 300 분 768 009 45,000 80,000 45,000 80,000"
2025-09-19 13:15:00,360,케이엘모바일_부성정책_ 9월 19일_ 8차 정책,umobile,7GB,auto_candidate,70000,70000,needs_review,"| soo | LTE (768+/ 통 화 기 본) 18,600 무제한 무 제 한 | 300 분 708 1Mbps 70,000 70,000"
2025-09-19 15:20:01,361,케이엘모바일_부성정책_ 9월 19일_ 9차 정책,hello,11GB,auto_candidate,30000,120000,needs_review,"데이터 더 주는 유심 1168 49,390 36,990 12GB+3Mbps 30,000 | 120,000 | 30,000 120,000"
2025-09-19 15:20:01,361,케이엘모바일_부성정책_ 9월 19일_ 9차 정책,hello,7GB,auto_candidate,30000,120000,needs_review,"Data 걱 정 없는 유심 768 26600 | 18,500 30,000 | 120,000 | 30000 | 120000"
2025-09-19 15:20:01,361,케이엘모바일_부성정책_ 9월 19일_ 9차 정책,ktm,11GB,manual_image_confirmed,90000,170000,manual_fixed,2025-09-19 9차 image: M 프리미엄 11GB 내국인 010신규 캐치콜/번호이동 캐치콜
2025-09-19 15:20:01,361,케이엘모바일_부성정책_ 9월 19일_ 9차 정책,ktm,7GB,manual_image_confirmed,90000,160000,manual_fixed,2025-09-19 9차 image: M 스페셜 7GB 플러스 내국인 010신규 캐치콜/번호이동 캐치콜
2025-09-19 15:20:01,361,케이엘모바일_부성정책_ 9월 19일_ 9차 정책,sk7,7GB,auto_candidate,100000,100000,needs_review,"wesce | we we acer/ene%) | 48400 | 19140 | 무제한 | 우 저 한 | soe | 768 | 1Mbps | 100.000 100,000 100,000"
2025-09-19 15:20:01,361,케이엘모바일_부성정책_ 9월 19일_ 9차 정책,skylife,11GB,auto_candidate,55000,90000,needs_review,"모 두 충 분 1168+( 밀 리 의 서재) 33,100 무제한 2 300%  |1168+ 일 208  3Mbps 55,000 90,000 55,000 90,000"
2025-09-19 15:20:01,361,케이엘모바일_부성정책_ 9월 19일_ 9차 정책,skylife,7GB,auto_candidate,45000,80000,needs_review,"모 두 충 분 768+( 밀 리 의 서재) 16,200 무제한 무제한 300 분 768 009 45,000 80,000 45,000 80,000"
2025-09-19 15:20:01,361,케이엘모바일_부성정책_ 9월 19일_ 9차 정책,umobile,7GB,auto_candidate,70000,70000,needs_review,"| soo | LTE (768+/ 통 화 기 본) 18,600 무제한 무 제 한 | 300 분 708 1Mbps 70,000 70,000"
2025-09-20 10:11:04,362,케이엘모바일_부성정책_ 9월 20일_ 10차 정책,hello,11GB,auto_candidate,30000,120000,needs_review,"데이터 더 주는 유심 1168 49,390 36,990 12GB+3Mbps 30,000 | 120,000 | 30,000 120,000"
2025-09-20 10:11:04,362,케이엘모바일_부성정책_ 9월 20일_ 10차 정책,hello,7GB,auto_candidate,30000,120000,needs_review,"Data 걱 정 없는 유심 768 26600 | 18,500 30,000 | 120,000 | 30000 | 120000"
2025-09-20 10:11:04,362,케이엘모바일_부성정책_ 9월 20일_ 10차 정책,ktm,11GB,auto_candidate,90000,90000,needs_review,"2008 M 프리미엄 1168(04 209 할 인) 51000 | 34000 | 무제한 ㅣ 무제한 300 분 | 1168+ 일 208| _aMbps 90,000 90,000"
2025-09-20 10:11:04,362,케이엘모바일_부성정책_ 9월 20일_ 10차 정책,ktm,7GB,auto_candidate,90000,90000,needs_review,"568 M 스페셜 768( 밀 리 의 서재) 31,000 17,900 무제한 | 무제한 300 분 | 768 Mbps. 90,000 90,000"
2025-09-20 10:11:04,362,케이엘모바일_부성정책_ 9월 20일_ 10차 정책,sk7,7GB,auto_candidate,100000,100000,needs_review,"wesce | we we acer/ene%) | 48400 | 19140 | 무제한 | 우 저 한 | soe | 768 | 1Mbps | 100.000 100,000 100,000"
2025-09-20 10:11:04,362,케이엘모바일_부성정책_ 9월 20일_ 10차 정책,skylife,11GB,auto_candidate,55000,90000,needs_review,"모 두 충 분 1168+( 밀 리 의 서재) 33,100 무제한 2 300%  |1168+ 일 208  3Mbps 55,000 90,000 55,000 90,000"
2025-09-20 10:11:04,362,케이엘모바일_부성정책_ 9월 20일_ 10차 정책,skylife,7GB,auto_candidate,45000,80000,needs_review,"모 두 충 분 768+( 밀 리 의 서재) 16,200 무제한 무제한 300 분 768 009 45,000 80,000 45,000 80,000"
2025-09-20 10:11:04,362,케이엘모바일_부성정책_ 9월 20일_ 10차 정책,umobile,7GB,auto_candidate,70000,70000,needs_review,"| soo | LTE (768+/ 통 화 기 본) 18,600 무제한 무 제 한 | 300 분 708 1Mbps 70,000 70,000"
2025-09-23 12:18:22,363,케이엘모바일_부성정책_ 9월 23일_ 11차 정책,hello,11GB,manual_image_confirmed,30000,110000,manual_fixed,2025-09-23 11차 image: THE 착한 데이터/데이터 더주는 유심 11GB 내국인 010신규/MNP
2025-09-23 12:18:22,363,케이엘모바일_부성정책_ 9월 23일_ 11차 정책,hello,7GB,manual_image_confirmed,30000,110000,manual_fixed,2025-09-23 11차 image: DATA 걱정없는/데이터 더주는 유심 7GB 내국인 010신규/MNP
2025-09-23 12:18:22,363,케이엘모바일_부성정책_ 9월 23일_ 11차 정책,ktm,7GB,auto_candidate,70000,140000,needs_review,"M 라이트 768 플러스 30000 | 14,000 | 무제한 무제한 30 분 768 400Kbps 70,000 140,000 | 70,000 140,000"
2025-09-23 12:18:22,363,케이엘모바일_부성정책_ 9월 23일_ 11차 정책,sk7,7GB,auto_candidate,100000,100000,needs_review,"wesce | we we acer/ene%) | 48400 | 19140 | 무제한 | 우 저 한 | soe | 768 | 1Mbps | 100.000 100,000 100,000"
2025-09-23 12:18:22,363,케이엘모바일_부성정책_ 9월 23일_ 11차 정책,skylife,7GB,auto_candidate,55000,55000,needs_review,"5068 SKY 모두 충분 768+( 밀 리 의 서재) | 17,900 무제한 무제한 300 분 768 009 55,000 55,000"
2025-09-23 12:18:22,363,케이엘모바일_부성정책_ 9월 23일_ 11차 정책,umobile,7GB,auto_candidate,70000,70000,needs_review,"| soo | LTE (768+/ 통 화 기 본) 18,600 무제한 무 제 한 | 300 분 708 1Mbps 70,000 70,000"
2025-09-25 10:45:13,364,케이엘모바일_부성정책_ 9월 25일_ 12차 정책,hello,11GB,auto_candidate,30000,110000,needs_review,"The 착한 데이터 유심 1168 49390 | 540 | 3990 | ewe] eet] aooe | race | 일 268130665 | 30.000 | 110.000 | 30,000 | 110,000"
2025-09-25 10:45:13,364,케이엘모바일_부성정책_ 9월 25일_ 12차 정책,hello,7GB,auto_candidate,30000,110000,needs_review,"FEW 유심 768 45,100 | 24,200 | 20,900 30,000 | 110,000 | 30,000 110,000"
2025-09-25 10:45:13,364,케이엘모바일_부성정책_ 9월 25일_ 12차 정책,ktm,11GB,auto_candidate,120000,200000,needs_review,"2008 M 프리미엄 1168( 밀 리 의 서재) 45.900 | 34,000 무제한 무제한 300 분 | nieeestace 3Mbps 120,000 200,000 120,000 | 200,000"
2025-09-25 10:45:13,364,케이엘모바일_부성정책_ 9월 25일_ 12차 정책,ktm,7GB,auto_candidate,120000,190000,needs_review,"568 M 스페셜 768( 밀 리 의 서재) 31,000 | 17,900 무제한 무제한 300 분 708 ‘Mbps 120,000 190,000 120,000 190,000"
2025-09-25 10:45:13,364,케이엘모바일_부성정책_ 9월 25일_ 12차 정책,sk7,7GB,auto_candidate,100000,100000,needs_review,"wesce | we we acer/ene%) | 48400 | 19140 | 무제한 | 우 저 한 | soe | 768 | 1Mbps | 100.000 100,000 100,000"
2025-09-25 10:45:13,364,케이엘모바일_부성정책_ 9월 25일_ 12차 정책,skylife,7GB,auto_candidate,55000,55000,needs_review,"5068 SKY 모두 충분 768+( 밀 리 의 서재) | 17,900 무제한 무제한 300 분 768 009 55,000 55,000"
2025-09-25 10:45:13,364,케이엘모바일_부성정책_ 9월 25일_ 12차 정책,umobile,11GB,auto_candidate,70000,70000,needs_review,"이 동 의 즐거움 (- 패 스 (7166+ 통 화 기 본) | 34,900 무제한 무제한 | 300 분 | 11GB+22GB | 3Mbps 70,000 70,000"
2025-09-26 10:16:51,365,케이엘모바일_부성정책_ 9월 26일_ 13차 정책,hello,11GB,auto_candidate,30000,110000,needs_review,"The 착한 데이터 유심 1168 49390 | 540 | 3990 | ewe] eet] aooe | race | 일 268130665 | 30.000 | 110.000 | 30,000 | 110,000"
2025-09-26 10:16:51,365,케이엘모바일_부성정책_ 9월 26일_ 13차 정책,hello,7GB,auto_candidate,30000,110000,needs_review,"FEW 유심 768 45,100 | 24,200 | 20,900 30,000 | 110,000 | 30,000 110,000"
2025-09-26 10:16:51,365,케이엘모바일_부성정책_ 9월 26일_ 13차 정책,ktm,11GB,auto_candidate,120000,200000,needs_review,"2008 M 프리미엄 1168( 밀 리 의 서재) 45.900 | 34,000 무제한 무제한 300 분 | nieeestace 3Mbps 120,000 200,000 120,000 | 200,000"
2025-09-26 10:16:51,365,케이엘모바일_부성정책_ 9월 26일_ 13차 정책,ktm,7GB,auto_candidate,120000,190000,needs_review,"568 M 스페셜 768( 밀 리 의 서재) 31,000 | 17,900 무제한 무제한 300 분 708 ‘Mbps 120,000 190,000 120,000 190,000"
2025-09-26 10:16:51,365,케이엘모바일_부성정책_ 9월 26일_ 13차 정책,sk7,11GB,auto_candidate,100000,130000,needs_review,"결 합 2068 CMLink (11GB+) 54,560 | 41,200 | 무제한 | 무제한 | 3008 11GB | 82GB+3Mbps| 100,000 | 130,000"
2025-09-26 10:16:51,365,케이엘모바일_부성정책_ 9월 26일_ 13차 정책,sk7,7GB,auto_candidate,100000,100000,needs_review,"결 합 568 | LTE 알뜰 (768+/ 통 화 맘껏) | 48400 | 19,140 | 무제한 | 무제한 | 3008 | 708 1Mbps | 100,000 100,000 100,000"
2025-09-26 10:16:51,365,케이엘모바일_부성정책_ 9월 26일_ 13차 정책,skylife,7GB,auto_candidate,55000,55000,needs_review,"5068 SKY 모두 충분 768+( 밀 리 의 서재) | 17,900 무제한 무제한 300 분 768 009 55,000 55,000"
2025-09-26 10:16:51,365,케이엘모바일_부성정책_ 9월 26일_ 13차 정책,umobile,11GB,auto_candidate,70000,70000,needs_review,"이 동 의 즐거움 (- 패 스 (7166+ 통 화 기 본) | 34,900 무제한 무제한 | 300 분 | 11GB+22GB | 3Mbps 70,000 70,000"
2025-09-30 10:21:31,366,케이엘모바일_부성정책_ 9월 30일_ 14차 정책,hello,11GB,auto_candidate,30000,110000,needs_review,"The 착한 데이터 유심 1168 49390 | 540 | 3990 | ewe] eet] aooe | race | 일 268130665 | 30.000 | 110.000 | 30,000 | 110,000"
2025-09-30 10:21:31,366,케이엘모바일_부성정책_ 9월 30일_ 14차 정책,hello,7GB,auto_candidate,30000,110000,needs_review,"FEW 유심 768 45,100 | 24,200 | 20,900 30,000 | 110,000 | 30,000 110,000"
2025-09-30 10:21:31,366,케이엘모바일_부성정책_ 9월 30일_ 14차 정책,ktm,11GB,auto_candidate,130000,220000,needs_review,"2008 모 두 다 맘껏 1168+( 웨 이브 베이직) 51,000 36,600 무제한 무제한 300% | 1108+ 일 206| . 3Mbps 130,000 220,000 130,000 220,000"
2025-09-30 10:21:31,366,케이엘모바일_부성정책_ 9월 30일_ 14차 정책,ktm,7GB,auto_candidate,130000,210000,needs_review,"508 M 스페셜 768( 밀 리 의 서재) 31,000 17,900 무제한 무제한 300 분 708 ‘Mbps 130,000 210,000 130,000 210,000"
2025-09-30 10:21:31,366,케이엘모바일_부성정책_ 9월 30일_ 14차 정책,sk7,11GB,auto_candidate,100000,130000,needs_review,"결 합 2068 CMLink (11GB+) 54,560 | 41,200 | 무제한 | 무제한 | 3008 11GB | 82GB+3Mbps| 100,000 | 130,000"
2025-09-30 10:21:31,366,케이엘모바일_부성정책_ 9월 30일_ 14차 정책,sk7,7GB,auto_candidate,100000,100000,needs_review,"결 합 568 | LTE 알뜰 (768+/ 통 화 맘껏) | 48400 | 19,140 | 무제한 | 무제한 | 3008 | 708 1Mbps | 100,000 100,000 100,000"
2025-09-30 10:21:31,366,케이엘모바일_부성정책_ 9월 30일_ 14차 정책,skylife,7GB,auto_candidate,55000,55000,needs_review,"5068 SKY 모두 충분 768+( 밀 리 의 서재) | 17,900 무제한 무제한 300 분 768 009 55,000 55,000"
2025-09-30 10:21:31,366,케이엘모바일_부성정책_ 9월 30일_ 14차 정책,umobile,11GB,auto_candidate,70000,70000,needs_review,"이 동 의 즐거움 (- 패 스 (7166+ 통 화 기 본) | 34,900 무제한 무제한 | 300 분 | 11GB+22GB | 3Mbps 70,000 70,000"
2025-09-30 16:54:56,367,케이엘모바일_부성정책_ 9월 30일 16시30분~15차 정책,hello,11GB,auto_candidate,30000,110000,needs_review,"The 착한 데이터 유심 1168 49390 | 540 | 3990 | ewe] eet] aooe | race | 일 268130665 | 30.000 | 110.000 | 30,000 | 110,000"
2025-09-30 16:54:56,367,케이엘모바일_부성정책_ 9월 30일 16시30분~15차 정책,hello,7GB,auto_candidate,30000,110000,needs_review,"FEW 유심 768 45,100 | 24,200 | 20,900 30,000 | 110,000 | 30,000 110,000"
2025-09-30 16:54:56,367,케이엘모바일_부성정책_ 9월 30일 16시30분~15차 정책,ktm,11GB,auto_candidate,120000,200000,needs_review,"2006 | M 프리미엄 1168( 밀 리 의 서재) | 45,900 34,000 | 무제한 무제한 300 분 | 1100+ 밀 208 3Mbps 120,000 200,000 120,000 200,000"
2025-09-30 16:54:56,367,케이엘모바일_부성정책_ 9월 30일 16시30분~15차 정책,sk7,11GB,auto_candidate,100000,130000,needs_review,"결 합 2068 CMLink (11GB+) 54,560 | 41,200 | 무제한 | 무제한 | 3008 11GB | 82GB+3Mbps| 100,000 | 130,000"
2025-09-30 16:54:56,367,케이엘모바일_부성정책_ 9월 30일 16시30분~15차 정책,sk7,7GB,auto_candidate,100000,100000,needs_review,"결 합 568 | LTE 알뜰 (768+/ 통 화 맘껏) | 48400 | 19,140 | 무제한 | 무제한 | 3008 | 708 1Mbps | 100,000 100,000 100,000"
2025-09-30 16:54:56,367,케이엘모바일_부성정책_ 9월 30일 16시30분~15차 정책,skylife,11GB,manual_image_confirmed,75000,190000,manual_fixed,2025-09-30 15차 image: SKY 모두 충분 11GB+ 내국인 010신규/MNP
2025-09-30 16:54:56,367,케이엘모바일_부성정책_ 9월 30일 16시30분~15차 정책,skylife,7GB,manual_image_confirmed,65000,180000,manual_fixed,2025-09-30 15차 image: SKY 모두 충분 7GB+ 내국인 010신규/MNP
2025-09-30 16:54:56,367,케이엘모바일_부성정책_ 9월 30일 16시30분~15차 정책,umobile,11GB,auto_candidate,70000,70000,needs_review,"이 동 의 즐거움 (- 패 스 (7166+ 통 화 기 본) | 34,900 무제한 무제한 | 300 분 | 11GB+22GB | 3Mbps 70,000 70,000"
2025-10-01 11:30:51,368,케이엘모바일_부성정책_ 10월 1일_ 1차 정책,hello,11GB,auto_candidate,30000,120000,needs_review,"The 착한 데이터 유심 1168 49,390 | 15,400 | 3890 | ene | ene | soe | 11.06B| 22GB+3Mbps | 30,000 | 120,000 | 30,000 | 120,000"
2025-10-01 11:30:51,368,케이엘모바일_부성정책_ 10월 1일_ 1차 정책,hello,7GB,auto_candidate,30000,110000,needs_review,"ㅁ 4.7/ 걱 정 없는 유심 768 26.600 | 18,500 | 무제한 1Mbps 30,000 | 110,000 | 30,000 | 110,000"
2025-10-01 11:30:51,368,케이엘모바일_부성정책_ 10월 1일_ 1차 정책,ktm,11GB,auto_candidate,60000,120000,needs_review,"2008 M 프리미엄 1168( 지 니 뮤직) 45,900 36,900 무제한 무제한 300 분 | 1168+ 일 208|  3Mbps 60,000 120,000 * 캐 치 콜 60,000 | 120,000 * AAS"
2025-10-01 11:30:51,368,케이엘모바일_부성정책_ 10월 1일_ 1차 정책,ktm,7GB,auto_candidate,60000,110000,needs_review,"5GB M 스폐셜 768( 밀 리 의 서재) 31,000 17,900 무제한 무제한; 300 분 7068 ‘Mbps 60,000 110,000 *~ 60,000 | 110,000 *"
2025-10-01 11:30:51,368,케이엘모바일_부성정책_ 10월 1일_ 1차 정책,sk7,7GB,auto_candidate,80000,110000,needs_review,"결 합 566 LTE 알뜰 (768+/ 통 화 맘껏) 48.400 | 19,140 무제한 BAS ㅣ 3008 768 ‘Mbps 80,000 110,000 80,000 110,000 | 80,000  110,000 |"
2025-10-01 11:30:51,368,케이엘모바일_부성정책_ 10월 1일_ 1차 정책,skylife,7GB,auto_candidate,55000,80000,needs_review,"5GB 모 두 중 분 768+( 밀 리 의 서재) 16.200 무제한 무제한 300 분 708 1Mbps 55,000 80,000 55,000 80,000"
2025-10-01 11:30:51,368,케이엘모바일_부성정책_ 10월 1일_ 1차 정책,umobile,11GB,auto_candidate,60000,132000,needs_review,"LTE 스 페 셜 [ 약 정 형 ] 32,990 무제한 무 제 한 | 300% | 11GB+22GB | 3Mbps 60,000 132,000 60,000 132,000"
2025-10-01 11:30:51,368,케이엘모바일_부성정책_ 10월 1일_ 1차 정책,umobile,7GB,auto_candidate,60000,121000,needs_review,"LTE (768+/ 통 화 기 본 )[ 약 정형] 15,900 무제한 무 제 한 | 300 분 768 ‘Mbps 60,000 121,000 60,000 121,000"
2025-10-02 11:57:01,369,케이엘모바일_부성정책_ 10월 2일_ 2차 정책,hello,11GB,auto_candidate,30000,120000,needs_review,"쿠 폰 팩 유심 11GB 49,390 | 13,000 | 9390 | ene aa] se | 11GB 2GB+3Mbps 30,000 120,000 30,000 120,000"
2025-10-02 11:57:01,369,케이엘모바일_부성정책_ 10월 2일_ 2차 정책,hello,7GB,auto_candidate,30000,110000,needs_review,"DATA 걱 정 없는 유심 768 45,100 | 26,600 | 18,500 무제한 | 3008 ‘Mbps 30,000 110,000 30,000 110,000"
2025-10-02 11:57:01,369,케이엘모바일_부성정책_ 10월 2일_ 2차 정책,ktm,11GB,auto_candidate,80000,80000,needs_review,"2008 M 프리미엄 1168 44900 | 33,500 | - 무제한 무제한 200 분 | 1166+ 일 206| 3Mbps 80.000 80,000"
2025-10-02 11:57:01,369,케이엘모바일_부성정책_ 10월 2일_ 2차 정책,ktm,7GB,auto_candidate,80000,80000,needs_review,"568 M 스페셜 768 플러스 36000 | 17,400 ㅣ 무제한 무제한 300 분 | 168+668 | 7005 80.000 80.000"
2025-10-02 11:57:01,369,케이엘모바일_부성정책_ 10월 2일_ 2차 정책,sk7,7GB,auto_candidate,80000,110000,needs_review,"결 합 566 LTE 알뜰 (768+/ 통 화 맘껏) 48.400 | 19,140 무제한 BAS ㅣ 3008 768 ‘Mbps 80,000 110,000 80,000 110,000 | 80,000  110,000 |"
2025-10-02 11:57:01,369,케이엘모바일_부성정책_ 10월 2일_ 2차 정책,skylife,11GB,auto_candidate,65000,65000,needs_review,"20GB | SKY 모두 충분 1168+( 밀 리 의 서 재 ) 34,000 무제한 무제한 300 분 1168+ 일 268.  3Mbps 65,000 65,000"
2025-10-02 11:57:01,369,케이엘모바일_부성정책_ 10월 2일_ 2차 정책,umobile,11GB,auto_candidate,60000,132000,needs_review,"LTE 스 폐 셜 [ 약 정 형 ] 32,990 무제한 무 제 한 | 300 분 | 11GB+22GB | 314605 60,000 132,000 60,000 132,000"
2025-10-02 11:57:01,369,케이엘모바일_부성정책_ 10월 2일_ 2차 정책,umobile,7GB,auto_candidate,60000,121000,needs_review,"LTE (768+/ 통 화 기 본 )[ 약 정형] 15,900 무제한 무 제 한 | 300 분 768 Mbps 60,000 121,000 60,000 121,000"
2025-10-02 16:57:34,370,케이엘모바일_부성정책_ 10월 2일_ 2-1차 정책,hello,11GB,auto_candidate,30000,120000,needs_review,"쿠 폰 팩 유심 11GB 49,390 | 13,000 | 9390 | ene aa] se | 11GB 2GB+3Mbps 30,000 120,000 30,000 120,000"
2025-10-02 16:57:34,370,케이엘모바일_부성정책_ 10월 2일_ 2-1차 정책,hello,7GB,auto_candidate,30000,110000,needs_review,"DATA 걱 정 없는 유심 768 45,100 | 26,600 | 18,500 무제한 | 3008 ‘Mbps 30,000 110,000 30,000 110,000"
2025-10-02 16:57:34,370,케이엘모바일_부성정책_ 10월 2일_ 2-1차 정책,ktm,11GB,auto_candidate,80000,80000,needs_review,"2008 M 프리미엄 1168 44900 | 33,500 | - 무제한 무제한 200 분 | 1166+ 일 206| 3Mbps 80.000 80,000"
2025-10-02 16:57:34,370,케이엘모바일_부성정책_ 10월 2일_ 2-1차 정책,ktm,7GB,auto_candidate,80000,80000,needs_review,"568 M 스페셜 768 플러스 36000 | 17,400 ㅣ 무제한 무제한 300 분 | 168+668 | 7005 80.000 80.000"
2025-10-02 16:57:34,370,케이엘모바일_부성정책_ 10월 2일_ 2-1차 정책,sk7,11GB,auto_candidate,80000,120000,needs_review,"2068 (11GB+) 54.560 | 41,200 | ㅣ 분 ㅣ | 80,000  120.000"
2025-10-02 16:57:34,370,케이엘모바일_부성정책_ 10월 2일_ 2-1차 정책,sk7,7GB,auto_candidate,80000,110000,needs_review,"결 합 566 00406 (7GB+) 53,900 ㅣ 24,200 무제한 ： 무제한 ㅣ 3008 768 ‘Mbps. 80,000 110,000"
2025-10-02 16:57:34,370,케이엘모바일_부성정책_ 10월 2일_ 2-1차 정책,skylife,11GB,auto_candidate,65000,65000,needs_review,"20GB | SKY 모두 충분 1168+( 밀 리 의 서 재 ) 34,000 무제한 무제한 300 분 1168+ 일 268.  3Mbps 65,000 65,000"
2025-10-02 16:57:34,370,케이엘모바일_부성정책_ 10월 2일_ 2-1차 정책,umobile,11GB,auto_candidate,60000,132000,needs_review,"LTE 스 폐 셜 [ 약 정 형 ] 32,990 무제한 무 제 한 | 300 분 | 11GB+22GB | 314605 60,000 132,000 60,000 132,000"
2025-10-02 16:57:34,370,케이엘모바일_부성정책_ 10월 2일_ 2-1차 정책,umobile,7GB,auto_candidate,60000,121000,needs_review,"LTE (768+/ 통 화 기 본 )[ 약 정형] 15,900 무제한 무 제 한 | 300 분 768 Mbps 60,000 121,000 60,000 121,000"
2025-10-03 10:38:12,371,케이엘모바일_부성정책_ 10월 3일_ 3차 정책,hello,11GB,auto_candidate,30000,120000,needs_review,"The 착한 데이터 유심 11GB 49,390 [1540 | 3990 | eet) te | 300% | 11.068} @2GB+3Mbps | 30,000 120,000 | | 30,000 120,000 ||"
2025-10-03 10:38:12,371,케이엘모바일_부성정책_ 10월 3일_ 3차 정책,ktm,11GB,auto_candidate,80000,80000,needs_review,"2008 M 프리미엄 1168 44900 | 33,500 | - 무제한 무제한 200 분 | 1166+ 일 206| 3Mbps 80.000 80,000"
2025-10-03 10:38:12,371,케이엘모바일_부성정책_ 10월 3일_ 3차 정책,ktm,7GB,auto_candidate,80000,80000,needs_review,"568 M 스페셜 768 플러스 36000 | 17,400 ㅣ 무제한 무제한 300 분 | 168+668 | 7005 80.000 80.000"
2025-10-03 10:38:12,371,케이엘모바일_부성정책_ 10월 3일_ 3차 정책,sk7,11GB,auto_candidate,80000,120000,needs_review,"2068 (11GB+) 54.560 | 41,200 | ㅣ 분 ㅣ | 80,000  120.000"
2025-10-03 10:38:12,371,케이엘모바일_부성정책_ 10월 3일_ 3차 정책,sk7,7GB,auto_candidate,80000,110000,needs_review,"결 합 566 00406 (7GB+) 53,900 ㅣ 24,200 무제한 ： 무제한 ㅣ 3008 768 ‘Mbps. 80,000 110,000"
2025-10-03 10:38:12,371,케이엘모바일_부성정책_ 10월 3일_ 3차 정책,skylife,11GB,auto_candidate,65000,65000,needs_review,"20GB | SKY 모두 충분 1168+( 밀 리 의 서 재 ) 34,000 무제한 무제한 300 분 1168+ 일 268.  3Mbps 65,000 65,000"
2025-10-03 10:38:12,371,케이엘모바일_부성정책_ 10월 3일_ 3차 정책,umobile,7GB,auto_candidate,70000,110000,needs_review,"LTE (7686+/ 통 화 기 본) 18,600 무제한 무 제 한 | 300 분 768 Mbps | 70,000 110,000 70,000 110,000"
2025-10-10 10:17:36,372,케이엘모바일_부성정책_ 10월 10일_ 4차 정책,hello,11GB,auto_candidate,30000,120000,needs_review,"The 착한 데이터 유심 11GB 49,390 [1540 | 3990 | eet) te | 300% | 11.068} @2GB+3Mbps | 30,000 120,000 | | 30,000 120,000 ||"
2025-10-10 10:17:36,372,케이엘모바일_부성정책_ 10월 10일_ 4차 정책,ktm,11GB,auto_candidate,80000,80000,needs_review,"2008 M 프리미엄 1168 44900 | 33,500 | - 무제한 무제한 200 분 | 1166+ 일 206| 3Mbps 80.000 80,000"
2025-10-10 10:17:36,372,케이엘모바일_부성정책_ 10월 10일_ 4차 정책,ktm,7GB,auto_candidate,80000,80000,needs_review,"568 M 스페셜 768 플러스 36000 | 17,400 ㅣ 무제한 무제한 300 분 | 168+668 | 7005 80.000 80.000"
2025-10-10 10:17:36,372,케이엘모바일_부성정책_ 10월 10일_ 4차 정책,sk7,11GB,auto_candidate,80000,120000,needs_review,"결 합 2066 00406 (11681) 54.560 | 41,200 무제한 ㅣ 무제한 ㅣ 3008 1168 일 208+310605 80,000 ㅣ 120.000 |"
2025-10-10 10:17:36,372,케이엘모바일_부성정책_ 10월 10일_ 4차 정책,skylife,11GB,auto_candidate,65000,65000,needs_review,"20GB | SKY 모두 충분 1168+( 밀 리 의 서 재 ) 34,000 무제한 무제한 300 분 1168+ 일 268.  3Mbps 65,000 65,000"
2025-10-10 10:17:36,372,케이엘모바일_부성정책_ 10월 10일_ 4차 정책,umobile,7GB,auto_candidate,70000,110000,needs_review,"LTE (7686+/ 통 화 기 본) 18,600 무제한 무 제 한 | 300 분 768 Mbps | 70,000 110,000 70,000 110,000"
2025-10-15 10:06:29,373,케이엘모바일_부성정책_ 10월 15일_ 5차 정책,hello,11GB,auto_candidate,30000,120000,needs_review,"데이터 더 주는 유심 1166 49,390 | 12,400 | 36,990 | 무제한 | 무제한 ㅣ 300 분 | 11GB ‘22GB+3Mbps 30,000 120,000"
2025-10-15 10:06:29,373,케이엘모바일_부성정책_ 10월 15일_ 5차 정책,hello,7GB,auto_candidate,30000,110000,needs_review,"DATA 걱 정 없는 유심 768 무제한 | 무제한 | 300 분 | 768 Mbps. 30,000 110,000"
2025-10-15 10:06:29,373,케이엘모바일_부성정책_ 10월 15일_ 5차 정책,ktm,11GB,auto_candidate,80000,80000,needs_review,"2008 M 프리미엄 1168 44900 | 33,500 | - 무제한 무제한 200 분 | 1166+ 일 206| 3Mbps 80.000 80,000"
2025-10-15 10:06:29,373,케이엘모바일_부성정책_ 10월 15일_ 5차 정책,ktm,7GB,auto_candidate,80000,80000,needs_review,"568 M 스페셜 768 플러스 36000 | 17,400 ㅣ 무제한 무제한 300 분 | 168+668 | 7005 80.000 80.000"
2025-10-15 10:06:29,373,케이엘모바일_부성정책_ 10월 15일_ 5차 정책,sk7,11GB,auto_candidate,80000,120000,needs_review,"결 합 2066 00406 (11681) 54.560 | 41,200 무제한 ㅣ 무제한 ㅣ 3008 1168 일 208+310605 80,000 ㅣ 120.000 |"
2025-10-15 10:06:29,373,케이엘모바일_부성정책_ 10월 15일_ 5차 정책,skylife,11GB,auto_candidate,65000,90000,needs_review,"20GB 모 두 충분 1166+(04) | 33,000 무제한 무제한 300 분 11GB+22GB] 3Mbps 65,000 90,000 65,000 90,000"
2025-10-15 10:06:29,373,케이엘모바일_부성정책_ 10월 15일_ 5차 정책,umobile,7GB,auto_candidate,70000,110000,needs_review,"LTE (7686+/ 통 화 기 본) 18,600 무제한 무 제 한 | 300 분 768 Mbps | 70,000 110,000 70,000 110,000"
2025-10-18 10:22:01,374,케이엘모바일_부성정책_ 10월 18일_ 6차 정책,hello,11GB,auto_candidate,30000,120000,needs_review,"데이터 더 주는 유심 1166 49,390 | 12,400 | 36,990 | 무제한 | 무제한 ㅣ 300 분 | 11GB ‘22GB+3Mbps 30,000 120,000"
2025-10-18 10:22:01,374,케이엘모바일_부성정책_ 10월 18일_ 6차 정책,hello,7GB,auto_candidate,30000,110000,needs_review,"DATA 걱 정 없는 유심 768 무제한 | 무제한 | 300 분 | 768 Mbps. 30,000 110,000"
2025-10-18 10:22:01,374,케이엘모바일_부성정책_ 10월 18일_ 6차 정책,ktm,11GB,auto_candidate,80000,120000,needs_review,"모 두 다 맘껏 1166+( 멜 론 FREE) 무제한 300% - |1168+ 일 208| . 30665 80,000 120,000 | ke 80,000 120,000 | xxx"
2025-10-18 10:22:01,374,케이엘모바일_부성정책_ 10월 18일_ 6차 정책,ktm,7GB,auto_candidate,80000,110000,needs_review,"5668 버 스페셜 768( 지 니 뮤직) 31000 | 20,300 무제한 무제한 300 분 768 1Mbps 80,000 110,000 | kk Pao 80,000 110,000 | xxx el"
2025-10-18 10:22:01,374,케이엘모바일_부성정책_ 10월 18일_ 6차 정책,sk7,11GB,auto_candidate,80000,120000,needs_review,"결 합 2066 00406 (11681) 54.560 | 41,200 무제한 ㅣ 무제한 ㅣ 3008 1168 일 208+310605 80,000 ㅣ 120.000 |"
2025-10-18 10:22:01,374,케이엘모바일_부성정책_ 10월 18일_ 6차 정책,skylife,11GB,auto_candidate,65000,90000,needs_review,"20GB 모 두 충분 1166+(04) | 33,000 무제한 무제한 300 분 11GB+22GB] 3Mbps 65,000 90,000 65,000 90,000"
2025-10-18 10:22:01,374,케이엘모바일_부성정책_ 10월 18일_ 6차 정책,umobile,7GB,auto_candidate,70000,110000,needs_review,"LTE (7686+/ 통 화 기 본) 18,600 무제한 무 제 한 | 300 분 768 Mbps | 70,000 110,000 70,000 110,000"
2025-10-18 18:27:43,375,케이엘모바일_부성정책_ 10월 18일부터_ 6차 추가 정책,hello,11GB,auto_candidate,30000,120000,needs_review,"데이터 더 주는 유심 1166 49,390 | 12,400 | 36,990 | 무제한 | 무제한 ㅣ 300 분 | 11GB ‘22GB+3Mbps 30,000 120,000"
2025-10-18 18:27:43,375,케이엘모바일_부성정책_ 10월 18일부터_ 6차 추가 정책,hello,7GB,auto_candidate,30000,110000,needs_review,"DATA 걱 정 없는 유심 768 무제한 | 무제한 | 300 분 | 768 Mbps. 30,000 110,000"
2025-10-18 18:27:43,375,케이엘모바일_부성정책_ 10월 18일부터_ 6차 추가 정책,ktm,11GB,auto_candidate,80000,120000,needs_review,"모 두 다 맘껏 1166+( 멜 론 FREE) 무제한 300% - |1168+ 일 208| . 30665 80,000 120,000 | ke 80,000 120,000 | xxx"
2025-10-18 18:27:43,375,케이엘모바일_부성정책_ 10월 18일부터_ 6차 추가 정책,ktm,7GB,auto_candidate,80000,110000,needs_review,"5668 버 스페셜 768( 지 니 뮤직) 31000 | 20,300 무제한 무제한 300 분 768 1Mbps 80,000 110,000 | kk Pao 80,000 110,000 | xxx el"
2025-10-18 18:27:43,375,케이엘모바일_부성정책_ 10월 18일부터_ 6차 추가 정책,sk7,7GB,auto_candidate,80000,80000,needs_review,"결 합 566 LTE 알뜰 (768+/ 통 화 맘껏) 48,400 | 19,140 무제한 ㅣ 무제한 | 3008 768 Mbps 80,000 80,000 80,000"
2025-10-18 18:27:43,375,케이엘모바일_부성정책_ 10월 18일부터_ 6차 추가 정책,skylife,11GB,auto_candidate,65000,90000,needs_review,"20GB 모 두 충분 1166+(04) | 33,000 무제한 무제한 300 분 11GB+22GB] 3Mbps 65,000 90,000 65,000 90,000"
2025-10-18 18:27:43,375,케이엘모바일_부성정책_ 10월 18일부터_ 6차 추가 정책,umobile,7GB,auto_candidate,70000,70000,needs_review,"5068 이 동 의 즐거움 - 패 스 (768+ 통 화 기 본) 18,600 무제한 무제한 | 300 분 768 Mbps 70,000 70,000"
2025-10-21 10:24:18,376,케이엘모바일_부성정책_ 10월 21일부터_ 7차 정책,hello,11GB,auto_candidate,30000,120000,needs_review,"데이터 더 주는 유심 1168 49,390 36,990 3008 | 1168 | 일 208+34605 | 30,000 120,000 |_| 22000 | 120,000 ||"
2025-10-21 10:24:18,376,케이엘모바일_부성정책_ 10월 21일부터_ 7차 정책,ktm,11GB,auto_candidate,80000,140000,needs_review,"20GB 프리미엄 1168(04 20 할 인) 51,000 34,000 무제한 무제한 300 분 | 1168+ 밀 208| 31605 80.000 140.000 80,000 140,000 ||"
2025-10-21 10:24:18,376,케이엘모바일_부성정책_ 10월 21일부터_ 7차 정책,ktm,7GB,auto_candidate,80000,110000,needs_review,"5668 M 스페셜 768( 지 니 뮤직) 31,000 20,300 | 무제한 무제한 300% 768 16605 80,000 | 110,000 MNP 80,000 110,000 MNP"
2025-10-21 10:24:18,376,케이엘모바일_부성정책_ 10월 21일부터_ 7차 정책,sk7,11GB,auto_candidate,80000,120000,needs_review,"결 합 2068 ㅣ LTE 알뜰 (1168+/ 통 화 맘껏) ㅣ 49.060 ㅣ 36,140 무제한 . 무제한 ㅣ 300 분 | 1168 | Q2GB+3Mbps 80,000 | 120,000 80.000 | 120,000 80,000 | 120,000"
2025-10-21 10:24:18,376,케이엘모바일_부성정책_ 10월 21일부터_ 7차 정책,sk7,7GB,auto_candidate,80000,110000,needs_review,"결 합 568 | LTE 알뜰 (768+/ 통 화 맘껏) 48.400 ㅣ 19,140 무제한 ： 무제한 ㅣ 300 분 | 768 ‘Mbps 80,000 | 110,000 80,000 | 110,000 80,000 | 110,000"
2025-10-21 10:24:18,376,케이엘모바일_부성정책_ 10월 21일부터_ 7차 정책,skylife,11GB,auto_candidate,65000,90000,needs_review,"모 두 충분 1168+( 밀 리 의 서재) 33,100 무제한 무제한 300 분 1168+ 일 208 31605 65,000 90,000 65,000 90,000"
2025-10-21 10:24:18,376,케이엘모바일_부성정책_ 10월 21일부터_ 7차 정책,skylife,7GB,auto_candidate,55000,80000,needs_review,"모 두 충분 768+( 밀 리 의 서재) 16,200 무제한 무제한 300 분 7068 ‘Mbps 55,000 80,000 55,000 80,000"
2025-10-21 10:24:18,376,케이엘모바일_부성정책_ 10월 21일부터_ 7차 정책,umobile,7GB,auto_candidate,70000,70000,needs_review,"5068 이 동 의 즐거움 - 패 스 (768+ 통 화 기 본) 18,600 무제한 무제한 | 300 분 768 Mbps 70,000 70,000"
2025-10-21 15:21:23,377,케이엘모바일_부성정책_ 10월 21일부터_ 7차 정책(수정),hello,11GB,auto_candidate,30000,120000,needs_review,"데이터 더 주는 유심 1168 49,390 | 12,400 | 36,990 | 무제한 | 무제한 | 300 분 | 11GB 일 268+314665 30,000 120,000"
2025-10-21 15:21:23,377,케이엘모바일_부성정책_ 10월 21일부터_ 7차 정책(수정),hello,7GB,auto_candidate,30000,110000,needs_review,"DATA 걱 정 없는 유심 766 45,100 | 26,600 | 18,500 | 무제한 | 무제한 ｜ 300 분 | 768 ‘Mbps 30,000 110,000"
2025-10-21 15:21:23,377,케이엘모바일_부성정책_ 10월 21일부터_ 7차 정책(수정),ktm,11GB,auto_candidate,80000,140000,needs_review,"20GB 프리미엄 1168(04 20 할 인) 51,000 34,000 무제한 무제한 300 분 | 1168+ 밀 208| 31605 80.000 140.000 80,000 140,000 ||"
2025-10-21 15:21:23,377,케이엘모바일_부성정책_ 10월 21일부터_ 7차 정책(수정),ktm,7GB,auto_candidate,80000,110000,needs_review,"5668 M 스페셜 768( 지 니 뮤직) 31,000 20,300 | 무제한 무제한 300% 768 16605 80,000 | 110,000 MNP 80,000 110,000 MNP"
2025-10-21 15:21:23,377,케이엘모바일_부성정책_ 10월 21일부터_ 7차 정책(수정),sk7,11GB,auto_candidate,80000,120000,needs_review,"결 합 2068 ㅣ LTE 알뜰 (1168+/ 통 화 맘껏) ㅣ 49.060 ㅣ 36,140 무제한 . 무제한 ㅣ 300 분 | 1168 | Q2GB+3Mbps 80,000 | 120,000 80.000 | 120,000 80,000 | 120,000"
2025-10-21 15:21:23,377,케이엘모바일_부성정책_ 10월 21일부터_ 7차 정책(수정),sk7,7GB,auto_candidate,80000,110000,needs_review,"결 합 568 | LTE 알뜰 (768+/ 통 화 맘껏) 48.400 ㅣ 19,140 무제한 ： 무제한 ㅣ 300 분 | 768 ‘Mbps 80,000 | 110,000 80,000 | 110,000 80,000 | 110,000"
2025-10-21 15:21:23,377,케이엘모바일_부성정책_ 10월 21일부터_ 7차 정책(수정),skylife,11GB,auto_candidate,65000,90000,needs_review,"모 두 충분 1168+( 밀 리 의 서재) 33,100 무제한 무제한 300 분 1168+ 일 208 31605 65,000 90,000 65,000 90,000"
2025-10-21 15:21:23,377,케이엘모바일_부성정책_ 10월 21일부터_ 7차 정책(수정),skylife,7GB,auto_candidate,55000,80000,needs_review,"모 두 충분 768+( 밀 리 의 서재) 16,200 무제한 무제한 300 분 7068 ‘Mbps 55,000 80,000 55,000 80,000"
2025-10-21 15:21:23,377,케이엘모바일_부성정책_ 10월 21일부터_ 7차 정책(수정),umobile,11GB,auto_candidate,70000,70000,needs_review,"| | 이 동 의 즐거움 (- 패 스 (7168+ 통 화 기 본) 34,900 무제한 무 제 한 | 300 분 | 11GB+ 22GB 3Mbps 70,000 70,000"
2025-10-21 15:21:23,377,케이엘모바일_부성정책_ 10월 21일부터_ 7차 정책(수정),umobile,7GB,auto_candidate,70000,70000,needs_review,"| = | LTE (768+/ 통 화 기 본) 18,600 무제한 무 제 한 | 300 분 | 7GB Mbps 70,000 70,000"
2025-10-22 10:08:10,378,케이엘모바일_부성정책_ 10월 22일_ 8차 정책,hello,11GB,auto_candidate,30000,120000,needs_review,"데이터 더 주는 유심 1168 49,390 | 12,400 | 36,990 | 무제한 | 무제한 | 300 분 | 11GB 일 268+314665 30,000 120,000"
2025-10-22 10:08:10,378,케이엘모바일_부성정책_ 10월 22일_ 8차 정책,hello,7GB,auto_candidate,30000,110000,needs_review,"DATA 걱 정 없는 유심 766 45,100 | 26,600 | 18,500 | 무제한 | 무제한 ｜ 300 분 | 768 ‘Mbps 30,000 110,000"
2025-10-22 10:08:10,378,케이엘모바일_부성정책_ 10월 22일_ 8차 정책,ktm,11GB,auto_candidate,80000,120000,needs_review,"20GB 모 두 다 맘껏 1168+( 웨 이브 베이직) 51,000 36,600 무제한 무제한 300 분 11GB+22GB| 30605 80,000 | 120,000 tok 80,000 120,000 OR"
2025-10-22 10:08:10,378,케이엘모바일_부성정책_ 10월 22일_ 8차 정책,sk7,7GB,auto_candidate,80000,80000,needs_review,"결 합 5668 LTE 알뜰 (768+/ 통 화 맘껏) 48,400 | 19,140 무제한 | 무제한 | 3008 768 ‘Mbps 80,000 80,000"
2025-10-22 10:08:10,378,케이엘모바일_부성정책_ 10월 22일_ 8차 정책,skylife,11GB,auto_candidate,65000,90000,needs_review,"모 두 충분 1168+( 밀 리 의 서재) 33,100 무제한 무제한 300 분 1168+ 일 208 31605 65,000 90,000 65,000 90,000"
2025-10-22 10:08:10,378,케이엘모바일_부성정책_ 10월 22일_ 8차 정책,skylife,7GB,auto_candidate,55000,80000,needs_review,"모 두 충분 768+( 밀 리 의 서재) 16,200 무제한 무제한 300 분 7068 ‘Mbps 55,000 80,000 55,000 80,000"
2025-10-22 10:08:10,378,케이엘모바일_부성정책_ 10월 22일_ 8차 정책,umobile,11GB,auto_candidate,70000,70000,needs_review,"| | 이 동 의 즐거움 (- 패 스 (7168+ 통 화 기 본) 34,900 무제한 무 제 한 | 300 분 | 11GB+ 22GB 3Mbps 70,000 70,000"
2025-10-22 10:08:10,378,케이엘모바일_부성정책_ 10월 22일_ 8차 정책,umobile,7GB,auto_candidate,70000,70000,needs_review,"| = | LTE (768+/ 통 화 기 본) 18,600 무제한 무 제 한 | 300 분 | 7GB Mbps 70,000 70,000"
2025-10-24 12:29:37,379,케이엘모바일_부성정책_ 10월 24일_ 9차 정책,hello,11GB,auto_candidate,30000,120000,needs_review,"쿠 폰 팩 유심 1168 49,390 10 | aa | aac 무제한 일 268+34605 | 30,000 120,000 | | 30,000 120,000 |"
2025-10-24 12:29:37,379,케이엘모바일_부성정책_ 10월 24일_ 9차 정책,hello,7GB,auto_candidate,30000,110000,needs_review,"데이터 더 주는 유심 766 45,100 | 23,600 | 21,500 | 무제한 | 무제한 | 300 분 | 768 ‘Mbps 30,000 110,000 30,000 110,000 ||"
2025-10-24 12:29:37,379,케이엘모바일_부성정책_ 10월 24일_ 9차 정책,ktm,11GB,auto_candidate,60000,120000,needs_review,"2008 M 프리미엄 1168( 밀 리 의 서재) 45900 | 34000 | ems | sme | 300% | 700+ 일 208| | 34005 60,000 120,000 60,000 120,000"
2025-10-24 12:29:37,379,케이엘모바일_부성정책_ 10월 24일_ 9차 정책,sk7,11GB,auto_candidate,80000,120000,needs_review,"결 합 2006 CMLink (11GB+) 54,560 | 41,200 무제한 | 무제한 | 300 ㅣ 1168 | 22GB+3Mbps| 80,000 | 120,000"
2025-10-24 12:29:37,379,케이엘모바일_부성정책_ 10월 24일_ 9차 정책,skylife,11GB,auto_candidate,65000,90000,needs_review,"모 두 충분 1168+( 밀 리 의 서재) 33,100 무제한 무제한 300 분 1168+ 일 208 31605 65,000 90,000 65,000 90,000"
2025-10-24 12:29:37,379,케이엘모바일_부성정책_ 10월 24일_ 9차 정책,skylife,7GB,auto_candidate,55000,80000,needs_review,"모 두 충분 768+( 밀 리 의 서재) 16,200 무제한 무제한 300 분 7068 ‘Mbps 55,000 80,000 55,000 80,000"
2025-10-24 12:29:37,379,케이엘모바일_부성정책_ 10월 24일_ 9차 정책,umobile,11GB,auto_candidate,55000,121000,needs_review,"2068 이 동 의 즐거움 (- 패 스 (7168+ 통 화 기 본) 34,900 무제한 무제한 ㅣ 300 분 | 1168+ 일 268 3Mbps 55,000 121,000 55,000 121,000"
2025-10-30 10:01:50,380,케이엘모바일_부성정책_ 10월 30일_ 10차 정책,hello,11GB,auto_candidate,30000,120000,needs_review,"쿠 폰 팩 유심 1168 49,390 10 | aa | aac 무제한 일 268+34605 | 30,000 120,000 | | 30,000 120,000 |"
2025-10-30 10:01:50,380,케이엘모바일_부성정책_ 10월 30일_ 10차 정책,hello,7GB,auto_candidate,30000,110000,needs_review,"데이터 더 주는 유심 766 45,100 | 23,600 | 21,500 | 무제한 | 무제한 | 300 분 | 768 ‘Mbps 30,000 110,000 30,000 110,000 ||"
2025-10-30 10:01:50,380,케이엘모바일_부성정책_ 10월 30일_ 10차 정책,ktm,11GB,auto_candidate,60000,120000,needs_review,"2008 M 프리미엄 1168( 밀 리 의 서재) 45900 | 34000 | ems | sme | 300% | 700+ 일 208| | 34005 60,000 120,000 60,000 120,000"
2025-10-30 10:01:50,380,케이엘모바일_부성정책_ 10월 30일_ 10차 정책,sk7,11GB,manual_image_confirmed,80000,100000,manual_fixed,2025-10-30 10차 image: LTE 알뜰 11GB+ 내국인 010신규/MNP
2025-10-30 10:01:50,380,케이엘모바일_부성정책_ 10월 30일_ 10차 정책,sk7,7GB,manual_image_confirmed,80000,90000,manual_fixed,2025-10-30 10차 image: LTE 알뜰 7GB+ 내국인 010신규/MNP
2025-10-30 10:01:50,380,케이엘모바일_부성정책_ 10월 30일_ 10차 정책,skylife,11GB,auto_candidate,65000,90000,needs_review,"모 두 충분 1168+( 밀 리 의 서재) 33,100 무제한 무제한 300 분 1168+ 일 208 31605 65,000 90,000 65,000 90,000"
2025-10-30 10:01:50,380,케이엘모바일_부성정책_ 10월 30일_ 10차 정책,skylife,7GB,auto_candidate,55000,80000,needs_review,"모 두 충분 768+( 밀 리 의 서재) 16,200 무제한 무제한 300 분 7068 ‘Mbps 55,000 80,000 55,000 80,000"
2025-10-30 10:01:50,380,케이엘모바일_부성정책_ 10월 30일_ 10차 정책,umobile,11GB,auto_candidate,55000,121000,needs_review,"2068 이 동 의 즐거움 (- 패 스 (7168+ 통 화 기 본) 34,900 무제한 무제한 ㅣ 300 분 | 1168+ 일 268 3Mbps 55,000 121,000 55,000 121,000"
2025-11-01 11:44:47,381,케이엘모바일_부성정책_ 11월 1일_ 1차 정책,hello,11GB,auto_candidate,30000,120000,needs_review,"The 착한 데이터 유심 11GB 29390 | 15400 | 33990 | set | 무지한 | soe | 1005 | 일 268+314609 30,000 120,000 30,000 120,000"
2025-11-01 11:44:47,381,케이엘모바일_부성정책_ 11월 1일_ 1차 정책,ktm,7GB,auto_candidate,60000,110000,needs_review,"5GB M 스페셜 760( 밀 리 의 서재) 31,000 | 17,900 무제한 무제한 300 분 768 ‘Mbps. 60,000 110,000 60,000 110,000"
2025-11-01 11:44:47,381,케이엘모바일_부성정책_ 11월 1일_ 1차 정책,sk7,11GB,auto_candidate,80000,120000,needs_review,"결 합 1068 글로벌 100 (11GB 41,640 무제한 무제한 300 분 1168 3Mbps 80,000 120,000 80,000 120,000 80,000 120,000"
2025-11-01 11:44:47,381,케이엘모바일_부성정책_ 11월 1일_ 1차 정책,skylife,11GB,auto_candidate,65000,120000,needs_review,"| 2008 SKY 모두 SH 11GB+(CuU) 34,000 무제한 무제한 300 분 |1168+ 일 208| 3Mbps 65,000 120,000 65,000 120,000"
2025-11-01 11:44:47,381,케이엘모바일_부성정책_ 11월 1일_ 1차 정책,skylife,7GB,auto_candidate,55000,90000,needs_review,"5GB(4! 7} 모두 충분 768+( 모 아진) 16,200 무제한 무제한 300 분 768 Mbps. 55,000 90,000 55,000 90,000"
2025-11-01 11:44:47,381,케이엘모바일_부성정책_ 11월 1일_ 1차 정책,umobile,11GB,auto_candidate,55000,121000,needs_review,"2008 LTE 스폐셜 34,900 무제한 무 제 한 | 300 분 | 11GB+ 22GB 3Mbps 55,000 121,000 55,000 121,000"
2025-11-01 11:44:47,381,케이엘모바일_부성정책_ 11월 1일_ 1차 정책,umobile,7GB,auto_candidate,55000,110000,needs_review,"568 LTE (768+/ 통 화 기 본) 18.600 무제한 무 제 한 | 300 분 7068 1Mbps 55,000 110,000 55,000 110,000"
2025-11-03 13:37:32,382,케이엘모바일_부성정책_ 11월 3일_ 2차 정책,hello,11GB,auto_candidate,30000,120000,needs_review,"The 착한 데이터 유심 11GB 29390 | 15400 | 33990 | set | 무지한 | soe | 1005 | 일 268+314609 30,000 120,000 30,000 120,000"
2025-11-03 13:37:32,382,케이엘모바일_부성정책_ 11월 3일_ 2차 정책,ktm,7GB,auto_candidate,60000,110000,needs_review,"5GB M 스페셜 760( 밀 리 의 서재) 31,000 | 17,900 무제한 무제한 300 분 768 ‘Mbps. 60,000 110,000 60,000 110,000"
2025-11-03 13:37:32,382,케이엘모바일_부성정책_ 11월 3일_ 2차 정책,sk7,11GB,auto_candidate,80000,120000,needs_review,"결 합 1068 | 글로벌 300 (1168+/ 통 화 맘껏) 46,040 무제한 | 무제한 | 300% | 1108 3Mbps | 80,000 | 120,000 | 80,000 | 120,000 | 80,000 | 120,000"
2025-11-03 13:37:32,382,케이엘모바일_부성정책_ 11월 3일_ 2차 정책,sk7,7GB,auto_candidate,80000,110000,needs_review,"결 합 1066 ㅣ 글로벌 300 (768+/ 통 화 맘껏) 29,040 무제한 | 무제한 | 3008 7GB ‘Mbps. 80,000 | 110,000 | 80,000 | 110,000 | 80,000 | 110,000"
2025-11-03 13:37:32,382,케이엘모바일_부성정책_ 11월 3일_ 2차 정책,skylife,7GB,auto_candidate,55000,90000,needs_review,"| 5GB | 모 두 충 분 768+( 밀 리 의 서재) 16.200 무제한 무제한 300 분 7068 Mbps 55,000 90,000 55,000 90,000"
2025-11-03 13:37:32,382,케이엘모바일_부성정책_ 11월 3일_ 2차 정책,umobile,11GB,auto_candidate,55000,121000,needs_review,"2008 LTE 스폐셜 34,900 무제한 무 제 한 | 300 분 | 11GB+ 22GB 3Mbps 55,000 121,000 55,000 121,000"
2025-11-03 13:37:32,382,케이엘모바일_부성정책_ 11월 3일_ 2차 정책,umobile,7GB,auto_candidate,55000,110000,needs_review,"568 LTE (768+/ 통 화 기 본) 18.600 무제한 무 제 한 | 300 분 7068 1Mbps 55,000 110,000 55,000 110,000"
2025-11-11 11:31:13,386,케이엘모바일_부성정책_ 11월 11일_ 3차 정책,hello,11GB,auto_candidate,30000,120000,needs_review,"The 착한 데이터 유심 11GB 29390 | 15400 | 33990 | set | 무지한 | soe | 1005 | 일 268+314609 30,000 120,000 30,000 120,000"
2025-11-11 11:31:13,386,케이엘모바일_부성정책_ 11월 11일_ 3차 정책,ktm,7GB,auto_candidate,60000,110000,needs_review,"5GB M 스페셜 760( 밀 리 의 서재) 31,000 | 17,900 무제한 무제한 300 분 768 ‘Mbps. 60,000 110,000 60,000 110,000"
2025-11-11 11:31:13,386,케이엘모바일_부성정책_ 11월 11일_ 3차 정책,sk7,11GB,auto_candidate,80000,120000,needs_review,"결 합 1068 | 글로벌 300 (1168+/ 통 화 맘껏) 46,040 무제한 | 무제한 | 300% | 1108 3Mbps | 80,000 | 120,000 | 80,000 | 120,000 | 80,000 | 120,000"
2025-11-11 11:31:13,386,케이엘모바일_부성정책_ 11월 11일_ 3차 정책,sk7,7GB,auto_candidate,80000,110000,needs_review,"결 합 1066 ㅣ 글로벌 300 (768+/ 통 화 맘껏) 29,040 무제한 | 무제한 | 3008 7GB ‘Mbps. 80,000 | 110,000 | 80,000 | 110,000 | 80,000 | 110,000"
2025-11-11 11:31:13,386,케이엘모바일_부성정책_ 11월 11일_ 3차 정책,skylife,11GB,auto_candidate,65000,120000,needs_review,"2008 Sky 모두 중 분 1168+( 모 아진) 34.000 ㅣ 무제한 무제한 | 300% . 1168+ 일 208 34605 | 65,000 120.000 65000 ㅣ 120,000"
2025-11-11 11:31:13,386,케이엘모바일_부성정책_ 11월 11일_ 3차 정책,umobile,11GB,auto_candidate,55000,121000,needs_review,"2008 LTE 스폐셜 34,900 무제한 무 제 한 | 300 분 | 11GB+ 22GB 3Mbps 55,000 121,000 55,000 121,000"
2025-11-11 11:31:13,386,케이엘모바일_부성정책_ 11월 11일_ 3차 정책,umobile,7GB,auto_candidate,55000,110000,needs_review,"568 LTE (768+/ 통 화 기 본) 18.600 무제한 무 제 한 | 300 분 7068 1Mbps 55,000 110,000 55,000 110,000"
2025-11-12 12:13:06,387,케이엘모바일_부성정책_ 11월 12일_ 4차 정책,hello,11GB,auto_candidate,30000,110000,needs_review,"The 착한 데이터 유심 11GB 49,390 | 15,400 | 33,990 | 무제한 | 무제한 | 300 분 | 11.068 212GB+3Mbps 30,000 | 110,000 | 30.000 | 110,000"
2025-11-12 12:13:06,387,케이엘모바일_부성정책_ 11월 12일_ 4차 정책,hello,7GB,auto_candidate,30000,100000,needs_review,"DATA 걱 정 없는 유심 768 45,100 | 26600 | 18.500 | 무제한 | 무제한 | 300 분 | 708 ‘Mbps 30,000 | 100,000 | 30.000 | 100,000"
2025-11-12 12:13:06,387,케이엘모바일_부성정책_ 11월 12일_ 4차 정책,ktm,7GB,auto_candidate,60000,110000,needs_review,"5GB M 스페셜 760( 밀 리 의 서재) 31,000 | 17,900 무제한 무제한 300 분 768 ‘Mbps. 60,000 110,000 60,000 110,000"
2025-11-12 12:13:06,387,케이엘모바일_부성정책_ 11월 12일_ 4차 정책,sk7,11GB,auto_candidate,80000,120000,needs_review,"결 합 1068 | 글로벌 300 (1168+/ 통 화 맘껏) 46,040 무제한 | 무제한 | 300% | 1108 3Mbps | 80,000 | 120,000 | 80,000 | 120,000 | 80,000 | 120,000"
2025-11-12 12:13:06,387,케이엘모바일_부성정책_ 11월 12일_ 4차 정책,sk7,7GB,auto_candidate,80000,110000,needs_review,"결 합 1066 ㅣ 글로벌 300 (768+/ 통 화 맘껏) 29,040 무제한 | 무제한 | 3008 7GB ‘Mbps. 80,000 | 110,000 | 80,000 | 110,000 | 80,000 | 110,000"
2025-11-12 12:13:06,387,케이엘모바일_부성정책_ 11월 12일_ 4차 정책,skylife,11GB,auto_candidate,65000,120000,needs_review,"2008 Sky 모두 중 분 1168+( 모 아진) 34.000 ㅣ 무제한 무제한 | 300% . 1168+ 일 208 34605 | 65,000 120.000 65000 ㅣ 120,000"
2025-11-12 12:13:06,387,케이엘모바일_부성정책_ 11월 12일_ 4차 정책,umobile,11GB,auto_candidate,55000,121000,needs_review,"2008 LTE 스폐셜 34,900 무제한 무 제 한 | 300 분 | 11GB+ 22GB 3Mbps 55,000 121,000 55,000 121,000"
2025-11-12 12:13:06,387,케이엘모바일_부성정책_ 11월 12일_ 4차 정책,umobile,7GB,auto_candidate,55000,110000,needs_review,"568 LTE (768+/ 통 화 기 본) 18.600 무제한 무 제 한 | 300 분 7068 1Mbps 55,000 110,000 55,000 110,000"
2025-11-19 10:06:12,388,케이엘모바일_부성정책_ 11월 19일_ 5차 정책,hello,11GB,auto_candidate,30000,110000,needs_review,"The 착한 데이터 유심 11GB 49,390 | 15,400 | 33,990 | 무제한 | 무제한 | 300 분 | 11.068 212GB+3Mbps 30,000 | 110,000 | 30.000 | 110,000"
2025-11-19 10:06:12,388,케이엘모바일_부성정책_ 11월 19일_ 5차 정책,hello,7GB,auto_candidate,30000,100000,needs_review,"DATA 걱 정 없는 유심 768 45,100 | 26600 | 18.500 | 무제한 | 무제한 | 300 분 | 708 ‘Mbps 30,000 | 100,000 | 30.000 | 100,000"
2025-11-19 10:06:12,388,케이엘모바일_부성정책_ 11월 19일_ 5차 정책,ktm,7GB,auto_candidate,60000,110000,needs_review,"5GB M 스페셜 760( 밀 리 의 서재) 31,000 | 17,900 무제한 무제한 300 분 768 ‘Mbps. 60,000 110,000 60,000 110,000"
2025-11-19 10:06:12,388,케이엘모바일_부성정책_ 11월 19일_ 5차 정책,sk7,11GB,auto_candidate,80000,120000,needs_review,"결 합 1068 | 글로벌 300 (1168+/ 통 화 맘껏) 46,040 무제한 | 무제한 | 300% | 1108 3Mbps | 80,000 | 120,000 | 80,000 | 120,000 | 80,000 | 120,000"
2025-11-19 10:06:12,388,케이엘모바일_부성정책_ 11월 19일_ 5차 정책,sk7,7GB,auto_candidate,80000,110000,needs_review,"결 합 1066 ㅣ 글로벌 300 (768+/ 통 화 맘껏) 29,040 무제한 | 무제한 | 3008 7GB ‘Mbps. 80,000 | 110,000 | 80,000 | 110,000 | 80,000 | 110,000"
2025-11-19 10:06:12,388,케이엘모바일_부성정책_ 11월 19일_ 5차 정책,skylife,11GB,auto_candidate,65000,100000,needs_review,"20GB 모 두 충분 1168+( 밀 리 의 서재) 33,100 무제한 무제한 300 분  11680+ 일 20 이 3Mbps 65,000 100,000 65,000 100,000"
2025-11-19 10:06:12,388,케이엘모바일_부성정책_ 11월 19일_ 5차 정책,skylife,7GB,auto_candidate,55000,90000,needs_review,"5GB 모 두 중 분 768+( 밀 리 의 서재) 16.200 무제한 무제한 300 분 768 ‘1Mbps 55,000 90,000 55,000 90,000"
2025-11-19 10:06:12,388,케이엘모바일_부성정책_ 11월 19일_ 5차 정책,umobile,11GB,auto_candidate,55000,121000,needs_review,"2008 LTE 스폐셜 34,900 무제한 무 제 한 | 300 분 | 11GB+ 22GB 3Mbps 55,000 121,000 55,000 121,000"
2025-11-19 10:06:12,388,케이엘모바일_부성정책_ 11월 19일_ 5차 정책,umobile,7GB,auto_candidate,55000,110000,needs_review,"568 LTE (768+/ 통 화 기 본) 18.600 무제한 무 제 한 | 300 분 7068 1Mbps 55,000 110,000 55,000 110,000"
2025-11-20 09:56:27,389,케이엘모바일_부성정책_ 11월 20일_ 6차 정책,hello,11GB,auto_candidate,30000,110000,needs_review,"The 착한 데이터 유심 11GB 49,390 | 15,400 | 33,990 | 무제한 | 무제한 | 300 분 | 11.068 212GB+3Mbps 30,000 | 110,000 | 30.000 | 110,000"
2025-11-20 09:56:27,389,케이엘모바일_부성정책_ 11월 20일_ 6차 정책,hello,7GB,auto_candidate,30000,100000,needs_review,"DATA 걱 정 없는 유심 768 45,100 | 26600 | 18.500 | 무제한 | 무제한 | 300 분 | 708 ‘Mbps 30,000 | 100,000 | 30.000 | 100,000"
2025-11-20 09:56:27,389,케이엘모바일_부성정책_ 11월 20일_ 6차 정책,ktm,7GB,auto_candidate,60000,110000,needs_review,"5GB M 스페셜 760( 밀 리 의 서재) 31,000 | 17,900 무제한 무제한 300 분 768 ‘Mbps. 60,000 110,000 60,000 110,000"
2025-11-20 09:56:27,389,케이엘모바일_부성정책_ 11월 20일_ 6차 정책,sk7,11GB,auto_candidate,80000,120000,needs_review,"결 합 1068 | 글로벌 300 (1168+/ 통 화 맘껏) 46,040 무제한 | 무제한 | 300% | 1108 3Mbps | 80,000 | 120,000 | 80,000 | 120,000 | 80,000 | 120,000"
2025-11-20 09:56:27,389,케이엘모바일_부성정책_ 11월 20일_ 6차 정책,sk7,7GB,auto_candidate,80000,110000,needs_review,"결 합 1066 ㅣ 글로벌 300 (768+/ 통 화 맘껏) 29,040 무제한 | 무제한 | 3008 7GB ‘Mbps. 80,000 | 110,000 | 80,000 | 110,000 | 80,000 | 110,000"
2025-11-20 09:56:27,389,케이엘모바일_부성정책_ 11월 20일_ 6차 정책,skylife,11GB,auto_candidate,65000,100000,needs_review,"20GB 모 두 충분 1168+( 밀 리 의 서재) 33,100 무제한 무제한 300 분  11680+ 일 20 이 3Mbps 65,000 100,000 65,000 100,000"
2025-11-20 09:56:27,389,케이엘모바일_부성정책_ 11월 20일_ 6차 정책,skylife,7GB,auto_candidate,55000,90000,needs_review,"5GB 모 두 중 분 768+( 밀 리 의 서재) 16.200 무제한 무제한 300 분 768 ‘1Mbps 55,000 90,000 55,000 90,000"
2025-11-20 09:56:27,389,케이엘모바일_부성정책_ 11월 20일_ 6차 정책,umobile,11GB,auto_candidate,55000,121000,needs_review,"2008 LTE 스폐셜 34,900 무제한 무 제 한 | 300 분 | 11GB+ 22GB 3Mbps 55,000 121,000 55,000 121,000"
2025-11-20 09:56:27,389,케이엘모바일_부성정책_ 11월 20일_ 6차 정책,umobile,7GB,auto_candidate,55000,110000,needs_review,"568 LTE (768+/ 통 화 기 본) 18.600 무제한 무 제 한 | 300 분 7068 1Mbps 55,000 110,000 55,000 110,000"
2025-11-25 10:16:55,390,케이엘모바일_부성정책_ 11월 25일_ 7차 정책,hello,11GB,auto_candidate,30000,110000,needs_review,"The 착한 데이터 유심 11GB 49,390 | 15,400 | 33,990 | 무제한 | 무제한 | 300 분 | 11.068 212GB+3Mbps 30,000 | 110,000 | 30.000 | 110,000"
2025-11-25 10:16:55,390,케이엘모바일_부성정책_ 11월 25일_ 7차 정책,hello,7GB,auto_candidate,30000,100000,needs_review,"DATA 걱 정 없는 유심 768 45,100 | 26600 | 18.500 | 무제한 | 무제한 | 300 분 | 708 ‘Mbps 30,000 | 100,000 | 30.000 | 100,000"
2025-11-25 10:16:55,390,케이엘모바일_부성정책_ 11월 25일_ 7차 정책,ktm,7GB,auto_candidate,60000,110000,needs_review,"5GB M 스페셜 760( 밀 리 의 서재) 31,000 | 17,900 무제한 무제한 300 분 768 ‘Mbps. 60,000 110,000 60,000 110,000"
2025-11-25 10:16:55,390,케이엘모바일_부성정책_ 11월 25일_ 7차 정책,sk7,11GB,auto_candidate,120000,120000,needs_review,"결 합 1068｜ 글로벌 300 (1168+/ 통 화 맘껏) 46,040 무제한 | 무제한 | 300% | 1168 3Mbps 120,000 120,000 120,000"
2025-11-25 10:16:55,390,케이엘모바일_부성정책_ 11월 25일_ 7차 정책,sk7,7GB,auto_candidate,110000,110000,needs_review,"결 합 1066｜ . 글로벌 300 (768+/ 통 화 맘껏) 29,040 7 만 폰 제 공 무제한 | 무제한 | 3008 768 ‘Mbps. 110,000 110,000 110,000"
2025-11-25 10:16:55,390,케이엘모바일_부성정책_ 11월 25일_ 7차 정책,skylife,11GB,auto_candidate,65000,100000,needs_review,"20GB 모 두 충분 1168+( 밀 리 의 서재) 33,100 무제한 무제한 300 분  11680+ 일 20 이 3Mbps 65,000 100,000 65,000 100,000"
2025-11-25 10:16:55,390,케이엘모바일_부성정책_ 11월 25일_ 7차 정책,skylife,7GB,auto_candidate,55000,90000,needs_review,"5GB 모 두 중 분 768+( 밀 리 의 서재) 16.200 무제한 무제한 300 분 768 ‘1Mbps 55,000 90,000 55,000 90,000"
2025-11-25 10:16:55,390,케이엘모바일_부성정책_ 11월 25일_ 7차 정책,umobile,11GB,auto_candidate,55000,121000,needs_review,"2008 LTE 스폐셜 34,900 무제한 무 제 한 | 300 분 | 11GB+ 22GB 3Mbps 55,000 121,000 55,000 121,000"
2025-11-25 10:16:55,390,케이엘모바일_부성정책_ 11월 25일_ 7차 정책,umobile,7GB,auto_candidate,55000,110000,needs_review,"568 LTE (768+/ 통 화 기 본) 18.600 무제한 무 제 한 | 300 분 7068 1Mbps 55,000 110,000 55,000 110,000"
2025-11-27 10:38:34,391,케이엘모바일_부성정책_ 11월 27일_ 8차 정책,hello,11GB,auto_candidate,30000,110000,needs_review,"The 착한 데이터 유심 11GB 49,390 | 15,400 | 33,990 | 무제한 | 무제한 | 300 분 | 11.068 212GB+3Mbps 30,000 | 110,000 | 30.000 | 110,000"
2025-11-27 10:38:34,391,케이엘모바일_부성정책_ 11월 27일_ 8차 정책,hello,7GB,auto_candidate,30000,100000,needs_review,"DATA 걱 정 없는 유심 768 45,100 | 26600 | 18.500 | 무제한 | 무제한 | 300 분 | 708 ‘Mbps 30,000 | 100,000 | 30.000 | 100,000"
2025-11-27 10:38:34,391,케이엘모바일_부성정책_ 11월 27일_ 8차 정책,ktm,7GB,auto_candidate,60000,110000,needs_review,"5GB M 스페셜 760( 밀 리 의 서재) 31,000 | 17,900 무제한 무제한 300 분 768 ‘Mbps. 60,000 110,000 60,000 110,000"
2025-11-27 10:38:34,391,케이엘모바일_부성정책_ 11월 27일_ 8차 정책,sk7,11GB,auto_candidate,120000,120000,needs_review,"결 합 1068｜ 글로벌 300 (1168+/ 통 화 맘껏) 46,040 무제한 | 무제한 | 300% | 1168 3Mbps 120,000 120,000 120,000"
2025-11-27 10:38:34,391,케이엘모바일_부성정책_ 11월 27일_ 8차 정책,sk7,7GB,auto_candidate,110000,110000,needs_review,"결 합 1066｜ . 글로벌 300 (768+/ 통 화 맘껏) 29,040 7 만 폰 제 공 무제한 | 무제한 | 3008 768 ‘Mbps. 110,000 110,000 110,000"
2025-11-27 10:38:34,391,케이엘모바일_부성정책_ 11월 27일_ 8차 정책,skylife,11GB,auto_candidate,65000,100000,needs_review,"20GB 모 두 충분 1168+( 밀 리 의 서재) 33,100 무제한 무제한 300 분  11680+ 일 20 이 3Mbps 65,000 100,000 65,000 100,000"
2025-11-27 10:38:34,391,케이엘모바일_부성정책_ 11월 27일_ 8차 정책,skylife,7GB,auto_candidate,55000,90000,needs_review,"5GB 모 두 중 분 768+( 밀 리 의 서재) 16.200 무제한 무제한 300 분 768 ‘1Mbps 55,000 90,000 55,000 90,000"
2025-11-27 10:38:34,391,케이엘모바일_부성정책_ 11월 27일_ 8차 정책,umobile,11GB,auto_candidate,55000,121000,needs_review,"2008 LTE 스폐셜 34,900 무제한 무 제 한 | 300 분 | 11GB+ 22GB 3Mbps 55,000 121,000 55,000 121,000"
2025-11-27 10:38:34,391,케이엘모바일_부성정책_ 11월 27일_ 8차 정책,umobile,7GB,auto_candidate,55000,110000,needs_review,"568 LTE (768+/ 통 화 기 본) 18.600 무제한 무 제 한 | 300 분 7068 1Mbps 55,000 110,000 55,000 110,000"
2025-12-01 09:54:30,392,케이엘모바일_부성정책_ 12월 1일_ 1차 정책,hello,11GB,auto_candidate,30000,110000,needs_review,"FEW 유심 1168 49,390 | 13,000 | 36,390 | 무제한 | 무제한 | 300 분 11GB 일 208+314605 30,000 110,000 30,000 110,000"
2025-12-01 09:54:30,392,케이엘모바일_부성정책_ 12월 1일_ 1차 정책,ktm,11GB,auto_candidate,60000,120000,needs_review,"2008 M 프리미엄 1168( 지 니 뮤직) 45.900 | 36,900 무제한 무제한 300% . |1168+ 일 208| . aMbps 60,000 120,000 | 60,000 120,000"
2025-12-01 09:54:30,392,케이엘모바일_부성정책_ 12월 1일_ 1차 정책,ktm,7GB,auto_candidate,60000,110000,needs_review,"568 M 스페셜 768( 지 니 뮤직) 31,000 | 20,300 무제한 무제한 300 분 768 ‘Mbps 60,000 110,000 | 60,000 110,000"
2025-12-01 09:54:30,392,케이엘모바일_부성정책_ 12월 1일_ 1차 정책,sk7,11GB,auto_candidate,80000,120000,needs_review,"결 합 1068｜ 글로벌 300 (1168+/ 통 화 맘껏) 46,040 무제한 | 무제한 | 3008 | 1168 3Mbps | 80,000 | 120,000 | 80,000 | 120,000 | 80,000 | 120,000"
2025-12-01 09:54:30,392,케이엘모바일_부성정책_ 12월 1일_ 1차 정책,sk7,7GB,auto_candidate,80000,110000,needs_review,"결 합 1068 | B24 300 (768+/ 통 화 맘껏) 29.040 무제한 | 무제한 | 300 분 | 708 1Mbps | 80,000 | 110,000 | 80,000 | 110,000 | 80,000 | 110,000"
2025-12-01 09:54:30,392,케이엘모바일_부성정책_ 12월 1일_ 1차 정책,skylife,7GB,auto_candidate,55000,90000,needs_review,"| 5GB 모 두 중 분 768+( 밀 리 의 서재) 16.200 무제한 무제한 ㅣ 300 분 7068 10665 |  55.000 90,000 55,000 90,000"
2025-12-01 09:54:30,392,케이엘모바일_부성정책_ 12월 1일_ 1차 정책,umobile,11GB,auto_candidate,55000,121000,needs_review,"| | 이 동 의 즐거움 (- 패 스 (7168+ 통 화 기 본) 34,900 | 무제한 무제한 1168+ 일 268 | 3Mbps 55,000 121,000 55,000 121,000"
2025-12-01 09:54:30,392,케이엘모바일_부성정책_ 12월 1일_ 1차 정책,umobile,7GB,auto_candidate,55000,110000,needs_review,"| = | LTE (768+/ 통 화 기 본) 18,600 | 무제한 무제한 ‘1Mbps 55,000 110,000 55,000 110,000"
2025-12-03 10:28:55,393,케이엘모바일_부성정책_ 12월 3일_ 2차 정책,hello,11GB,auto_candidate,30000,110000,needs_review,"데이터 더 주는 유심 1168 49,390 | 12,400 | 36,990 | 무제한 ㅣ 무제한 | 300% 11GB 일 268+314605 30,000 110,000 30,000 110,000"
2025-12-03 10:28:55,393,케이엘모바일_부성정책_ 12월 3일_ 2차 정책,hello,7GB,auto_candidate,30000,100000,needs_review,"DATA 걱 정 없는 유심 768 45,100 | 26,600 | 18,500 | 무제한 | 무제한 | 300 분 768 ‘Mbps 30,000 100,000 30,000 100,000"
2025-12-03 10:28:55,393,케이엘모바일_부성정책_ 12월 3일_ 2차 정책,ktm,11GB,auto_candidate,60000,120000,needs_review,"2008 M 프리미엄 1168( 지 니 뮤직) 45.900 | 36,900 무제한 무제한 300% . |1168+ 일 208| . aMbps 60,000 120,000 | 60,000 120,000"
2025-12-03 10:28:55,393,케이엘모바일_부성정책_ 12월 3일_ 2차 정책,ktm,7GB,auto_candidate,60000,110000,needs_review,"568 M 스페셜 768( 지 니 뮤직) 31,000 | 20,300 무제한 무제한 300 분 768 ‘Mbps 60,000 110,000 | 60,000 110,000"
2025-12-03 10:28:55,393,케이엘모바일_부성정책_ 12월 3일_ 2차 정책,sk7,11GB,auto_candidate,120000,120000,needs_review,"국제 | 38100 글로벌 100 (1168+/ 통 화 맘껏) 80,000 120,000 120,000 | 80,000 120,000 면제"
2025-12-03 10:28:55,393,케이엘모바일_부성정책_ 12월 3일_ 2차 정책,sk7,7GB,auto_candidate,80000,110000,needs_review,"Atocs | ㅣ 글로벌 100 (766+/ 통 화 맘껏) 24.640 무제한 | 무제한 | 300 분 768 80,000 | 110,000 | 80,000 | 110,000 | 80,000 | 110,000"
2025-12-03 10:28:55,393,케이엘모바일_부성정책_ 12월 3일_ 2차 정책,skylife,7GB,auto_candidate,55000,90000,needs_review,"| 5GB 모 두 중 분 768+( 밀 리 의 서재) 16.200 무제한 무제한 ㅣ 300 분 7068 10665 |  55.000 90,000 55,000 90,000"
2025-12-03 10:28:55,393,케이엘모바일_부성정책_ 12월 3일_ 2차 정책,umobile,11GB,auto_candidate,55000,121000,needs_review,"| | 이 동 의 즐거움 (- 패 스 (7168+ 통 화 기 본) 34,900 | 무제한 무제한 1168+ 일 268 | 3Mbps 55,000 121,000 55,000 121,000"
2025-12-03 10:28:55,393,케이엘모바일_부성정책_ 12월 3일_ 2차 정책,umobile,7GB,auto_candidate,55000,110000,needs_review,"| = | LTE (768+/ 통 화 기 본) 18,600 | 무제한 무제한 ‘1Mbps 55,000 110,000 55,000 110,000"
2025-12-04 13:54:36,395,케이엘모바일_부성정책_ 12월 4일_ 3차 정책,hello,11GB,auto_candidate,30000,110000,needs_review,"데이터 더 주는 유심 1168 49,390 | 12,400 | 36,990 | 무제한 ㅣ 무제한 | 300% 11GB 일 268+314605 30,000 110,000 30,000 110,000"
2025-12-04 13:54:36,395,케이엘모바일_부성정책_ 12월 4일_ 3차 정책,hello,7GB,auto_candidate,30000,100000,needs_review,"DATA 걱 정 없는 유심 768 45,100 | 26,600 | 18,500 | 무제한 | 무제한 | 300 분 768 ‘Mbps 30,000 100,000 30,000 100,000"
2025-12-04 13:54:36,395,케이엘모바일_부성정책_ 12월 4일_ 3차 정책,ktm,11GB,auto_candidate,60000,120000,needs_review,"2008 M 프리미엄 1168( 지 니 뮤직) 45.900 | 36,900 무제한 무제한 300% . |1168+ 일 208| . aMbps 60,000 120,000 | 60,000 120,000"
2025-12-04 13:54:36,395,케이엘모바일_부성정책_ 12월 4일_ 3차 정책,ktm,7GB,auto_candidate,60000,110000,needs_review,"568 M 스페셜 768( 지 니 뮤직) 31,000 | 20,300 무제한 무제한 300 분 768 ‘Mbps 60,000 110,000 | 60,000 110,000"
2025-12-04 13:54:36,395,케이엘모바일_부성정책_ 12월 4일_ 3차 정책,sk7,11GB,auto_candidate,120000,120000,needs_review,"국제 | 38100 글로벌 100 (1168+/ 통 화 맘껏) 80,000 120,000 120,000 | 80,000 120,000 면제"
2025-12-04 13:54:36,395,케이엘모바일_부성정책_ 12월 4일_ 3차 정책,sk7,7GB,auto_candidate,80000,110000,needs_review,"Atocs | ㅣ 글로벌 100 (766+/ 통 화 맘껏) 24.640 무제한 | 무제한 | 300 분 768 80,000 | 110,000 | 80,000 | 110,000 | 80,000 | 110,000"
2025-12-04 13:54:36,395,케이엘모바일_부성정책_ 12월 4일_ 3차 정책,skylife,7GB,auto_candidate,55000,90000,needs_review,"| 5GB 모 두 중 분 768+( 밀 리 의 서재) 16.200 무제한 무제한 ㅣ 300 분 7068 10665 |  55.000 90,000 55,000 90,000"
2025-12-04 13:54:36,395,케이엘모바일_부성정책_ 12월 4일_ 3차 정책,umobile,11GB,auto_candidate,55000,121000,needs_review,"| | 이 동 의 즐거움 (- 패 스 (7168+ 통 화 기 본) 34,900 | 무제한 무제한 1168+ 일 268 | 3Mbps 55,000 121,000 55,000 121,000"
2025-12-04 13:54:36,395,케이엘모바일_부성정책_ 12월 4일_ 3차 정책,umobile,7GB,auto_candidate,55000,110000,needs_review,"| = | LTE (768+/ 통 화 기 본) 18,600 | 무제한 무제한 ‘1Mbps 55,000 110,000 55,000 110,000"
2025-12-05 10:41:52,396,케이엘모바일_부성정책_ 12월 5일_ 4차 정책,hello,11GB,auto_candidate,30000,110000,needs_review,"The 착한 데이터 유심 1168 49390 | 15400 | 33.990 | 무제한 sea | 3008 | 11.068 | 2126B+3Mbps | 30,000 110,000 x 30,000 110,000 *"
2025-12-05 10:41:52,396,케이엘모바일_부성정책_ 12월 5일_ 4차 정책,ktm,7GB,auto_candidate,70000,70000,needs_review,"566 M 스페셜 768( 지 니 뮤직) 31,000 20,300 무제한 무제한; 300 분 768 Mbps 70,000 70,000"
2025-12-05 10:41:52,396,케이엘모바일_부성정책_ 12월 5일_ 4차 정책,sk7,11GB,auto_candidate,80000,120000,needs_review,"결 합 2068 LTE 알뜰 (1168+/ 통 화 맘껏) 49,060 | 36,140 무제한 | 무제한 | 300% 11GB | @2GB+3Mbps| 80,000 | 120,000 hk 80,000 | 120,000 kok | 80,000 | 120,000 kok"
2025-12-05 10:41:52,396,케이엘모바일_부성정책_ 12월 5일_ 4차 정책,skylife,7GB,auto_candidate,55000,90000,needs_review,"| 5GB 모 두 중 분 768+( 밀 리 의 서재) 16.200 무제한 무제한 ㅣ 300 분 7068 10665 |  55.000 90,000 55,000 90,000"
2025-12-05 10:41:52,396,케이엘모바일_부성정책_ 12월 5일_ 4차 정책,umobile,11GB,auto_candidate,55000,121000,needs_review,"| = | 이 동 의 즐거움 - 패 스 (7166+ 통 화 기 본) 34,900, 무제한 무제한 300 분 1168+ 일 268 3Mbps 55,000 121,000 1 55,000 121,000 okt"
2025-12-05 10:41:52,396,케이엘모바일_부성정책_ 12월 5일_ 4차 정책,umobile,7GB,auto_candidate,55000,110000,needs_review,"| = | 이 동 의 즐거움 (<- 패 스 (768+ 통 화 기 본) 18,600 무제한 무제한 300% 768 Mbps 55,000 110,000 kak 55,000 110,000 ok I"
2025-12-10 10:38:42,397,케이엘모바일_부성정책_ 12월 10일_ 5차 정책,hello,11GB,auto_candidate,30000,110000,needs_review,"The 착한 데이터 유심 1168 49390 | 15400 | 33.990 | 무제한 sea | 3008 | 11.068 | 2126B+3Mbps | 30,000 110,000 x 30,000 110,000 *"
2025-12-10 10:38:42,397,케이엘모바일_부성정책_ 12월 10일_ 5차 정책,ktm,11GB,manual_image_confirmed,70000,110000,manual_fixed,2025-12-10 image: M 프리미엄 11GB 내국인 010신규/번호이동 직접 판독
2025-12-10 10:38:42,397,케이엘모바일_부성정책_ 12월 10일_ 5차 정책,ktm,7GB,manual_image_confirmed,70000,100000,manual_fixed,2025-12-10 image: M 스페셜 7GB 플러스 내국인 010신규/번호이동 직접 판독
2025-12-10 10:38:42,397,케이엘모바일_부성정책_ 12월 10일_ 5차 정책,sk7,11GB,auto_candidate,80000,120000,needs_review,"결 합 2068 LTE 알뜰 (1168+/ 통 화 맘껏) 49,060 | 36,140 무제한 | 무제한 | 300% 11GB | @2GB+3Mbps| 80,000 | 120,000 hk 80,000 | 120,000 kok | 80,000 | 120,000 kok"
2025-12-10 10:38:42,397,케이엘모바일_부성정책_ 12월 10일_ 5차 정책,skylife,7GB,auto_candidate,55000,90000,needs_review,"| 5GB 모 두 중 분 768+( 밀 리 의 서재) 16.200 무제한 무제한 ㅣ 300 분 7068 10665 |  55.000 90,000 55,000 90,000"
2025-12-10 10:38:42,397,케이엘모바일_부성정책_ 12월 10일_ 5차 정책,umobile,7GB,auto_candidate,55000,110000,needs_review,"| 규 줄 시 무제한 무제한 | 300 분 1768 ‘Mbps 55,000 110,000 * 110,000"
2025-12-13 10:19:21,398,케이엘모바일_부성정책_ 12월 13일_ 6차 정책,hello,11GB,auto_candidate,30000,110000,needs_review,"The 착한 데이터 유심 1168 49390 | 15400 | 33.990 | 무제한 sea | 3008 | 11.068 | 2126B+3Mbps | 30,000 110,000 x 30,000 110,000 *"
2025-12-13 10:19:21,398,케이엘모바일_부성정책_ 12월 13일_ 6차 정책,ktm,11GB,manual_image_confirmed,70000,110000,manual_fixed,2025-12-10 image: M 프리미엄 11GB 내국인 010신규/번호이동 직접 판독
2025-12-13 10:19:21,398,케이엘모바일_부성정책_ 12월 13일_ 6차 정책,ktm,7GB,manual_image_confirmed,70000,100000,manual_fixed,2025-12-10 image: M 스페셜 7GB 플러스 내국인 010신규/번호이동 직접 판독
2025-12-13 10:19:21,398,케이엘모바일_부성정책_ 12월 13일_ 6차 정책,sk7,11GB,auto_candidate,80000,120000,needs_review,"결 합 2068 LTE 알뜰 (1168+/ 통 화 맘껏) 49,060 | 36,140 무제한 | 무제한 | 300% 11GB | @2GB+3Mbps| 80,000 | 120,000 hk 80,000 | 120,000 kok | 80,000 | 120,000 kok"
2025-12-13 10:19:21,398,케이엘모바일_부성정책_ 12월 13일_ 6차 정책,skylife,7GB,auto_candidate,55000,90000,needs_review,"| 5GB 모 두 중 분 768+( 밀 리 의 서재) 16.200 무제한 무제한 ㅣ 300 분 7068 10665 |  55.000 90,000 55,000 90,000"
2025-12-13 10:19:21,398,케이엘모바일_부성정책_ 12월 13일_ 6차 정책,umobile,11GB,auto_candidate,55000,121000,needs_review,"2008 Le 스페셜 34.900 무제한 무제한 | 300 분 1168+ 일 208 314605 55.000 121,000 * 55,000 121,000 *"
2025-12-13 10:19:21,398,케이엘모바일_부성정책_ 12월 13일_ 6차 정책,umobile,7GB,auto_candidate,55000,110000,needs_review,"508 LTE (766+/ 통 화 기 본) 18,600 무제한 무제한 | 300 분 768 ‘Mbps 55,000 110,000 * 55,000 110,000 *"
2025-12-16 10:14:59,399,케이엘모바일_부성정책_ 12월 16일_ 7차 정책,hello,11GB,auto_candidate,30000,110000,needs_review,"The 착한 데이터 유심 11GB 49390 | 15400 | 33.990 | 무제한 | 무제한 | 300 분 | 11066 |  g2ce+3Mbps | 30,000 110,000 30,000 110,000 *"
2025-12-16 10:14:59,399,케이엘모바일_부성정책_ 12월 16일_ 7차 정책,hello,7GB,auto_candidate,30000,100000,needs_review,"DATA 걱 정 없는 유심 768 45,100 | 26600 | 18,500 | 무제한 | 무제한 | 300 분 | 708 ‘Mbps 30,000 100,000 * 30,000 100,000 *"
2025-12-16 10:14:59,399,케이엘모바일_부성정책_ 12월 16일_ 7차 정책,ktm,11GB,manual_image_confirmed,70000,110000,manual_fixed,2025-12-10 image: M 프리미엄 11GB 내국인 010신규/번호이동 직접 판독
2025-12-16 10:14:59,399,케이엘모바일_부성정책_ 12월 16일_ 7차 정책,ktm,7GB,manual_image_confirmed,70000,100000,manual_fixed,2025-12-10 image: M 스페셜 7GB 플러스 내국인 010신규/번호이동 직접 판독
2025-12-16 10:14:59,399,케이엘모바일_부성정책_ 12월 16일_ 7차 정책,sk7,11GB,auto_candidate,80000,120000,needs_review,"결 합 2068 LTE 알뜰 (1168+/ 통 화 맘껏) 49,060 | 36,140 무제한 | 무제한 | 300% 11GB | @2GB+3Mbps| 80,000 | 120,000 hk 80,000 | 120,000 kok | 80,000 | 120,000 kok"
2025-12-16 10:14:59,399,케이엘모바일_부성정책_ 12월 16일_ 7차 정책,skylife,7GB,auto_candidate,55000,90000,needs_review,"| 5GB 모 두 중 분 768+( 밀 리 의 서재) 16.200 무제한 무제한 ㅣ 300 분 7068 10665 |  55.000 90,000 55,000 90,000"
2025-12-16 10:14:59,399,케이엘모바일_부성정책_ 12월 16일_ 7차 정책,umobile,11GB,auto_candidate,55000,121000,needs_review,"2008 Le 스페셜 34.900 무제한 무제한 | 300 분 1168+ 일 208 314605 55.000 121,000 * 55,000 121,000 *"
2025-12-16 10:14:59,399,케이엘모바일_부성정책_ 12월 16일_ 7차 정책,umobile,7GB,auto_candidate,55000,110000,needs_review,"508 LTE (766+/ 통 화 기 본) 18,600 무제한 무제한 | 300 분 768 ‘Mbps 55,000 110,000 * 55,000 110,000 *"
2025-12-17 10:59:14,400,케이엘모바일_부성정책_ 12월 17일_ 8차 정책,hello,11GB,auto_candidate,30000,110000,needs_review,"The 착한 데이터 유심 11GB 49390 | 15400 | 33.990 | 무제한 | 무제한 | 300 분 | 11066 |  g2ce+3Mbps | 30,000 110,000 30,000 110,000 *"
2025-12-17 10:59:14,400,케이엘모바일_부성정책_ 12월 17일_ 8차 정책,hello,7GB,auto_candidate,30000,100000,needs_review,"DATA 걱 정 없는 유심 768 45,100 | 26600 | 18,500 | 무제한 | 무제한 | 300 분 | 708 ‘Mbps 30,000 100,000 * 30,000 100,000 *"
2025-12-17 10:59:14,400,케이엘모바일_부성정책_ 12월 17일_ 8차 정책,ktm,11GB,manual_image_confirmed,70000,110000,manual_fixed,2025-12-10 image: M 프리미엄 11GB 내국인 010신규/번호이동 직접 판독
2025-12-17 10:59:14,400,케이엘모바일_부성정책_ 12월 17일_ 8차 정책,ktm,7GB,manual_image_confirmed,70000,100000,manual_fixed,2025-12-10 image: M 스페셜 7GB 플러스 내국인 010신규/번호이동 직접 판독
2025-12-17 10:59:14,400,케이엘모바일_부성정책_ 12월 17일_ 8차 정책,sk7,11GB,auto_candidate,80000,120000,needs_review,"결 합 2068 LTE 알뜰 (1168+/ 통 화 맘껏) 49,060 | 36,140 무제한 | 무제한 | 300% 11GB | @2GB+3Mbps| 80,000 | 120,000 hk 80,000 | 120,000 kok | 80,000 | 120,000 kok"
2025-12-17 10:59:14,400,케이엘모바일_부성정책_ 12월 17일_ 8차 정책,skylife,7GB,auto_candidate,55000,90000,needs_review,"| 5GB 모 두 중 분 768+( 밀 리 의 서재) 16.200 무제한 무제한 ㅣ 300 분 7068 10665 |  55.000 90,000 55,000 90,000"
2025-12-17 10:59:14,400,케이엘모바일_부성정책_ 12월 17일_ 8차 정책,umobile,11GB,auto_candidate,55000,55000,needs_review,"2068 106 스페셜 34.900 무제한 무제한 | 300% | 1168+ 일 268 | 3Mbps | 55,000 55,000"
2025-12-17 10:59:14,400,케이엘모바일_부성정책_ 12월 17일_ 8차 정책,umobile,7GB,auto_candidate,55000,55000,needs_review,"이 동 의 즐거움 <- 패 스 (768+ 통 화 기 본) 18,600 무제한 무제한 ㅣ 300 분 768 Mbps | 55,000 55,000"
2025-12-18 09:56:00,401,케이엘모바일_부성정책_ 12월 18일_ 9차 정책,hello,11GB,auto_candidate,30000,110000,needs_review,"The 착한 데이터 유심 11GB 49390 | 15400 | 33.990 | 무제한 | 무제한 | 300 분 | 11066 |  g2ce+3Mbps | 30,000 110,000 30,000 110,000 *"
2025-12-18 09:56:00,401,케이엘모바일_부성정책_ 12월 18일_ 9차 정책,hello,7GB,auto_candidate,30000,100000,needs_review,"DATA 걱 정 없는 유심 768 45,100 | 26600 | 18,500 | 무제한 | 무제한 | 300 분 | 708 ‘Mbps 30,000 100,000 * 30,000 100,000 *"
2025-12-18 09:56:00,401,케이엘모바일_부성정책_ 12월 18일_ 9차 정책,ktm,11GB,manual_image_confirmed,70000,110000,manual_fixed,2025-12-10 image: M 프리미엄 11GB 내국인 010신규/번호이동 직접 판독
2025-12-18 09:56:00,401,케이엘모바일_부성정책_ 12월 18일_ 9차 정책,ktm,7GB,manual_image_confirmed,70000,100000,manual_fixed,2025-12-10 image: M 스페셜 7GB 플러스 내국인 010신규/번호이동 직접 판독
2025-12-18 09:56:00,401,케이엘모바일_부성정책_ 12월 18일_ 9차 정책,sk7,11GB,auto_candidate,80000,120000,needs_review,"결 함 2008 00406 (11GB+) 54.560 | 41,200 무제한 | 무제한 | 300% 1166 | 일 268+314609 80,000 | 120,000"
2025-12-18 09:56:00,401,케이엘모바일_부성정책_ 12월 18일_ 9차 정책,sk7,7GB,auto_candidate,80000,110000,needs_review,"결 함 1068 ㅣ 글로벌 300 (768+/ 통 화 맘껏) 29,040 einen 무제한 | 무제한 | 300% | 708 1Mbps | 80,000 | 110,000 80,000 | 110,000 80,000 | 110,000"
2025-12-18 09:56:00,401,케이엘모바일_부성정책_ 12월 18일_ 9차 정책,skylife,7GB,auto_candidate,55000,90000,needs_review,"| 5GB 모 두 중 분 768+( 밀 리 의 서재) 16.200 무제한 무제한 ㅣ 300 분 7068 10665 |  55.000 90,000 55,000 90,000"
2025-12-18 09:56:00,401,케이엘모바일_부성정책_ 12월 18일_ 9차 정책,umobile,11GB,auto_candidate,55000,55000,needs_review,"2068 106 스페셜 34.900 무제한 무제한 | 300% | 1168+ 일 268 | 3Mbps | 55,000 55,000"
2025-12-18 09:56:00,401,케이엘모바일_부성정책_ 12월 18일_ 9차 정책,umobile,7GB,auto_candidate,55000,55000,needs_review,"이 동 의 즐거움 <- 패 스 (768+ 통 화 기 본) 18,600 무제한 무제한 ㅣ 300 분 768 Mbps | 55,000 55,000"
2025-12-22 15:47:34,402,케이엘모바일_부성정책_ 12월 22일_ 10차 정책,hello,11GB,auto_candidate,30000,110000,needs_review,"The 착한 데이터 유심 11GB 49390 | 15400 | 33.990 | 무제한 | 무제한 | 300 분 | 11066 |  g2ce+3Mbps | 30,000 110,000 30,000 110,000 *"
2025-12-22 15:47:34,402,케이엘모바일_부성정책_ 12월 22일_ 10차 정책,hello,7GB,auto_candidate,30000,100000,needs_review,"DATA 걱 정 없는 유심 768 45,100 | 26600 | 18,500 | 무제한 | 무제한 | 300 분 | 708 ‘Mbps 30,000 100,000 * 30,000 100,000 *"
2025-12-22 15:47:34,402,케이엘모바일_부성정책_ 12월 22일_ 10차 정책,ktm,11GB,manual_image_confirmed,70000,110000,manual_fixed,2025-12-10 image: M 프리미엄 11GB 내국인 010신규/번호이동 직접 판독
2025-12-22 15:47:34,402,케이엘모바일_부성정책_ 12월 22일_ 10차 정책,ktm,7GB,manual_image_confirmed,70000,100000,manual_fixed,2025-12-10 image: M 스페셜 7GB 플러스 내국인 010신규/번호이동 직접 판독
2025-12-22 15:47:34,402,케이엘모바일_부성정책_ 12월 22일_ 10차 정책,sk7,11GB,auto_candidate,80000,120000,needs_review,"결 합 2068 CMLink (11GB+) 54,560 41,200 무제한 | 무제한 300 분 1168 | 42GB+3Mbps 80,000 | 120,000 kkk"
2025-12-22 15:47:34,402,케이엘모바일_부성정책_ 12월 22일_ 10차 정책,sk7,7GB,auto_candidate,80000,110000,needs_review,"결 합 1068 ㅣ 글로벌 300 (768+/ 통 화 맘껏) 29,040 무제한 | 무제한 | 300% 768 Mbps 80,000 | 110,000 | *** | 80,000 | 110,000 | xxx | 80,000 | 110,000 | xxx"
2025-12-22 15:47:34,402,케이엘모바일_부성정책_ 12월 22일_ 10차 정책,skylife,7GB,auto_candidate,55000,90000,needs_review,"| 5GB 모 두 중 분 768+( 밀 리 의 서재) 16.200 무제한 무제한 ㅣ 300 분 7068 10665 |  55.000 90,000 55,000 90,000"
2025-12-22 15:47:34,402,케이엘모바일_부성정책_ 12월 22일_ 10차 정책,umobile,11GB,auto_candidate,55000,55000,needs_review,"2068 106 스페셜 34.900 무제한 무제한 | 300% | 1168+ 일 268 | 3Mbps | 55,000 55,000"
2025-12-22 15:47:34,402,케이엘모바일_부성정책_ 12월 22일_ 10차 정책,umobile,7GB,auto_candidate,55000,55000,needs_review,"이 동 의 즐거움 <- 패 스 (768+ 통 화 기 본) 18,600 무제한 무제한 ㅣ 300 분 768 Mbps | 55,000 55,000"
2025-12-23 10:58:59,403,케이엘모바일_부성정책_ 12월 23일_ 11차 정책,hello,11GB,auto_candidate,30000,110000,needs_review,"쿠 폰 팩 데이터 더 주는 유심 1168 49,390 | 10,900 | 38,490 | 무제한 | 무제한 300% 11GB ‘22GB+3Mbps 30,000 110,000 30,000, 110,000"
2025-12-23 10:58:59,403,케이엘모바일_부성정책_ 12월 23일_ 11차 정책,hello,7GB,auto_candidate,30000,100000,needs_review,"DATA 걱 정 없는 유심 768 45,100 | 26,600 | 18,500 | 무제한 | 무제한 300% 768 Mbps 30,000 100,000 30,000, 100,000"
2025-12-23 10:58:59,403,케이엘모바일_부성정책_ 12월 23일_ 11차 정책,ktm,11GB,manual_image_confirmed,70000,110000,manual_fixed,2025-12-10 image: M 프리미엄 11GB 내국인 010신규/번호이동 직접 판독
2025-12-23 10:58:59,403,케이엘모바일_부성정책_ 12월 23일_ 11차 정책,ktm,7GB,manual_image_confirmed,70000,100000,manual_fixed,2025-12-10 image: M 스페셜 7GB 플러스 내국인 010신규/번호이동 직접 판독
2025-12-23 10:58:59,403,케이엘모바일_부성정책_ 12월 23일_ 11차 정책,sk7,11GB,auto_candidate,80000,120000,needs_review,"결 합 1068 | 글로벌 300 (1168+/ 통 화 맘껏) 46,040 무제한 | 무제한 3008 1168 310605 80,000 | 120,000 | *%* ㅎ * ㅎ ** | 80,000 | 120,000 | * ㅎ *＊*** | 80,000 | 120,000 | ㅎㅎㅎ"
2025-12-23 10:58:59,403,케이엘모바일_부성정책_ 12월 23일_ 11차 정책,sk7,7GB,auto_candidate,80000,110000,needs_review,"결 합 1068 ㅣ 글로벌 300 (768+/ 통 화 맘껏) 29.040 무제한 | 무제한 | 300 분 768 ‘Mbps 80,000 | 110,000 | kx xxx | 80,000 | 110,000 | *%**** | 80,000 | 110,000 | kaw"
2025-12-23 10:58:59,403,케이엘모바일_부성정책_ 12월 23일_ 11차 정책,skylife,11GB,auto_candidate,75000,130000,needs_review,"20GB SKY 모두 충분 1168+( 밀 리 의 서재) | 34,000 무제한 | 무제한 300 분  |1168+ 일 268 3Mbps | 75,000 130,000 75,000 130,000"
2025-12-23 10:58:59,403,케이엘모바일_부성정책_ 12월 23일_ 11차 정책,umobile,11GB,auto_candidate,55000,55000,needs_review,"2068 106 스페셜 34.900 무제한 무제한 | 300% | 1168+ 일 268 | 3Mbps | 55,000 55,000"
2025-12-23 10:58:59,403,케이엘모바일_부성정책_ 12월 23일_ 11차 정책,umobile,7GB,auto_candidate,55000,55000,needs_review,"이 동 의 즐거움 <- 패 스 (768+ 통 화 기 본) 18,600 무제한 무제한 ㅣ 300 분 768 Mbps | 55,000 55,000"
2025-12-24 11:35:28,404,케이엘모바일_부성정책_ 12월 24일_ 12차 정책,hello,11GB,auto_candidate,30000,110000,needs_review,"~  데이터 더주는 유실 1168   49390 | 12400 | 36990 | east | 무제한 | 3008 | 7168:  wace+amip: | 30,000  110,000      30,000  110,000"
2025-12-24 11:35:28,404,케이엘모바일_부성정책_ 12월 24일_ 12차 정책,ktm,11GB,manual_image_confirmed,70000,110000,manual_fixed,2025-12-10 image: M 프리미엄 11GB 내국인 010신규/번호이동 직접 판독
2025-12-24 11:35:28,404,케이엘모바일_부성정책_ 12월 24일_ 12차 정책,ktm,7GB,manual_image_confirmed,70000,100000,manual_fixed,2025-12-10 image: M 스페셜 7GB 플러스 내국인 010신규/번호이동 직접 판독
2025-12-24 11:35:28,404,케이엘모바일_부성정책_ 12월 24일_ 12차 정책,sk7,11GB,auto_candidate,80000,120000,needs_review,"결 함 1068 | 글로벌 100 (1168+/ 통 화 맘껏) 무제한 | 무제한 | 300 분 | 1168 30665 | 80,000 | 120,000 iota 80,000 | 120,000 Se 80,000 | 120,000 piahalad"
2025-12-24 11:35:28,404,케이엘모바일_부성정책_ 12월 24일_ 12차 정책,sk7,7GB,auto_candidate,80000,110000,needs_review,"Wetiocs | 글로벌 300 (768+/ 통 화 맘껏) 29.040 무제한 | 무제한 | 300 분 | 708 70665 | 80,000 | 110,000 00000 80.000 | 110,000 0000 80.000 | 110,000 0000"
2025-12-24 11:35:28,404,케이엘모바일_부성정책_ 12월 24일_ 12차 정책,skylife,11GB,auto_candidate,75000,130000,needs_review,"20GB SKY 모두 충분 1168+( 밀 리 의 서재) | 34,000 무제한 | 무제한 300 분  |1168+ 일 268 3Mbps | 75,000 130,000 75,000 130,000"
2025-12-24 11:35:28,404,케이엘모바일_부성정책_ 12월 24일_ 12차 정책,umobile,11GB,auto_candidate,55000,55000,needs_review,"| ace | 이 동 의 즐거움 (<- 패 스 (7168+ 통 화 기 본) 무제한 무제한 | 300% | 1168+ 밀 208 | 3Mbps 55.000 55,000"
2025-12-24 11:35:28,404,케이엘모바일_부성정책_ 12월 24일_ 12차 정책,umobile,7GB,auto_candidate,55000,55000,needs_review,"| ss | LTE (768+/ 통 화 기 본) 18,600 무제한 무제한 | 300 분 768 ‘Mbps 55,000 55,000"
2025-12-25 10:06:19,405,케이엘모바일_부성정책_ 12월 25일_ 13차 정책,hello,11GB,auto_candidate,30000,110000,needs_review,"~  데이터 더주는 유실 1168   49390 | 12400 | 36990 | east | 무제한 | 3008 | 7168:  wace+amip: | 30,000  110,000      30,000  110,000"
2025-12-25 10:06:19,405,케이엘모바일_부성정책_ 12월 25일_ 13차 정책,ktm,11GB,auto_candidate,70000,120000,needs_review,"20GB 모 두 다 맘껏 11GB+(BE FREE) 51,000 36,300 무제한 무제한 300 분 | 1168+ 일 206| 34605 70,000 120,000 ak 70,000 120,000 wk"
2025-12-25 10:06:19,405,케이엘모바일_부성정책_ 12월 25일_ 13차 정책,ktm,7GB,auto_candidate,70000,110000,needs_review,"5GB M 스폐셜 768( 지 니 뮤직) | 31,000 | 20,300 | 무제한 무제한 300 분 768 ‘Mbps 70,000 | 110,000 ak 70,000 110,000 **"
2025-12-25 10:06:19,405,케이엘모바일_부성정책_ 12월 25일_ 13차 정책,sk7,11GB,auto_candidate,80000,120000,needs_review,"결 랍 1068 | 글로벌 100 (1168+/ 동 화 맘껏) 무제한 | 무제한 | 300 분 | 1168 | 30605 | 80000 | 120,000 | ***%**| 80000 | 120000 | et | 80.000 | 120000 | **%***% | 기"
2025-12-25 10:06:19,405,케이엘모바일_부성정책_ 12월 25일_ 13차 정책,skylife,11GB,auto_candidate,75000,130000,needs_review,"20GB SKY 모두 충분 1168+( 밀 리 의 서재) | 34,000 무제한 | 무제한 300 분  |1168+ 일 268 3Mbps | 75,000 130,000 75,000 130,000"
2025-12-25 10:06:19,405,케이엘모바일_부성정책_ 12월 25일_ 13차 정책,umobile,11GB,auto_candidate,55000,55000,needs_review,"2068 이 동 의 즐거움 - 패 스 (7168+ 동 화 기 본) 34,900 무제한 무제한 | 300% | 1168+ 일 268 | 3665 | 55,000 55,000"
2025-12-25 10:06:19,405,케이엘모바일_부성정책_ 12월 25일_ 13차 정책,umobile,7GB,auto_candidate,55000,55000,needs_review,"sea LTE (768+/ 통 화 기 본) 18.600 무제한 무제한 | 300 분 768 ‘Mbps | 55,000 55,000"
2025-12-27 10:41:42,406,케이엘모바일_부성정책_ 12월 27일_ 14차 정책,hello,11GB,auto_candidate,30000,110000,needs_review,"~  데이터 더주는 유실 1168   49390 | 12400 | 36990 | east | 무제한 | 3008 | 7168:  wace+amip: | 30,000  110,000      30,000  110,000"
2025-12-27 10:41:42,406,케이엘모바일_부성정책_ 12월 27일_ 14차 정책,ktm,11GB,auto_candidate,70000,120000,needs_review,"20GB 모 두 다 맘껏 11GB+(BE FREE) 51,000 36,300 무제한 무제한 300 분 | 1168+ 일 206| 34605 70,000 120,000 ak 70,000 120,000 wk"
2025-12-27 10:41:42,406,케이엘모바일_부성정책_ 12월 27일_ 14차 정책,ktm,7GB,auto_candidate,70000,110000,needs_review,"5GB M 스폐셜 768( 지 니 뮤직) | 31,000 | 20,300 | 무제한 무제한 300 분 768 ‘Mbps 70,000 | 110,000 ak 70,000 110,000 **"
2025-12-27 10:41:42,406,케이엘모바일_부성정책_ 12월 27일_ 14차 정책,sk7,11GB,auto_candidate,80000,120000,needs_review,"결 랍 1068 | 글로벌 100 (1168+/ 동 화 맘껏) 무제한 | 무제한 | 300 분 | 1168 | 30605 | 80000 | 120,000 | ***%**| 80000 | 120000 | et | 80.000 | 120000 | **%***% | 기"
2025-12-27 10:41:42,406,케이엘모바일_부성정책_ 12월 27일_ 14차 정책,skylife,11GB,auto_candidate,75000,130000,needs_review,"20GB SKY 모두 충분 1168+( 밀 리 의 서재) | 34,000 무제한 | 무제한 300 분  |1168+ 일 268 3Mbps | 75,000 130,000 75,000 130,000"
2025-12-27 10:41:42,406,케이엘모바일_부성정책_ 12월 27일_ 14차 정책,umobile,11GB,auto_candidate,55000,55000,needs_review,"2068 이 동 의 즐거움 - 패 스 (7168+ 동 화 기 본) 34,900 무제한 무제한 | 300% | 1168+ 일 268 | 3665 | 55,000 55,000"
2025-12-27 10:41:42,406,케이엘모바일_부성정책_ 12월 27일_ 14차 정책,umobile,7GB,auto_candidate,55000,55000,needs_review,"sea LTE (768+/ 통 화 기 본) 18.600 무제한 무제한 | 300 분 768 ‘Mbps | 55,000 55,000"
2025-12-28 15:06:32,407,케이엘모바일_부성정책_ 12월 28일_ 15차 정책,hello,11GB,auto_candidate,30000,110000,needs_review,"~  데이터 더주는 유실 1168   49390 | 12400 | 36990 | east | 무제한 | 3008 | 7168:  wace+amip: | 30,000  110,000      30,000  110,000"
2025-12-28 15:06:32,407,케이엘모바일_부성정책_ 12월 28일_ 15차 정책,ktm,11GB,auto_candidate,70000,120000,needs_review,"20GB 모 두 다 맘껏 11GB+(BE FREE) 51,000 36,300 무제한 무제한 300 분 | 1168+ 일 206| 34605 70,000 120,000 ak 70,000 120,000 wk"
2025-12-28 15:06:32,407,케이엘모바일_부성정책_ 12월 28일_ 15차 정책,ktm,7GB,auto_candidate,70000,110000,needs_review,"5GB M 스폐셜 768( 지 니 뮤직) | 31,000 | 20,300 | 무제한 무제한 300 분 768 ‘Mbps 70,000 | 110,000 ak 70,000 110,000 **"
2025-12-28 15:06:32,407,케이엘모바일_부성정책_ 12월 28일_ 15차 정책,sk7,11GB,auto_candidate,80000,80000,needs_review,"결 합 1066 | 글로벌 100 (1168+/ 통 화 맘껏) 41,640 무제한 | 무제한 ㅣ 300 분 1168 3Mbps 80,000 80,000 80,000 1"
2025-12-28 15:06:32,407,케이엘모바일_부성정책_ 12월 28일_ 15차 정책,sk7,7GB,auto_candidate,80000,80000,needs_review,"‘Bthoce | 글로벌 300 (768+/ 통 화 맘껏) 29,040 무제한 | 무제한 ㅣ 300 분 768 Mbps 80,000 80,000 80,000"
2025-12-28 15:06:32,407,케이엘모바일_부성정책_ 12월 28일_ 15차 정책,skylife,11GB,auto_candidate,75000,130000,needs_review,"20GB SKY 모두 충분 1168+( 밀 리 의 서재) | 34,000 무제한 | 무제한 300 분  |1168+ 일 268 3Mbps | 75,000 130,000 75,000 130,000"
2025-12-28 15:06:32,407,케이엘모바일_부성정책_ 12월 28일_ 15차 정책,umobile,11GB,auto_candidate,55000,55000,needs_review,"2068 이 동 의 즐거움 - 패 스 (7168+ 동 화 기 본) 34,900 무제한 무제한 | 300% | 1168+ 일 268 | 3665 | 55,000 55,000"
2025-12-28 15:06:32,407,케이엘모바일_부성정책_ 12월 28일_ 15차 정책,umobile,7GB,auto_candidate,55000,55000,needs_review,"sea LTE (768+/ 통 화 기 본) 18.600 무제한 무제한 | 300 분 768 ‘Mbps | 55,000 55,000"
2025-12-30 09:56:24,408,케이엘모바일_부성정책_ 12월 30일_ 16차 정책(수정),hello,11GB,auto_candidate,30000,110000,needs_review,"~  데이터 더주는 유실 1168   49390 | 12400 | 36990 | east | 무제한 | 3008 | 7168:  wace+amip: | 30,000  110,000      30,000  110,000"
2025-12-30 09:56:24,408,케이엘모바일_부성정책_ 12월 30일_ 16차 정책(수정),ktm,11GB,auto_candidate,70000,120000,needs_review,"20GB 모 두 다 맘껏 11GB+(BE FREE) 51,000 36,300 무제한 무제한 300 분 | 1168+ 일 206| 34605 70,000 120,000 ak 70,000 120,000 wk"
2025-12-30 09:56:24,408,케이엘모바일_부성정책_ 12월 30일_ 16차 정책(수정),ktm,7GB,auto_candidate,70000,110000,needs_review,"5GB M 스폐셜 768( 지 니 뮤직) | 31,000 | 20,300 | 무제한 무제한 300 분 768 ‘Mbps 70,000 | 110,000 ak 70,000 110,000 **"
2025-12-30 09:56:24,408,케이엘모바일_부성정책_ 12월 30일_ 16차 정책(수정),sk7,11GB,auto_candidate,80000,120000,needs_review,"국 제 전화 결 합 1068 | 글로벌 100 (1168+/ 통 화 맘껏) 41,640 무제한 | 무제한 | 3008 11GB 3Mbps_ 80,000 | 120,000 | %**** | 80,000 | 120,000 | ***** | 80,000 | 120,000 etm 면제"
2025-12-30 09:56:24,408,케이엘모바일_부성정책_ 12월 30일_ 16차 정책(수정),sk7,7GB,auto_candidate,80000,110000,needs_review,"결 합 1068 | 글로벌 300 (768+/ 통 화 맘껏) 29,040 GEES 무제한 | 무제한 | 3008 768 Mbps, 80,000 | 110,000 | *****＊ 80,000 | 110,000 | xx xxx | 80,000 | 110,000 | See aad"
2025-12-30 09:56:24,408,케이엘모바일_부성정책_ 12월 30일_ 16차 정책(수정),skylife,11GB,auto_candidate,65000,120000,needs_review,"20GB SKY 모두 충분 1168+( 밀 리 의 서재) 34,000 무제한 무제한 300 분 |1168+ 일 208|  3Mbps 65,000 120,000 65,000 120,000"
2025-12-30 09:56:24,408,케이엘모바일_부성정책_ 12월 30일_ 16차 정책(수정),skylife,7GB,auto_candidate,55000,110000,needs_review,"5GB SKY 모두 충분 768+( 밀 리 의 서재) 17,900 무제한 무제한 300 분 768 ‘Mbps 55,000 110,000 55,000 110,000"
2025-12-30 09:56:24,408,케이엘모바일_부성정책_ 12월 30일_ 16차 정책(수정),umobile,7GB,auto_candidate,55000,55000,needs_review,"| | LTE (768+/ 통 화 기 본) 18,600 무제한 무제한 | 300 분 768 ‘Mbps 55,000 55,000"
2026-01-01 14:28:20,409,케이엘모바일_부성정책_ 1월 1일_ 1차 정책,hello,11GB,auto_candidate,30000,100000,needs_review,"쿠 폰 팩 데이터 더 주는 유심 11GB | 49,390, 10,900 | 38,490 무제한 무제한 300 분 1168 일 268+364605 30,000 100,000 30,000 100,000"
2026-01-01 14:28:20,409,케이엘모바일_부성정책_ 1월 1일_ 1차 정책,hello,7GB,auto_candidate,30000,90000,needs_review,"DATA 걱 정 없는 FH 768 | 45,100 26,600 | 18,500 무제한 무제한 300 분 768 Mbps 30,000 90,000 30,000 90,000"
2026-01-01 14:28:20,409,케이엘모바일_부성정책_ 1월 1일_ 1차 정책,ktm,7GB,auto_candidate,60000,110000,needs_review,"5068 | MAMA 760( 밀 리 의 서재) 31000 | 17900 | - 무 제한 무제한 300 분 768 ‘Mbps 60,000 110,000 60,000 110,000"
2026-01-01 14:28:20,409,케이엘모바일_부성정책_ 1월 1일_ 1차 정책,sk7,11GB,auto_candidate,80000,120000,needs_review,"106 BH 1168+/ 동 화 맘껏) | 49.060 | 36,140 무제한 80000 | 120,000 ㆍ 회선 정상 유 지 시 2 월 ~7 월 요금 SPA 할인"
2026-01-01 14:28:20,409,케이엘모바일_부성정책_ 1월 1일_ 1차 정책,skylife,11GB,auto_candidate,85000,120000,needs_review,"SKY BS 충분 1166+( 모 아진) 34,000 무제한 무제한 300%  |1168+ 일 208| 34605 85,000 120,000 85,000 120,000"
2026-01-01 14:28:20,409,케이엘모바일_부성정책_ 1월 1일_ 1차 정책,skylife,7GB,auto_candidate,75000,110000,needs_review,"SKY BE 충분 768+( 모 아진) 17,900 무제한 무제한 300 분 768 1Mbps 75,000 110,000 75,000 110,000"
2026-01-01 14:28:20,409,케이엘모바일_부성정책_ 1월 1일_ 1차 정책,umobile,7GB,auto_candidate,55000,99000,needs_review,"568 LTE (768+/ 통 화 기 본) 18,600 무제한 무제한 300% 7GB ‘Mbps 55,000 99,000 55,000 99,000 |"
2026-01-03 10:23:09,410,케이엘모바일_부성정책_ 1월 3일_ 2차 정책,hello,11GB,auto_candidate,30000,100000,needs_review,"쿠 폰 팩 데이터 더 주는 유심 11GB | 49,390, 10,900 | 38,490 무제한 무제한 300 분 1168 일 268+364605 30,000 100,000 30,000 100,000"
2026-01-03 10:23:09,410,케이엘모바일_부성정책_ 1월 3일_ 2차 정책,hello,7GB,auto_candidate,30000,90000,needs_review,"DATA 걱 정 없는 FH 768 | 45,100 26,600 | 18,500 무제한 무제한 300 분 768 Mbps 30,000 90,000 30,000 90,000"
2026-01-03 10:23:09,410,케이엘모바일_부성정책_ 1월 3일_ 2차 정책,ktm,7GB,auto_candidate,60000,110000,needs_review,"5068 | MAMA 760( 밀 리 의 서재) 31000 | 17900 | - 무 제한 무제한 300 분 768 ‘Mbps 60,000 110,000 60,000 110,000"
2026-01-03 10:23:09,410,케이엘모바일_부성정책_ 1월 3일_ 2차 정책,sk7,11GB,auto_candidate,80000,120000,needs_review,"106 BH 1168+/ 동 화 맘껏) | 49.060 | 36,140 무제한 80000 | 120,000 ㆍ 회선 정상 유 지 시 2 월 ~7 월 요금 SPA 할인"
2026-01-03 10:23:09,410,케이엘모바일_부성정책_ 1월 3일_ 2차 정책,skylife,11GB,auto_candidate,85000,120000,needs_review,"SKY BS 충분 1166+( 모 아진) 34,000 무제한 무제한 300%  |1168+ 일 208| 34605 85,000 120,000 85,000 120,000"
2026-01-03 10:23:09,410,케이엘모바일_부성정책_ 1월 3일_ 2차 정책,skylife,7GB,auto_candidate,75000,110000,needs_review,"SKY BE 충분 768+( 모 아진) 17,900 무제한 무제한 300 분 768 1Mbps 75,000 110,000 75,000 110,000"
2026-01-03 10:23:09,410,케이엘모바일_부성정책_ 1월 3일_ 2차 정책,umobile,7GB,auto_candidate,55000,99000,needs_review,"568 LTE (768+/ 통 화 기 본) 18,600 무제한 무제한 300% 7GB ‘Mbps 55,000 99,000 55,000 99,000 |"
2026-01-09 10:53:30,411,케이엘모바일_부성정책_ 1월 9일_ 3차 정책,hello,11GB,auto_candidate,30000,100000,needs_review,"쿠 폰 팩 데이터 더 주는 유심 11GB | 49,390, 10,900 | 38,490 무제한 무제한 300 분 1168 일 268+364605 30,000 100,000 30,000 100,000"
2026-01-09 10:53:30,411,케이엘모바일_부성정책_ 1월 9일_ 3차 정책,hello,7GB,auto_candidate,30000,90000,needs_review,"DATA 걱 정 없는 FH 768 | 45,100 26,600 | 18,500 무제한 무제한 300 분 768 Mbps 30,000 90,000 30,000 90,000"
2026-01-09 10:53:30,411,케이엘모바일_부성정책_ 1월 9일_ 3차 정책,ktm,7GB,auto_candidate,60000,110000,needs_review,"5068 | MAMA 760( 밀 리 의 서재) 31000 | 17900 | - 무 제한 무제한 300 분 768 ‘Mbps 60,000 110,000 60,000 110,000"
2026-01-09 10:53:30,411,케이엘모바일_부성정책_ 1월 9일_ 3차 정책,sk7,11GB,auto_candidate,80000,120000,needs_review,"106 BH 1168+/ 동 화 맘껏) | 49.060 | 36,140 무제한 80000 | 120,000 ㆍ 회선 정상 유 지 시 2 월 ~7 월 요금 SPA 할인"
2026-01-09 10:53:30,411,케이엘모바일_부성정책_ 1월 9일_ 3차 정책,skylife,11GB,auto_candidate,85000,120000,needs_review,"SKY BS 충분 1166+( 모 아진) 34,000 무제한 무제한 300%  |1168+ 일 208| 34605 85,000 120,000 85,000 120,000"
2026-01-09 10:53:30,411,케이엘모바일_부성정책_ 1월 9일_ 3차 정책,skylife,7GB,auto_candidate,75000,110000,needs_review,"SKY BE 충분 768+( 모 아진) 17,900 무제한 무제한 300 분 768 1Mbps 75,000 110,000 75,000 110,000"
2026-01-09 10:53:30,411,케이엘모바일_부성정책_ 1월 9일_ 3차 정책,umobile,7GB,auto_candidate,55000,99000,needs_review,"568 LTE (768+/ 통 화 기 본) 18,600 무제한 무제한 300% 7GB ‘Mbps 55,000 99,000 55,000 99,000 |"
2026-01-10 11:52:40,412,케이엘모바일_부성정책_ 1월 10일_ 4차 정책,hello,11GB,auto_candidate,30000,100000,needs_review,"쿠 폰 팩 데이터 더 주는 유심 11GB | 49,390, 10,900 | 38,490 무제한 무제한 300 분 1168 일 268+364605 30,000 100,000 30,000 100,000"
2026-01-10 11:52:40,412,케이엘모바일_부성정책_ 1월 10일_ 4차 정책,hello,7GB,auto_candidate,30000,90000,needs_review,"DATA 걱 정 없는 FH 768 | 45,100 26,600 | 18,500 무제한 무제한 300 분 768 Mbps 30,000 90,000 30,000 90,000"
2026-01-10 11:52:40,412,케이엘모바일_부성정책_ 1월 10일_ 4차 정책,ktm,7GB,auto_candidate,60000,110000,needs_review,"5068 | MAMA 760( 밀 리 의 서재) 31000 | 17900 | - 무 제한 무제한 300 분 768 ‘Mbps 60,000 110,000 60,000 110,000"
2026-01-10 11:52:40,412,케이엘모바일_부성정책_ 1월 10일_ 4차 정책,sk7,11GB,auto_candidate,80000,120000,needs_review,"106 BH 1168+/ 동 화 맘껏) | 49.060 | 36,140 무제한 80000 | 120,000 ㆍ 회선 정상 유 지 시 2 월 ~7 월 요금 SPA 할인"
2026-01-10 11:52:40,412,케이엘모바일_부성정책_ 1월 10일_ 4차 정책,skylife,11GB,auto_candidate,85000,120000,needs_review,"SKY BS 충분 1166+( 모 아진) 34,000 무제한 무제한 300%  |1168+ 일 208| 34605 85,000 120,000 85,000 120,000"
2026-01-10 11:52:40,412,케이엘모바일_부성정책_ 1월 10일_ 4차 정책,skylife,7GB,auto_candidate,75000,110000,needs_review,"SKY BE 충분 768+( 모 아진) 17,900 무제한 무제한 300 분 768 1Mbps 75,000 110,000 75,000 110,000"
2026-01-10 11:52:40,412,케이엘모바일_부성정책_ 1월 10일_ 4차 정책,umobile,7GB,auto_candidate,55000,99000,needs_review,"568 LTE (768+/ 통 화 기 본) 18,600 무제한 무제한 300% 7GB ‘Mbps 55,000 99,000 55,000 99,000 |"
2026-01-12 10:15:54,413,케이엘모바일_부성정책_ 1월 12일_ 5차 정책,hello,11GB,auto_candidate,30000,100000,needs_review,"쿠 폰 팩 데이터 더 주는 유심 1168 | 49,390 10,900 38,490 무제한 | 무제한 300 분 1168 ‘U2GB+3Mbps 30,000 100,000 30,000 100,000 ||"
2026-01-12 10:15:54,413,케이엘모바일_부성정책_ 1월 12일_ 5차 정책,hello,7GB,auto_candidate,30000,80000,needs_review,"데이터 더 주는 유심 768 | 45,100 | 23,600 | 250 | 무제한 | 무제한 | 300 분 768 ‘Mbps. 30,000 80,000 30,000 80,000 ||"
2026-01-12 10:15:54,413,케이엘모바일_부성정책_ 1월 12일_ 5차 정책,ktm,11GB,auto_candidate,60000,120000,needs_review,"2008 | - 모 두다 맘껏 1168+( 웨 이브 베이직) | 51,000 | 36600 | 무제한 | sme | 300%  |1700+ 일 208| 34006 60,000 120,000 | xx 60,000 120,000 **"
2026-01-12 10:15:54,413,케이엘모바일_부성정책_ 1월 12일_ 5차 정책,ktm,7GB,auto_candidate,60000,110000,needs_review,"508 M 스페셜 768( 밀 리 의 서재) 31000 | 17,900 | aie | 무제한 300% 768 1Mbps 60,000 110,000 | xx | 60,000 110,000 ok"
2026-01-12 10:15:54,413,케이엘모바일_부성정책_ 1월 12일_ 5차 정책,sk7,7GB,auto_candidate,80000,110000,needs_review,"결 합 1066｜ 글로벌 100 (768+/ 통 화 맘껏) 2460 | 1900 | 그 | 우 제한 | 무제한 | 300 분 | 768 10665 | 80,000 | 110,000 | ***** | 80,000 | 110,000 | kee ㆍ 점 지 , 해지, 요금제 변 경 시 프로모션 미적용"
2026-01-12 10:15:54,413,케이엘모바일_부성정책_ 1월 12일_ 5차 정책,skylife,11GB,auto_candidate,85000,120000,needs_review,"| 2008 SKY 모두 충분 1168+( 모 아진) 34,000 무제한 무제한 300%  |1168+ 일 268 3Mbps 85.000 120.000 85000 | 120,000 | kk"
2026-01-12 10:15:54,413,케이엘모바일_부성정책_ 1월 12일_ 5차 정책,umobile,11GB,auto_candidate,55000,110000,needs_review,"2008 이 동 의 즐거움 (<- 패 스 (7168+ 통 화 기 본) 34,900 | 무제한 무제한 | 300 분 | 1168+ 일 268 | 3Mbps 55,000 | 110,000 tO 55,000 110,000 ***"
2026-01-12 10:15:54,413,케이엘모바일_부성정책_ 1월 12일_ 5차 정책,umobile,7GB,auto_candidate,55000,99000,needs_review,"568 이 동 의 즐거움 (- 패 스 (768+ 통 화 기 본) 18,600 | 무제한 무제한 | 300 분 | 7068 ‘Mbps 55,000 | 99,000 tk 55,000 99,000 ***"
2026-01-14 10:16:02,414,케이엘모바일_부성정책_ 1월 14일_ 6차 정책,hello,11GB,auto_candidate,30000,100000,needs_review,"쿠 폰 팩 데이터 더 주는 유심 1168 | 49,390 10,900 38,490 무제한 | 무제한 300 분 1168 ‘U2GB+3Mbps 30,000 100,000 30,000 100,000 ||"
2026-01-14 10:16:02,414,케이엘모바일_부성정책_ 1월 14일_ 6차 정책,hello,7GB,auto_candidate,30000,80000,needs_review,"데이터 더 주는 유심 768 | 45,100 | 23,600 | 250 | 무제한 | 무제한 | 300 분 768 ‘Mbps. 30,000 80,000 30,000 80,000 ||"
2026-01-14 10:16:02,414,케이엘모바일_부성정책_ 1월 14일_ 6차 정책,ktm,7GB,auto_candidate,60000,110000,needs_review,"508 M 스페셜 768( 밀 리 의 서재) 31000 | 17,900 | exit | 무제한 300% 768 1Mbps 60,000 110,000 xx 60,000 110,000 ak"
2026-01-14 10:16:02,414,케이엘모바일_부성정책_ 1월 14일_ 6차 정책,sk7,11GB,auto_candidate,80000,120000,needs_review,"걸 한 1068 글로벌 300 (1084/82) 4600 | 3610 | 무제한 | 무제한 | 300 분 | 1168 | ambos | 80000 | 120,000 | xxx | 80000 | 120,000 | sate 22 281 요금 Ue ZEON"
2026-01-14 10:16:02,414,케이엘모바일_부성정책_ 1월 14일_ 6차 정책,sk7,7GB,auto_candidate,80000,110000,needs_review,"wuss) 글로벌 100 (768+/ 동 화 맘껏) 24640 | 9“ | SSE SENS | one | eas | soe | 76a | | 1066 | 80000 | 110.000 | *****| 80000 | 110000 | aka ㆍ 점 지 , 해지, 요금제 HA 프로모션 미적용"
2026-01-14 10:16:02,414,케이엘모바일_부성정책_ 1월 14일_ 6차 정책,skylife,11GB,auto_candidate,75000,120000,needs_review,"20GB SKY 모두 충분 1168+( 밀 리 의 서재) ㅣ 34,000 무제한 무제한 300%  |1168+ 일 208| 34605 75,000 120,000 | 75,000 120,000 | |"
2026-01-14 10:16:02,414,케이엘모바일_부성정책_ 1월 14일_ 6차 정책,umobile,11GB,manual_image_confirmed,55000,132000,manual_fixed,2026-01-14 image: LTE 스페셜 / 이동의즐거움 K-패스 71GB+ 내국인 010신규/MNP
2026-01-14 10:16:02,414,케이엘모바일_부성정책_ 1월 14일_ 6차 정책,umobile,7GB,manual_image_confirmed,55000,121000,manual_fixed,2026-01-14 image: LTE 7GB+ / 이동의즐거움 K-패스 7GB+ 내국인 010신규/MNP
2026-01-15 10:05:58,415,케이엘모바일_부성정책_ 1월 15일_ 7차 정책,hello,11GB,auto_candidate,30000,100000,needs_review,"쿠 폰 팩 데이터 더 주는 유심 1168 | 49,390 10,900 38,490 무제한 | 무제한 300 분 1168 ‘U2GB+3Mbps 30,000 100,000 30,000 100,000 ||"
2026-01-15 10:05:58,415,케이엘모바일_부성정책_ 1월 15일_ 7차 정책,hello,7GB,auto_candidate,30000,80000,needs_review,"데이터 더 주는 유심 768 | 45,100 | 23,600 | 250 | 무제한 | 무제한 | 300 분 768 ‘Mbps. 30,000 80,000 30,000 80,000 ||"
2026-01-15 10:05:58,415,케이엘모바일_부성정책_ 1월 15일_ 7차 정책,ktm,7GB,auto_candidate,60000,110000,needs_review,"508 M 스페셜 768( 밀 리 의 서재) 31000 | 17,900 | exit | 무제한 300% 768 1Mbps 60,000 110,000 xx 60,000 110,000 ak"
2026-01-15 10:05:58,415,케이엘모바일_부성정책_ 1월 15일_ 7차 정책,sk7,11GB,auto_candidate,80000,120000,needs_review,"결 한 1098 | 글로벌 300 (1108+/ 동 화 맘껏) 46,040 enet | 무제한 | 300 분 | 1168 | mbps | 80000 | 120000 | *** | 20000 | 120000 | sax 28 229 22 il 프 오 오산"
2026-01-15 10:05:58,415,케이엘모바일_부성정책_ 1월 15일_ 7차 정책,sk7,7GB,auto_candidate,80000,110000,needs_review,"결 한 1068 | 글로벌 300 (708+/ 동 화 맘껏) 29,040 | coat | gaat | 300 분 | 768 | imbps | 80000 | 110.000 | *** | 80,000 | 110.000 | ie 할인 aeae"
2026-01-15 10:05:58,415,케이엘모바일_부성정책_ 1월 15일_ 7차 정책,skylife,11GB,auto_candidate,75000,120000,needs_review,"SKY 모두 충분 1168+( 밀 리 의 서재) 34,000 무제한 무제한 300%  |1168+ 일 208| 31665 75,000 120,000 75,000 120,000"
2026-01-15 10:05:58,415,케이엘모바일_부성정책_ 1월 15일_ 7차 정책,skylife,7GB,auto_candidate,65000,110000,needs_review,"SKY BE SH 768+( 밀 리 의 서재) 17,900 무제한 무제한 300 분 708 ‘Mbps 65,000 110,000 65,000 110,000"
2026-01-15 10:05:58,415,케이엘모바일_부성정책_ 1월 15일_ 7차 정책,umobile,11GB,manual_image_confirmed,55000,132000,manual_fixed,2026-01-14 image: LTE 스페셜 / 이동의즐거움 K-패스 71GB+ 내국인 010신규/MNP
2026-01-15 10:05:58,415,케이엘모바일_부성정책_ 1월 15일_ 7차 정책,umobile,7GB,manual_image_confirmed,55000,121000,manual_fixed,2026-01-14 image: LTE 7GB+ / 이동의즐거움 K-패스 7GB+ 내국인 010신규/MNP
2026-01-23 11:02:47,416,케이엘모바일_부성정책_ 1월 23일_ 8차 정책,hello,11GB,auto_candidate,30000,100000,needs_review,"쿠 폰 팩 데이터 더 주는 유심 1168 | 49,390 10,900 38,490 무제한 | 무제한 300 분 1168 ‘U2GB+3Mbps 30,000 100,000 30,000 100,000 ||"
2026-01-23 11:02:47,416,케이엘모바일_부성정책_ 1월 23일_ 8차 정책,hello,7GB,auto_candidate,30000,80000,needs_review,"데이터 더 주는 유심 768 | 45,100 | 23,600 | 250 | 무제한 | 무제한 | 300 분 768 ‘Mbps. 30,000 80,000 30,000 80,000 ||"
2026-01-23 11:02:47,416,케이엘모바일_부성정책_ 1월 23일_ 8차 정책,ktm,11GB,auto_candidate,60000,120000,needs_review,"2008 1 프리미엄 1168( 밀 리 의 서재) 45,900 34,000 무제한 무제한 300%  |1168+ 일 268| 34005 60,000 120,000 FOI 60,000 120,000 FOI"
2026-01-23 11:02:47,416,케이엘모바일_부성정책_ 1월 23일_ 8차 정책,ktm,7GB,auto_candidate,60000,110000,needs_review,"506 M 스페셜 708( 밀 리 의 서재) 31000 | 17,900 무제한 무제한 300 분 768 ‘Mbps 60,000 110,000 ok IK 60,000 110,000 ok"
2026-01-23 11:02:47,416,케이엘모바일_부성정책_ 1월 23일_ 8차 정책,sk7,11GB,auto_candidate,80000,120000,needs_review,"결 한 1098 | 글로벌 300 (1108+/ 동 화 맘껏) 46,040 enet | 무제한 | 300 분 | 1168 | mbps | 80000 | 120000 | *** | 20000 | 120000 | sax 28 229 22 il 프 오 오산"
2026-01-23 11:02:47,416,케이엘모바일_부성정책_ 1월 23일_ 8차 정책,sk7,7GB,auto_candidate,80000,110000,needs_review,"결 한 1068 | 글로벌 300 (708+/ 동 화 맘껏) 29,040 | coat | gaat | 300 분 | 768 | imbps | 80000 | 110.000 | *** | 80,000 | 110.000 | ie 할인 aeae"
2026-01-23 11:02:47,416,케이엘모바일_부성정책_ 1월 23일_ 8차 정책,skylife,11GB,auto_candidate,75000,120000,needs_review,"2008 SKY 모두 충분 1168+( 밀 리 의 서재) 34,000 무제한 무제한 300%  |1108+ 일 208 3Mbps 75,000 120,000 tok 75,000 120,000 ok"
2026-01-23 11:02:47,416,케이엘모바일_부성정책_ 1월 23일_ 8차 정책,skylife,7GB,auto_candidate,65000,110000,needs_review,"5GB Sky 모두 SH 768+( 밀 리 의 서재) 17,900 무제한 무제한 300 분 708 ‘Mbps 65,000 110,000 *** 65,000 110,000 tok"
2026-01-23 11:02:47,416,케이엘모바일_부성정책_ 1월 23일_ 8차 정책,umobile,11GB,manual_image_confirmed,55000,132000,manual_fixed,2026-01-14 image: LTE 스페셜 / 이동의즐거움 K-패스 71GB+ 내국인 010신규/MNP
2026-01-23 11:02:47,416,케이엘모바일_부성정책_ 1월 23일_ 8차 정책,umobile,7GB,manual_image_confirmed,55000,121000,manual_fixed,2026-01-14 image: LTE 7GB+ / 이동의즐거움 K-패스 7GB+ 내국인 010신규/MNP
2026-01-24 10:25:16,420,케이엘모바일_부성정책_ 1월 24일_ 9차 정책,hello,11GB,auto_candidate,30000,100000,needs_review,"쿠 폰 팩 유심 1166 49390 | 13000 36,390 | 무제한 | 무제한 ㅣ 300 분 | 11686 ㅣ 일 208+3466 | 30000 ㅣ  100.000 30.000 100,000 |"
2026-01-24 10:25:16,420,케이엘모바일_부성정책_ 1월 24일_ 9차 정책,hello,7GB,auto_candidate,30000,90000,needs_review,"DATA 걱 정 없는 유심 768 45700 | 26600 | 18500 무제한 | 무제한 | 300 분 ㅣ 768 100 30,000 90,000 30,000 90,000"
2026-01-24 10:25:16,420,케이엘모바일_부성정책_ 1월 24일_ 9차 정책,ktm,11GB,auto_candidate,60000,120000,needs_review,"2008 1 프리미엄 1168( 밀 리 의 서재) 45,900 34,000 무제한 무제한 300%  |1168+ 일 268| 34005 60,000 120,000 FOI 60,000 120,000 FOI"
2026-01-24 10:25:16,420,케이엘모바일_부성정책_ 1월 24일_ 9차 정책,ktm,7GB,auto_candidate,60000,110000,needs_review,"506 M 스페셜 708( 밀 리 의 서재) 31000 | 17,900 무제한 무제한 300 분 768 ‘Mbps 60,000 110,000 ok IK 60,000 110,000 ok"
2026-01-24 10:25:16,420,케이엘모바일_부성정책_ 1월 24일_ 9차 정책,sk7,11GB,auto_candidate,80000,120000,needs_review,"결 한 1098 | 글로벌 300 (1108+/ 동 화 맘껏) 46,040 enet | 무제한 | 300 분 | 1168 | mbps | 80000 | 120000 | *** | 20000 | 120000 | sax 28 229 22 il 프 오 오산"
2026-01-24 10:25:16,420,케이엘모바일_부성정책_ 1월 24일_ 9차 정책,sk7,7GB,auto_candidate,80000,110000,needs_review,"결 한 1068 | 글로벌 300 (708+/ 동 화 맘껏) 29,040 | coat | gaat | 300 분 | 768 | imbps | 80000 | 110.000 | *** | 80,000 | 110.000 | ie 할인 aeae"
2026-01-24 10:25:16,420,케이엘모바일_부성정책_ 1월 24일_ 9차 정책,skylife,11GB,auto_candidate,75000,120000,needs_review,"2008 SKY 모두 충분 1168+( 밀 리 의 서재) 34,000 무제한 무제한 300%  |1108+ 일 208 3Mbps 75,000 120,000 tok 75,000 120,000 ok"
2026-01-24 10:25:16,420,케이엘모바일_부성정책_ 1월 24일_ 9차 정책,skylife,7GB,auto_candidate,65000,110000,needs_review,"5GB Sky 모두 SH 768+( 밀 리 의 서재) 17,900 무제한 무제한 300 분 708 ‘Mbps 65,000 110,000 *** 65,000 110,000 tok"
2026-01-24 10:25:16,420,케이엘모바일_부성정책_ 1월 24일_ 9차 정책,umobile,11GB,auto_candidate,55000,154000,needs_review,"2008 LTE 스 페 셜 [ 약 정 형 ] 32,990 무제한 무제한 | 300 분 | 1168+ 일 206 | 3Mbps 55,000 154,000 | koko | 55.000 154,000 tO"
2026-01-24 10:25:16,420,케이엘모바일_부성정책_ 1월 24일_ 9차 정책,umobile,7GB,auto_candidate,55000,121000,needs_review,"| 506 LTE (768+/ 통 화 기 본) 18,600 무제한 무제한 ： 300 분 768 ‘Mbps 55,000 121,000 eka 55,000 121,000 FOI"
2026-01-27 10:37:02,421,케이엘모바일_부성정책_ 1월 27일_ 10차 정책,hello,11GB,auto_candidate,30000,100000,needs_review,"쿠 폰 팩 데이터 더 주는 유심 1168 49390 | 10900 | 38.490 | 무제한 | 무제한 | 300 분 | 1168 | 일 268+34605 | 30,000 ""100,000 *k 30,000 100,000 **"
2026-01-27 10:37:02,421,케이엘모바일_부성정책_ 1월 27일_ 10차 정책,hello,7GB,auto_candidate,30000,80000,needs_review,"데이터 더 주는 유심 768 45,100 | 23,600 | 21,500 | 무제한 | 무제한 | 300 분 768 ‘Mbps. 30,000 | 80,000 ak 30,000 80,000 ㆍ"
2026-01-27 10:37:02,421,케이엘모바일_부성정책_ 1월 27일_ 10차 정책,ktm,11GB,auto_candidate,60000,120000,needs_review,"2008 1 프리미엄 1168( 밀 리 의 서재) 45,900 34,000 무제한 무제한 300%  |1168+ 일 268| 34005 60,000 120,000 FOI 60,000 120,000 FOI"
2026-01-27 10:37:02,421,케이엘모바일_부성정책_ 1월 27일_ 10차 정책,ktm,7GB,auto_candidate,60000,110000,needs_review,"506 M 스페셜 708( 밀 리 의 서재) 31000 | 17,900 무제한 무제한 300 분 768 ‘Mbps 60,000 110,000 ok IK 60,000 110,000 ok"
2026-01-27 10:37:02,421,케이엘모바일_부성정책_ 1월 27일_ 10차 정책,sk7,11GB,auto_candidate,80000,120000,needs_review,"wuzoce| LTE WH (1168+/ 동 화 맘껏) | 49060 | 36,140 무제한 | 무지한 | 300 분 | 1168. |p2c8+3Mpy 80000 | 120.000 | ex | 80000 | 120.000 | ack ~ 회선 Be BALA 2 월 -7 월 요금 BAN 할인"
2026-01-27 10:37:02,421,케이엘모바일_부성정책_ 1월 27일_ 10차 정책,skylife,11GB,auto_candidate,75000,120000,needs_review,"2008 SKY 모두 충분 1168+( 밀 리 의 서재) 34,000 무제한 무제한 300%  |1108+ 일 208 3Mbps 75,000 120,000 tok 75,000 120,000 ok"
2026-01-27 10:37:02,421,케이엘모바일_부성정책_ 1월 27일_ 10차 정책,skylife,7GB,auto_candidate,65000,110000,needs_review,"5GB Sky 모두 SH 768+( 밀 리 의 서재) 17,900 무제한 무제한 300 분 708 ‘Mbps 65,000 110,000 *** 65,000 110,000 tok"
2026-01-27 10:37:02,421,케이엘모바일_부성정책_ 1월 27일_ 10차 정책,umobile,11GB,auto_candidate,55000,132000,needs_review,"| ※ | LTE 스페셜 34,900 무제한 | 무제한 ㅣ 300 분 ㅣ 1168+ 일 266 ： 3Mbps 55,000 132,000 wk 55,000 132,000 FOI"
2026-01-27 10:37:02,421,케이엘모바일_부성정책_ 1월 27일_ 10차 정책,umobile,7GB,auto_candidate,55000,121000,needs_review,"568 LTE (768+/ 통 화 기 본) 18,600 무제한 | 무제한 ㅣ 300 분 7668 Mbps 55,000 121,000 tot 55,000 121,000 tot"
2026-01-27 12:18:55,422,케이엘모바일_부성정책_ 1월 27일_13시~ 10차_ 수정,hello,11GB,auto_candidate,30000,100000,needs_review,"FEU 유심 1168 49,390 | 13,000 | 36,390 | 무제한 | 무제한 | 300 분 | 11GB ‘2GB+3Mbps 30,000 | 100,000 kk 30,000 100,000 | ak"
2026-01-27 12:18:55,422,케이엘모바일_부성정책_ 1월 27일_13시~ 10차_ 수정,hello,7GB,auto_candidate,30000,70000,needs_review,"| EMG 더 주는 유실 768 | 45000 | 22100 | 22000 | 무제한 | exe | 300 분 | 708 ‘Mbps 30,000 | 70,000 ak 30,000 70,000 ak"
2026-01-27 12:18:55,422,케이엘모바일_부성정책_ 1월 27일_13시~ 10차_ 수정,ktm,11GB,auto_candidate,60000,120000,needs_review,"2008 1 프리미엄 1168( 밀 리 의 서재) 45,900 34,000 무제한 무제한 300%  |1168+ 일 268| 34005 60,000 120,000 FOI 60,000 120,000 FOI"
2026-01-27 12:18:55,422,케이엘모바일_부성정책_ 1월 27일_13시~ 10차_ 수정,ktm,7GB,auto_candidate,60000,110000,needs_review,"506 M 스페셜 708( 밀 리 의 서재) 31000 | 17,900 무제한 무제한 300 분 768 ‘Mbps 60,000 110,000 ok IK 60,000 110,000 ok"
2026-01-27 12:18:55,422,케이엘모바일_부성정책_ 1월 27일_13시~ 10차_ 수정,sk7,11GB,auto_candidate,80000,120000,needs_review,"wuzoce| LTE WH (1168+/ 동 화 맘껏) | 49060 | 36,140 무제한 | 무지한 | 300 분 | 1168. |p2c8+3Mpy 80000 | 120.000 | ex | 80000 | 120.000 | ack ~ 회선 Be BALA 2 월 -7 월 요금 BAN 할인"
2026-01-27 12:18:55,422,케이엘모바일_부성정책_ 1월 27일_13시~ 10차_ 수정,skylife,11GB,auto_candidate,75000,120000,needs_review,"2008 SKY 모두 충분 1168+( 밀 리 의 서재) 34,000 무제한 무제한 300%  |1108+ 일 208 3Mbps 75,000 120,000 tok 75,000 120,000 ok"
2026-01-27 12:18:55,422,케이엘모바일_부성정책_ 1월 27일_13시~ 10차_ 수정,skylife,7GB,auto_candidate,65000,110000,needs_review,"5GB Sky 모두 SH 768+( 밀 리 의 서재) 17,900 무제한 무제한 300 분 708 ‘Mbps 65,000 110,000 *** 65,000 110,000 tok"
2026-01-27 12:18:55,422,케이엘모바일_부성정책_ 1월 27일_13시~ 10차_ 수정,umobile,11GB,auto_candidate,55000,132000,needs_review,"| ※ | LTE 스페셜 34,900 무제한 | 무제한 ㅣ 300 분 ㅣ 1168+ 일 266 ： 3Mbps 55,000 132,000 wk 55,000 132,000 FOI"
2026-01-27 12:18:55,422,케이엘모바일_부성정책_ 1월 27일_13시~ 10차_ 수정,umobile,7GB,auto_candidate,55000,121000,needs_review,"568 LTE (768+/ 통 화 기 본) 18,600 무제한 | 무제한 ㅣ 300 분 7668 Mbps 55,000 121,000 tot 55,000 121,000 tot"
2026-01-29 10:17:53,423,케이엘모바일_부성정책_ 1월 29일~ 11차,hello,11GB,auto_candidate,30000,100000,needs_review,"FEU 유심 1168 49,390 | 13,000 | 36,390 | 무제한 | 무제한 | 300 분 | 11GB ‘2GB+3Mbps 30,000 | 100,000 kk 30,000 100,000 | ak"
2026-01-29 10:17:53,423,케이엘모바일_부성정책_ 1월 29일~ 11차,hello,7GB,auto_candidate,30000,70000,needs_review,"| EMG 더 주는 유실 768 | 45000 | 22100 | 22000 | 무제한 | exe | 300 분 | 708 ‘Mbps 30,000 | 70,000 ak 30,000 70,000 ak"
2026-01-29 10:17:53,423,케이엘모바일_부성정책_ 1월 29일~ 11차,ktm,11GB,auto_candidate,60000,120000,needs_review,"2008 1 프리미엄 1168( 밀 리 의 서재) 45,900 34,000 무제한 무제한 300%  |1168+ 일 268| 34005 60,000 120,000 FOI 60,000 120,000 FOI"
2026-01-29 10:17:53,423,케이엘모바일_부성정책_ 1월 29일~ 11차,ktm,7GB,auto_candidate,60000,110000,needs_review,"506 M 스페셜 708( 밀 리 의 서재) 31000 | 17,900 무제한 무제한 300 분 768 ‘Mbps 60,000 110,000 ok IK 60,000 110,000 ok"
2026-01-29 10:17:53,423,케이엘모바일_부성정책_ 1월 29일~ 11차,sk7,11GB,auto_candidate,80000,120000,needs_review,"wuzoce| LTE WH (1168+/ 동 화 맘껏) | 49060 | 36,140 무제한 | 무지한 | 300 분 | 1168. |p2c8+3Mpy 80000 | 120.000 | ex | 80000 | 120.000 | ack ~ 회선 Be BALA 2 월 -7 월 요금 BAN 할인"
2026-01-29 10:17:53,423,케이엘모바일_부성정책_ 1월 29일~ 11차,skylife,11GB,auto_candidate,75000,120000,needs_review,"2008 SKY 모두 충분 1168+( 밀 리 의 서재) 34,000 무제한 무제한 300%  |1108+ 일 208 3Mbps 75,000 120,000 tok 75,000 120,000 ok"
2026-01-29 10:17:53,423,케이엘모바일_부성정책_ 1월 29일~ 11차,skylife,7GB,auto_candidate,65000,110000,needs_review,"5GB Sky 모두 SH 768+( 밀 리 의 서재) 17,900 무제한 무제한 300 분 708 ‘Mbps 65,000 110,000 *** 65,000 110,000 tok"
2026-01-29 10:17:53,423,케이엘모바일_부성정책_ 1월 29일~ 11차,umobile,11GB,auto_candidate,55000,132000,needs_review,"| ※ | LTE 스페셜 34,900 무제한 | 무제한 ㅣ 300 분 ㅣ 1168+ 일 2686 ㅣ 314605 55,000 132,000 ** 55,000 132,000 tok"
2026-01-29 10:17:53,423,케이엘모바일_부성정책_ 1월 29일~ 11차,umobile,7GB,auto_candidate,55000,121000,needs_review,"568 LTE (768+/ 통 화 기 본) 18,600 무제한 | 무제한 3008 7668 Mbps 55,000 121,000 kk 55,000 121,000 kk"
2026-01-30 10:12:31,424,케이엘모바일_부성정책_ 1월 30일~ 12차,hello,11GB,auto_candidate,30000,100000,needs_review,"FEY 데이터 더 주는 유심 1168 49,390 | 10,900 | 38,490 | 무제한 | 무제한 300% 11GB ‘Y2GB+3Mbps 30,000 100,000 wk 30,000 100,000 kw"
2026-01-30 10:12:31,424,케이엘모바일_부성정책_ 1월 30일~ 12차,hello,7GB,auto_candidate,30000,80000,needs_review,"데이터 더 주는 유심 768 45,100 | 23.600 | 21.500 | 무제한 | 무제한 | 300 분 | 708 ‘1Mbps 30,000 80,000 *k 30,000 80,000 1k"
2026-01-30 10:12:31,424,케이엘모바일_부성정책_ 1월 30일~ 12차,ktm,11GB,auto_candidate,60000,120000,needs_review,"2008 1 프리미엄 1168( 밀 리 의 서재) 45,900 34,000 무제한 무제한 300%  |1168+ 일 268| 34005 60,000 120,000 FOI 60,000 120,000 FOI"
2026-01-30 10:12:31,424,케이엘모바일_부성정책_ 1월 30일~ 12차,ktm,7GB,auto_candidate,60000,110000,needs_review,"506 M 스페셜 708( 밀 리 의 서재) 31000 | 17,900 무제한 무제한 300 분 768 ‘Mbps 60,000 110,000 ok IK 60,000 110,000 ok"
2026-01-30 10:12:31,424,케이엘모바일_부성정책_ 1월 30일~ 12차,sk7,11GB,auto_candidate,80000,120000,needs_review,"wuzoce| LTE WH (1168+/ 동 화 맘껏) | 49060 | 36,140 무제한 | 무지한 | 300 분 | 1168. |p2c8+3Mpy 80000 | 120.000 | ex | 80000 | 120.000 | ack ~ 회선 Be BALA 2 월 -7 월 요금 BAN 할인"
2026-01-30 10:12:31,424,케이엘모바일_부성정책_ 1월 30일~ 12차,skylife,11GB,auto_candidate,75000,120000,needs_review,"2008 SKY 모두 충분 1168+( 밀 리 의 서재) 34,000 무제한 무제한 300%  |1108+ 일 208 3Mbps 75,000 120,000 tok 75,000 120,000 ok"
2026-01-30 10:12:31,424,케이엘모바일_부성정책_ 1월 30일~ 12차,skylife,7GB,auto_candidate,65000,110000,needs_review,"5GB Sky 모두 SH 768+( 밀 리 의 서재) 17,900 무제한 무제한 300 분 708 ‘Mbps 65,000 110,000 *** 65,000 110,000 tok"
2026-01-30 10:12:31,424,케이엘모바일_부성정책_ 1월 30일~ 12차,umobile,11GB,auto_candidate,55000,132000,needs_review,"| ※ | LTE 스페셜 34,900 무제한 | 무제한 ㅣ 300 분 ㅣ 1168+ 일 2686 ㅣ 314605 55,000 132,000 ** 55,000 132,000 tok"
2026-01-30 10:12:31,424,케이엘모바일_부성정책_ 1월 30일~ 12차,umobile,7GB,auto_candidate,55000,121000,needs_review,"568 LTE (768+/ 통 화 기 본) 18,600 무제한 | 무제한 3008 7668 Mbps 55,000 121,000 kk 55,000 121,000 kk"
2026-02-01 13:15:57,425,케이엘모바일_부성정책_ 2월 1일_ 1차 정책,hello,11GB,auto_candidate,30000,100000,needs_review,"쿠 폰 팩 데이터 GFE 유심 1168 49,390 10,900 | 38,490 무제한 무제한 300% 11GB ‘@2GB+3Mbps 30,000 | 100,000, 30,000 100,000"
2026-02-01 13:15:57,425,케이엘모바일_부성정책_ 2월 1일_ 1차 정책,hello,7GB,auto_candidate,30000,80000,needs_review,"데이터 더 주는 유심 768 45,100 23,600 | 21,500 무제한 무제한 300% 7GB Mbps. 30,000 | 80,000 30,000 80,000"
2026-02-01 13:15:57,425,케이엘모바일_부성정책_ 2월 1일_ 1차 정책,ktm,11GB,auto_candidate,60000,120000,needs_review,"2008 M 프리미엄 1168( 밀 리 의 서재) 34,000 무제한 무제한 300%  1168+ 일 2068. 314605 60,000 120,000 60,000 120,000 |"
2026-02-01 13:15:57,425,케이엘모바일_부성정책_ 2월 1일_ 1차 정책,ktm,7GB,auto_candidate,60000,110000,needs_review,"5GB M 스페셜 768( 밀 리 의 서 재 ) 17,900 무제한 무제한 300 분 708 Mbps 60,000 110,000 60,000 110,000 |"
2026-02-01 13:15:57,425,케이엘모바일_부성정책_ 2월 1일_ 1차 정책,sk7,11GB,auto_candidate,80000,120000,needs_review,"결 합 1068: 글로벌 300 (1168+/ 통 화 맘껏) 46,040 36,140 무제한 ㅣ 무제한 3008 11GB 3Mbps 80,000 120,000 80,000 120,000, Bie 요금제 요금 He 프 로 오션;"
2026-02-01 13:15:57,425,케이엘모바일_부성정책_ 2월 1일_ 1차 정책,sk7,7GB,auto_candidate,80000,110000,needs_review,"결 합 1068 글로벌 300 (768+/ 통 화 맘껏) 29,040 19,140 sue 무제한 ㅣ 무제한 3008 768 Mbps. 80,000 110,000. 80,000 110,000 ㆍ 할 인 금 액 ( 월 기준)"
2026-02-01 13:15:57,425,케이엘모바일_부성정책_ 2월 1일_ 1차 정책,skylife,11GB,auto_candidate,75000,140000,needs_review,"20GB SKY 모두 충분 1168+( 밀 리 의 서재) 34,000 무제한 무제한 300 분 | 11GB+22GB) 314665 75,000 140,000 75,000 140,000"
2026-02-01 13:15:57,425,케이엘모바일_부성정책_ 2월 1일_ 1차 정책,skylife,7GB,auto_candidate,65000,130000,needs_review,"5GB SKY 모두 충분 768+( 밀 리 의 서재) 17,900 무제한 무제한 300 분 | 708 76609 65,000 130,000 65,000 130,000"
2026-02-01 13:15:57,425,케이엘모바일_부성정책_ 2월 1일_ 1차 정책,umobile,11GB,auto_candidate,55000,131000,needs_review,"2008 LTE 스페셜 34,900 무제한 무제한 | 300 11GB+ 22GB 3Mbps: 55,000 131,000 55,000 131,000"
2026-02-01 13:15:57,425,케이엘모바일_부성정책_ 2월 1일_ 1차 정책,umobile,7GB,auto_candidate,55000,120000,needs_review,"506 LTE (768+/ 통 화 기 본) 18,600 무제한 무제한 | 300 분 768 ‘Mbps 55,000 120,000 55,000 120,000"
2026-02-02 10:57:59,426,케이엘모바일_부성정책_ 2월 2일_ 2차 정책,hello,11GB,auto_candidate,30000,110000,needs_review,"FEW 데이터 더 주는 유심 1168 49,390 | 10,900 | 38,490 | 무제한 | 무제한 | 300 분 | 1168 Y2GB+3Mbps 30,000 110,000 30,000 110,000"
2026-02-02 10:57:59,426,케이엘모바일_부성정책_ 2월 2일_ 2차 정책,hello,7GB,auto_candidate,30000,100000,needs_review,"DATA 걱 정 없는 유심 768 45.100 | 26,600 | 18,500 | 무제한 | 무제한 | 300 분 7GB ‘Mbps 30,000 100,000 30,000 100,000"
2026-02-02 10:57:59,426,케이엘모바일_부성정책_ 2월 2일_ 2차 정책,ktm,11GB,auto_candidate,60000,120000,needs_review,"2008 M 프리미엄 1168( 밀 리 의 서재) 34,000 무제한 무제한 300%  1168+ 일 2068. 314605 60,000 120,000 60,000 120,000 |"
2026-02-02 10:57:59,426,케이엘모바일_부성정책_ 2월 2일_ 2차 정책,ktm,7GB,auto_candidate,60000,110000,needs_review,"5GB M 스페셜 768( 밀 리 의 서 재 ) 17,900 무제한 무제한 300 분 708 Mbps 60,000 110,000 60,000 110,000 |"
2026-02-02 10:57:59,426,케이엘모바일_부성정책_ 2월 2일_ 2차 정책,sk7,11GB,auto_candidate,80000,130000,needs_review,"결 합 1068: 글로벌 300 (1168+/ 통 화 맘껏) 46,040 36,140 무제한 ㅣ 무제한 3008 11GB 3Mbps 80,000 130,000 80,000 130,000, Bie 요금제 요금 He 프 로 오션;"
2026-02-02 10:57:59,426,케이엘모바일_부성정책_ 2월 2일_ 2차 정책,sk7,7GB,auto_candidate,80000,120000,needs_review,"결 합 1068 글로벌 300 (768+/ 통 화 맘껏) 29,040 19,140 sue 무제한 ㅣ 무제한 3008 768 Mbps. 80,000 120,000 80,000 120,000 ㆍ 할 인 금 액 ( 월 기준)"
2026-02-02 10:57:59,426,케이엘모바일_부성정책_ 2월 2일_ 2차 정책,skylife,11GB,auto_candidate,75000,140000,needs_review,"20GB SKY 모두 충분 1168+( 밀 리 의 서재) 34,000 무제한 무제한 300 분 | 11GB+22GB) 314665 75,000 140,000 75,000 140,000"
2026-02-02 10:57:59,426,케이엘모바일_부성정책_ 2월 2일_ 2차 정책,skylife,7GB,auto_candidate,65000,130000,needs_review,"5GB SKY 모두 충분 768+( 밀 리 의 서재) 17,900 무제한 무제한 300 분 | 708 76609 65,000 130,000 65,000 130,000"
2026-02-02 10:57:59,426,케이엘모바일_부성정책_ 2월 2일_ 2차 정책,umobile,11GB,auto_candidate,55000,151000,needs_review,"2008 LTE 스페셜 34,900 무제한 무제한 | 300 11GB+ 22GB 3Mbps: 55,000 151,000 55,000 151,000"
2026-02-02 10:57:59,426,케이엘모바일_부성정책_ 2월 2일_ 2차 정책,umobile,7GB,auto_candidate,55000,140000,needs_review,"568 LTE (768+/ 통 화 기 본) 18,600 무제한 무제한 | 300 분 768 ‘Mbps 55,000 140,000 55,000 140,000"
2026-02-02 14:01:52,427,케이엘모바일_부성정책_ 2월 2일_ 2차 정책_(수정),hello,11GB,auto_candidate,30000,100000,needs_review,"FEF 데이터 더 주는 FH 11GB 무제한 | 무제한 | 300 Y2GB+3Mbps 30,000 100,000 30,000 100,000"
2026-02-02 14:01:52,427,케이엘모바일_부성정책_ 2월 2일_ 2차 정책_(수정),hello,7GB,auto_candidate,30000,80000,needs_review,"| 데이터 더 주는 유심 768 45,100 | 23600 | 21,500 | 무제한 ㅣ 무제한 ㅣ 300 분 768 ‘Mbps 30,000 80,000 30,000 80,000"
2026-02-02 14:01:52,427,케이엘모바일_부성정책_ 2월 2일_ 2차 정책_(수정),ktm,11GB,auto_candidate,60000,120000,needs_review,"2008 M 프리미엄 1168( 밀 리 의 서재) 34,000 무제한 무제한 300%  |1168+ 일 208. 31665 60,000 120,000 60,000 120,000 |"
2026-02-02 14:01:52,427,케이엘모바일_부성정책_ 2월 2일_ 2차 정책_(수정),ktm,7GB,auto_candidate,60000,110000,needs_review,"5GB M 스페셜 768( 밀 리 의 서재) 17,900 무제한 무제한 300 분 7068 ‘Mbps 60,000 110,000 60,000 110,000 |"
2026-02-02 14:01:52,427,케이엘모바일_부성정책_ 2월 2일_ 2차 정책_(수정),sk7,11GB,auto_candidate,80000,130000,needs_review,"결 합 1068: 글로벌 300 (1168+/ 통 화 맘껏) 46,040 36,140 무제한 ㅣ 무제한 3008 11GB 3Mbps 80,000 130,000 80,000 130,000, Bie 요금제 요금 He 프 로 오션;"
2026-02-02 14:01:52,427,케이엘모바일_부성정책_ 2월 2일_ 2차 정책_(수정),sk7,7GB,auto_candidate,80000,120000,needs_review,"결 합 1068 글로벌 300 (768+/ 통 화 맘껏) 29,040 19,140 sue 무제한 ㅣ 무제한 3008 768 Mbps. 80,000 120,000 80,000 120,000 ㆍ 할 인 금 액 ( 월 기준)"
2026-02-02 14:01:52,427,케이엘모바일_부성정책_ 2월 2일_ 2차 정책_(수정),skylife,11GB,auto_candidate,75000,150000,needs_review,"20GB SKY 모두 충분 1168+( 밀 리 의 서재) 34,000 무제한 무제한 300 분 | 11GB+22GB) 314665 75,000 150,000 75,000 150,000"
2026-02-02 14:01:52,427,케이엘모바일_부성정책_ 2월 2일_ 2차 정책_(수정),skylife,7GB,auto_candidate,65000,140000,needs_review,"5GB SKY 모두 충분 768+( 밀 리 의 서재) 17,900 무제한 무제한 300 분 | 708 76609 65,000 140,000 65,000 140,000"
2026-02-02 14:01:52,427,케이엘모바일_부성정책_ 2월 2일_ 2차 정책_(수정),umobile,11GB,auto_candidate,55000,151000,needs_review,"2008 LTE 스페셜 34,900 무제한 무제한 | 300 11GB+ 22GB 3Mbps: 55,000 151,000 55,000 151,000"
2026-02-02 14:01:52,427,케이엘모바일_부성정책_ 2월 2일_ 2차 정책_(수정),umobile,7GB,auto_candidate,55000,140000,needs_review,"568 LTE (768+/ 통 화 기 본) 18,600 무제한 무제한 | 300 분 768 ‘Mbps 55,000 140,000 55,000 140,000"
2026-02-04 11:04:47,430,케이엘모바일_부성정책_ 2월 4일_ 3차 정책,hello,11GB,auto_candidate,30000,100000,needs_review,"FEF 데이터 더 주는 FH 11GB 무제한 | 무제한 | 300 Y2GB+3Mbps 30,000 100,000 30,000 100,000"
2026-02-04 11:04:47,430,케이엘모바일_부성정책_ 2월 4일_ 3차 정책,hello,7GB,auto_candidate,30000,80000,needs_review,"| 데이터 더 주는 유심 768 45,100 | 23600 | 21,500 | 무제한 ㅣ 무제한 ㅣ 300 분 768 ‘Mbps 30,000 80,000 30,000 80,000"
2026-02-04 11:04:47,430,케이엘모바일_부성정책_ 2월 4일_ 3차 정책,ktm,11GB,auto_candidate,60000,120000,needs_review,"20GB M 프리미엄 1168( 밀 리 의 서 재 ) 34,000 무제한 무제한 300 분 1168+ 일 268. 3Mbps 60,000 120,000 wk 60,000 120,000 ek"
2026-02-04 11:04:47,430,케이엘모바일_부성정책_ 2월 4일_ 3차 정책,ktm,7GB,auto_candidate,60000,110000,needs_review,"5GB M 스페셜 760( 밀 리 의 서재) 17,900 무제한 무제한 300 분 768 ‘Mbps 60,000 110,000 * 60,000 110,000 wk"
2026-02-04 11:04:47,430,케이엘모바일_부성정책_ 2월 4일_ 3차 정책,sk7,11GB,auto_candidate,80000,110000,needs_review,"결 합 1068: 글로벌 300 (1168+/ 통 화 맘껏) 46,040 36,140 무제한 ㅣ 무제한 3008 11GB 3Mbps 80,000 110,000 80,000 110,000 Bie 요금제 요금 He 프 로 오션;"
2026-02-04 11:04:47,430,케이엘모바일_부성정책_ 2월 4일_ 3차 정책,sk7,7GB,auto_candidate,80000,100000,needs_review,"결 합 1068 글로벌 300 (768+/ 통 화 맘껏) 29,040 19,140 sue 무제한 ㅣ 무제한 3008 768 Mbps. 80,000 100,000 80,000 100,000 ㆍ 할 인 금 액 ( 월 기준)"
2026-02-04 11:04:47,430,케이엘모바일_부성정책_ 2월 4일_ 3차 정책,skylife,11GB,auto_candidate,75000,120000,needs_review,"2008 SKY 모두 충분 1168+( 밀 리 의 서 재 ) 34,000 무제한 무제한 300%  1168+ 일 208| 34665 75,000 120,000 tk 75,000 120,000 kkk"
2026-02-04 11:04:47,430,케이엘모바일_부성정책_ 2월 4일_ 3차 정책,skylife,7GB,auto_candidate,65000,110000,needs_review,"5GB SKY 모두 충분 768+( 밀 리 의 서재) 17,900 무제한 무제한 300 분 768 ‘Mbps 65,000 110,000 *** 65,000 110,000 kkk"
2026-02-04 11:04:47,430,케이엘모바일_부성정책_ 2월 4일_ 3차 정책,umobile,11GB,auto_candidate,55000,131000,needs_review,"2008 이 동 의 를 거 움 (- 패 스 (7168+ 동 화 기 본) 34,900 쿠 제한 무제한 | 300% ㅣ 11G8+22GB | 3Mbps 55,000 131,000 ** 55,000 131,000 1k"
2026-02-04 11:04:47,430,케이엘모바일_부성정책_ 2월 4일_ 3차 정책,umobile,7GB,auto_candidate,55000,120000,needs_review,"508 LTE (768+/ 통 화 기 본) 18,600 무제한 무제한 | 300 분 768 ‘Mbps 55,000 120,000 ek 55,000 120,000 **"
2026-02-04 13:05:00,431,케이엘모바일_부성정책_ 2월 4일_ 3차 정책_(수정),hello,11GB,auto_candidate,30000,100000,needs_review,"FEF 데이터 더 주는 FH 11GB 무제한 | 무제한 | 300 Y2GB+3Mbps 30,000 100,000 30,000 100,000"
2026-02-04 13:05:00,431,케이엘모바일_부성정책_ 2월 4일_ 3차 정책_(수정),hello,7GB,auto_candidate,30000,80000,needs_review,"| 데이터 더 주는 유심 768 45,100 | 23600 | 21,500 | 무제한 ㅣ 무제한 ㅣ 300 분 768 ‘Mbps 30,000 80,000 30,000 80,000"
2026-02-04 13:05:00,431,케이엘모바일_부성정책_ 2월 4일_ 3차 정책_(수정),ktm,11GB,auto_candidate,60000,110000,needs_review,"2008 M 프리미엄 1168( 밀 리 의 서재) 34,000 무제한 무제한 300%  |1168+ 일 208. 314605 60,000 110,000 60,000 110,000 |"
2026-02-04 13:05:00,431,케이엘모바일_부성정책_ 2월 4일_ 3차 정책_(수정),ktm,7GB,auto_candidate,60000,100000,needs_review,"5GB M 스페셜 768( 밀 리 의 서재) 17,900 무제한 무제한 300 분 7068 Mbps 60,000 100,000 60,000 100,000 |"
2026-02-04 13:05:00,431,케이엘모바일_부성정책_ 2월 4일_ 3차 정책_(수정),sk7,11GB,auto_candidate,80000,110000,needs_review,"결 합 1068: 글로벌 300 (1168+/ 통 화 맘껏) 46,040 36,140 무제한 ㅣ 무제한 3008 11GB 3Mbps 80,000 110,000 80,000 110,000 Bie 요금제 요금 He 프 로 오션;"
2026-02-04 13:05:00,431,케이엘모바일_부성정책_ 2월 4일_ 3차 정책_(수정),sk7,7GB,auto_candidate,80000,100000,needs_review,"결 합 1068 글로벌 300 (768+/ 통 화 맘껏) 29,040 19,140 sue 무제한 ㅣ 무제한 3008 768 Mbps. 80,000 100,000 80,000 100,000 ㆍ 할 인 금 액 ( 월 기준)"
2026-02-04 13:05:00,431,케이엘모바일_부성정책_ 2월 4일_ 3차 정책_(수정),skylife,11GB,auto_candidate,75000,120000,needs_review,"2008 SKY 모두 충분 1168+( 밀 리 의 서 재 ) 34,000 무제한 무제한 300%  1168+ 일 208| 34665 75,000 120,000 tk 75,000 120,000 kkk"
2026-02-04 13:05:00,431,케이엘모바일_부성정책_ 2월 4일_ 3차 정책_(수정),skylife,7GB,auto_candidate,65000,110000,needs_review,"5GB SKY 모두 충분 768+( 밀 리 의 서재) 17,900 무제한 무제한 300 분 768 ‘Mbps 65,000 110,000 *** 65,000 110,000 kkk"
2026-02-04 13:05:00,431,케이엘모바일_부성정책_ 2월 4일_ 3차 정책_(수정),umobile,11GB,auto_candidate,55000,131000,needs_review,"2008 이 동 의 를 거 움 (- 패 스 (7168+ 동 화 기 본) 34,900 쿠 제한 무제한 | 300% ㅣ 11G8+22GB | 3Mbps 55,000 131,000 ** 55,000 131,000 1k"
2026-02-04 13:05:00,431,케이엘모바일_부성정책_ 2월 4일_ 3차 정책_(수정),umobile,7GB,auto_candidate,55000,120000,needs_review,"508 LTE (768+/ 통 화 기 본) 18,600 무제한 무제한 | 300 분 768 ‘Mbps 55,000 120,000 ek 55,000 120,000 **"
2026-02-04 16:03:13,432,케이엘모바일_부성정책_ 2월 4일_ 4차 정책,hello,11GB,auto_candidate,30000,100000,needs_review,"쿠 폰 팩 데이터 GFE 유심 1168 49,390 10,900 | 38,490 무제한 ㅣ 무제한 300% 11GB ‘@2GB+3Mbps 30,000 | 100,000, 30,000 100,000"
2026-02-04 16:03:13,432,케이엘모바일_부성정책_ 2월 4일_ 4차 정책,hello,7GB,auto_candidate,30000,80000,needs_review,"데이터 더 주는 유심 768 45,100 | 23,600 | 21,500 무제한 | 무제한 3008 7GB Mbps. 30,000 | 80,000 30,000 80,000"
2026-02-04 16:03:13,432,케이엘모바일_부성정책_ 2월 4일_ 4차 정책,ktm,11GB,auto_candidate,60000,110000,needs_review,"2008 M 프리미엄 1168( 밀 리 의 서재) 34,000 무제한 무제한 300%  |1168+ 일 208. 314605 60,000 110,000 60,000 110,000 |"
2026-02-04 16:03:13,432,케이엘모바일_부성정책_ 2월 4일_ 4차 정책,ktm,7GB,auto_candidate,60000,100000,needs_review,"5GB M 스페셜 768( 밀 리 의 서재) 17,900 무제한 무제한 300 분 7068 Mbps 60,000 100,000 60,000 100,000 |"
2026-02-04 16:03:13,432,케이엘모바일_부성정책_ 2월 4일_ 4차 정책,sk7,11GB,auto_candidate,80000,110000,needs_review,"결 합 1068: 글로벌 300 (1168+/ 통 화 맘껏) 46,040 36,140 무제한 ㅣ 무제한 3008 11GB 3Mbps 80,000 110,000 80,000 110,000 Bie 요금제 요금 He 프 로 오션;"
2026-02-04 16:03:13,432,케이엘모바일_부성정책_ 2월 4일_ 4차 정책,sk7,7GB,auto_candidate,80000,100000,needs_review,"결 합 1068 글로벌 300 (768+/ 통 화 맘껏) 29,040 19,140 sue 무제한 ㅣ 무제한 3008 768 Mbps. 80,000 100,000 80,000 100,000 ㆍ 할 인 금 액 ( 월 기준)"
2026-02-04 16:03:13,432,케이엘모바일_부성정책_ 2월 4일_ 4차 정책,skylife,11GB,auto_candidate,75000,110000,needs_review,"20GB SKY 모두 충분 1168+( 밀 리 의 서 재 ) 34,000 무제한 무제한 300 분  1168+ 일 266| 3Mbps 75,000 110,000 75,000 110,000"
2026-02-04 16:03:13,432,케이엘모바일_부성정책_ 2월 4일_ 4차 정책,skylife,7GB,auto_candidate,65000,100000,needs_review,"5GB 1068 SKY 모두 충분 768+( 밀 리 의 서재) 17,900 무제한 무제한 300 분 768 1Mbps 65,000 100,000 65,000 100,000"
2026-02-04 16:03:13,432,케이엘모바일_부성정책_ 2월 4일_ 4차 정책,umobile,11GB,auto_candidate,55000,131000,needs_review,"2008 이 동 의 를 거 움 (- 패 스 (7168+ 동 화 기 본) 34,900 쿠 제한 무제한 | 300% ㅣ 11G8+22GB | 3Mbps 55,000 131,000 ** 55,000 131,000 1k"
2026-02-04 16:03:13,432,케이엘모바일_부성정책_ 2월 4일_ 4차 정책,umobile,7GB,auto_candidate,55000,120000,needs_review,"508 LTE (768+/ 통 화 기 본) 18,600 무제한 무제한 | 300 분 768 ‘Mbps 55,000 120,000 ek 55,000 120,000 **"
2026-02-05 10:46:16,433,케이엘모바일_부성정책_ 2월 5일_ 5차 정책,hello,11GB,auto_candidate,30000,100000,needs_review,"| 쿠 폰 팩 유심 1166"" | 49,390 | 13,000 | 36,390 | 무제한 | 무제한 | 300 분 | 11GB ‘2GB+3Mbps 30,000 100,000 | 30,000 | 100,000"
2026-02-05 10:46:16,433,케이엘모바일_부성정책_ 2월 5일_ 5차 정책,hello,7GB,auto_candidate,30000,90000,needs_review,"DATA 걱 정 없는 유심 768 45,100 | 26600 | 18,500 | 무제한 | 무제한 | 300 분 | 768 1Mbps 30,000 90,000 30,000 90,000"
2026-02-05 10:46:16,433,케이엘모바일_부성정책_ 2월 5일_ 5차 정책,ktm,11GB,auto_candidate,60000,110000,needs_review,"2008 M 프리미엄 1168( 밀 리 의 서재) 34,000 무제한 무제한 300%  |1168+ 일 208. 314605 60,000 110,000 60,000 110,000 |"
2026-02-05 10:46:16,433,케이엘모바일_부성정책_ 2월 5일_ 5차 정책,ktm,7GB,auto_candidate,60000,100000,needs_review,"5GB M 스페셜 768( 밀 리 의 서재) 17,900 무제한 무제한 300 분 7068 Mbps 60,000 100,000 60,000 100,000 |"
2026-02-05 10:46:16,433,케이엘모바일_부성정책_ 2월 5일_ 5차 정책,sk7,11GB,auto_candidate,80000,110000,needs_review,"결 합 1068: 글로벌 300 (1168+/ 통 화 맘껏) 46,040 36,140 무제한 ㅣ 무제한 3008 11GB 3Mbps 80,000 110,000 80,000 110,000 Bie 요금제 요금 He 프 로 오션;"
2026-02-05 10:46:16,433,케이엘모바일_부성정책_ 2월 5일_ 5차 정책,sk7,7GB,auto_candidate,80000,100000,needs_review,"결 합 1068 글로벌 300 (768+/ 통 화 맘껏) 29,040 19,140 sue 무제한 ㅣ 무제한 3008 768 Mbps. 80,000 100,000 80,000 100,000 ㆍ 할 인 금 액 ( 월 기준)"
2026-02-05 10:46:16,433,케이엘모바일_부성정책_ 2월 5일_ 5차 정책,skylife,11GB,auto_candidate,65000,110000,needs_review,"20GB | SKY 모두 충분 1168+( 밀 리 의 서 재 ) 34,000 무제한 무제한 | 300 분 1168+ 일 268| 3Mbps 65,000 110,000 65,000 | 110,000"
2026-02-05 10:46:16,433,케이엘모바일_부성정책_ 2월 5일_ 5차 정책,skylife,7GB,auto_candidate,55000,100000,needs_review,"568 1068 ㅣ SKY 모두 충분 768+( 모 아진) 17,900 무제한 무제한 ㅣ 300 분 768 | 14685 55,000 100,000 55,000 | 100,000"
2026-02-05 10:46:16,433,케이엘모바일_부성정책_ 2월 5일_ 5차 정책,umobile,11GB,auto_candidate,55000,101000,needs_review,"2008 이 동 의 를 거 움 - 패 스 (7168+ 동 화 기 본) 34,900 무제한 무제한 | 300% ㅣ 11G8+22GB | 3Mbps 55,000 101,000 | kkk) 55,000 101,000 | kkk"
2026-02-05 10:46:16,433,케이엘모바일_부성정책_ 2월 5일_ 5차 정책,umobile,7GB,auto_candidate,55000,100000,needs_review,"508 LTE (768+/ 통 화 기 본) 18,600 무제한 무제한 | 300 분 768 ‘Mbps 55,000 100,000 deka . 55,000 100,000 **"
2026-02-05 13:48:22,434,케이엘모바일_부성정책_ 2월 5일_ 5차 정책_(수정),hello,11GB,auto_candidate,30000,100000,needs_review,"FEW 데이터 더 주는 유심 1168 49,390 | 10,900 | 38,490 | 무제한 | 무제한 | 300 분 | 1168 Y2GB+3Mbps 30,000 100,000 30,000 100,000"
2026-02-05 13:48:22,434,케이엘모바일_부성정책_ 2월 5일_ 5차 정책_(수정),hello,7GB,auto_candidate,30000,90000,needs_review,"DATA 걱 정 없는 유심 768 45.100 | 26,600 | 18,500 | 무제한 | 무제한 | 300 분 7GB ‘Mbps 30,000 90,000 30,000 90,000"
2026-02-05 13:48:22,434,케이엘모바일_부성정책_ 2월 5일_ 5차 정책_(수정),ktm,11GB,auto_candidate,60000,110000,needs_review,"2008 M 프리미엄 1168( 밀 리 의 서재) 34,000 무제한 무제한 300%  |1168+ 일 208. 314605 60,000 110,000 60,000 110,000 |"
2026-02-05 13:48:22,434,케이엘모바일_부성정책_ 2월 5일_ 5차 정책_(수정),ktm,7GB,auto_candidate,60000,100000,needs_review,"5GB M 스페셜 768( 밀 리 의 서재) 17,900 무제한 무제한 300 분 708 Mbps 60,000 100,000 60,000 100,000 |"
2026-02-05 13:48:22,434,케이엘모바일_부성정책_ 2월 5일_ 5차 정책_(수정),sk7,11GB,auto_candidate,80000,110000,needs_review,"결 합 1068: 글로벌 300 (1168+/ 통 화 맘껏) 46,040 36,140 무제한 ㅣ 무제한 3008 11GB 3Mbps 80,000 110,000 80,000 110,000 Bie 요금제 요금 He 프 로 오션;"
2026-02-05 13:48:22,434,케이엘모바일_부성정책_ 2월 5일_ 5차 정책_(수정),sk7,7GB,auto_candidate,80000,100000,needs_review,"결 합 1068 글로벌 300 (768+/ 통 화 맘껏) 29,040 19,140 sue 무제한 ㅣ 무제한 3008 768 Mbps. 80,000 100,000 80,000 100,000 ㆍ 할 인 금 액 ( 월 기준)"
2026-02-05 13:48:22,434,케이엘모바일_부성정책_ 2월 5일_ 5차 정책_(수정),skylife,11GB,auto_candidate,65000,110000,needs_review,"20GB | SKY 모두 충분 1168+( 밀 리 의 서 재 ) 34,000 무제한 무제한 | 300 분 1168+ 일 268| 3Mbps 65,000 110,000 65,000 | 110,000"
2026-02-05 13:48:22,434,케이엘모바일_부성정책_ 2월 5일_ 5차 정책_(수정),skylife,7GB,auto_candidate,55000,100000,needs_review,"568 1068 ㅣ SKY 모두 충분 768+( 모 아진) 17,900 무제한 무제한 ㅣ 300 분 768 | 14685 55,000 100,000 55,000 | 100,000"
2026-02-05 13:48:22,434,케이엘모바일_부성정책_ 2월 5일_ 5차 정책_(수정),umobile,11GB,auto_candidate,55000,111000,needs_review,"2008 LTE 스페셜 34,900 무제한 무제한 | 300 11GB+ 22GB 3Mbps: | 55,000 111,000 55,000 111,000"
2026-02-05 13:48:22,434,케이엘모바일_부성정책_ 2월 5일_ 5차 정책_(수정),umobile,7GB,auto_candidate,55000,100000,needs_review,"506 LTE (768+/ 통 화 기 본) 18,600 무제한 무제한 | 300 분 768 ‘Mbps | 55,000 100,000 55,000 100,000"
2026-02-06 11:26:39,435,케이엘모바일_부성정책_ 2월 6일_ 6차 정책_(수정),hello,11GB,auto_candidate,30000,100000,needs_review,"FEW 데이터 더 주는 유심 1168 49,390 | 10,900 | 38,490 | 무제한 | 무제한 | 300 분 | 1168 Y2GB+3Mbps 30,000 100,000 30,000 100,000"
2026-02-06 11:26:39,435,케이엘모바일_부성정책_ 2월 6일_ 6차 정책_(수정),hello,7GB,auto_candidate,30000,90000,needs_review,"DATA 걱 정 없는 유심 768 45.100 | 26,600 | 18,500 | 무제한 | 무제한 | 300 분 7GB ‘Mbps 30,000 90,000 30,000 90,000"
2026-02-06 11:26:39,435,케이엘모바일_부성정책_ 2월 6일_ 6차 정책_(수정),ktm,11GB,auto_candidate,80000,110000,needs_review,"2008 M 프리미엄 1168( 밀 리 의 서재) 34,000 무제한 무제한 300%  |1168+ 일 208| 34605 80,000 110,000 80,000 110,000"
2026-02-06 11:26:39,435,케이엘모바일_부성정책_ 2월 6일_ 6차 정책_(수정),ktm,7GB,auto_candidate,80000,100000,needs_review,"5GB M 스페셜 768( 밀 리 의 서 재 ) 17,900 무제한 무제한 300 분 708 Mbps 80,000 100,000 80,000 | 100,000"
2026-02-06 11:26:39,435,케이엘모바일_부성정책_ 2월 6일_ 6차 정책_(수정),sk7,11GB,auto_candidate,80000,110000,needs_review,"결 합 1068: 글로벌 300 (1168+/ 통 화 맘껏) 46,040 36,140 무제한 ㅣ 무제한 3008 11GB 3Mbps 80,000 110,000 80,000 110,000 Bie 요금제 요금 He 프 로 오션;"
2026-02-06 11:26:39,435,케이엘모바일_부성정책_ 2월 6일_ 6차 정책_(수정),sk7,7GB,auto_candidate,80000,100000,needs_review,"결 합 1068 글로벌 300 (768+/ 통 화 맘껏) 29,040 19,140 sue 무제한 ㅣ 무제한 3008 768 Mbps. 80,000 100,000 80,000 100,000 ㆍ 할 인 금 액 ( 월 기준)"
2026-02-06 11:26:39,435,케이엘모바일_부성정책_ 2월 6일_ 6차 정책_(수정),skylife,11GB,auto_candidate,65000,110000,needs_review,"20GB | SKY 모두 충분 1168+( 밀 리 의 서 재 ) 34,000 무제한 무제한 | 300 분 1168+ 일 268| 3Mbps 65,000 110,000 65,000 | 110,000"
2026-02-06 11:26:39,435,케이엘모바일_부성정책_ 2월 6일_ 6차 정책_(수정),skylife,7GB,auto_candidate,55000,100000,needs_review,"568 1068 ㅣ SKY 모두 충분 768+( 모 아진) 17,900 무제한 무제한 ㅣ 300 분 768 | 14685 55,000 100,000 55,000 | 100,000"
2026-02-06 11:26:39,435,케이엘모바일_부성정책_ 2월 6일_ 6차 정책_(수정),umobile,11GB,auto_candidate,55000,111000,needs_review,"2008 LTE 스페셜 34,900 무제한 무제한 | 300 11GB+ 22GB 3Mbps: | 55,000 111,000 55,000 111,000"
2026-02-06 11:26:39,435,케이엘모바일_부성정책_ 2월 6일_ 6차 정책_(수정),umobile,7GB,auto_candidate,55000,100000,needs_review,"506 LTE (768+/ 통 화 기 본) 18,600 무제한 무제한 | 300 분 768 ‘Mbps | 55,000 100,000 55,000 100,000"
2026-02-10 10:37:54,436,케이엘모바일_부성정책_ 2월 10일_ 7차 정책,hello,11GB,auto_candidate,30000,100000,needs_review,"FEW 데이터 더 주는 유심 1168 49,390 | 10,900 | 38,490 | 무제한 | 무제한 | 300 분 | 1168 Y2GB+3Mbps 30,000 100,000 30,000 100,000"
2026-02-10 10:37:54,436,케이엘모바일_부성정책_ 2월 10일_ 7차 정책,hello,7GB,auto_candidate,30000,90000,needs_review,"DATA 걱 정 없는 유심 768 45.100 | 26,600 | 18,500 | 무제한 | 무제한 | 300 분 7GB ‘Mbps 30,000 90,000 30,000 90,000"
2026-02-10 10:37:54,436,케이엘모바일_부성정책_ 2월 10일_ 7차 정책,ktm,11GB,auto_candidate,80000,110000,needs_review,"2008 M 프리미엄 1168( 밀 리 의 서재) 34,000 무제한 무제한 300%  |1168+ 일 208| 34605 80,000 110,000 80,000 110,000"
2026-02-10 10:37:54,436,케이엘모바일_부성정책_ 2월 10일_ 7차 정책,ktm,7GB,auto_candidate,80000,100000,needs_review,"5GB M 스페셜 768( 밀 리 의 서 재 ) 17,900 무제한 무제한 300 분 708 Mbps 80,000 100,000 80,000 | 100,000"
2026-02-10 10:37:54,436,케이엘모바일_부성정책_ 2월 10일_ 7차 정책,sk7,11GB,auto_candidate,80000,110000,needs_review,"결 합 1068: 글로벌 300 (1168+/ 통 화 맘껏) 46,040 36,140 무제한 ㅣ 무제한 3008 11GB 3Mbps 80,000 110,000 80,000 110,000 Bie 요금제 요금 He 프 로 오션;"
2026-02-10 10:37:54,436,케이엘모바일_부성정책_ 2월 10일_ 7차 정책,sk7,7GB,auto_candidate,80000,100000,needs_review,"결 합 1068 글로벌 300 (768+/ 통 화 맘껏) 29,040 19,140 sue 무제한 ㅣ 무제한 3008 768 Mbps. 80,000 100,000 80,000 100,000 ㆍ 할 인 금 액 ( 월 기준)"
2026-02-10 10:37:54,436,케이엘모바일_부성정책_ 2월 10일_ 7차 정책,skylife,11GB,auto_candidate,65000,110000,needs_review,"20GB | SKY 모두 충분 1168+( 밀 리 의 서 재 ) 34,000 무제한 무제한 | 300 분 1168+ 일 268| 3Mbps 65,000 110,000 65,000 | 110,000"
2026-02-10 10:37:54,436,케이엘모바일_부성정책_ 2월 10일_ 7차 정책,skylife,7GB,auto_candidate,55000,100000,needs_review,"568 1068 ㅣ SKY 모두 충분 768+( 모 아진) 17,900 무제한 무제한 ㅣ 300 분 768 | 14685 55,000 100,000 55,000 | 100,000"
2026-02-10 10:37:54,436,케이엘모바일_부성정책_ 2월 10일_ 7차 정책,umobile,11GB,auto_candidate,55000,111000,needs_review,"2008 LTE 스페셜 34,900 무제한 무제한 | 300 11GB+ 22GB 3Mbps: | 55,000 111,000 55,000 111,000"
2026-02-10 10:37:54,436,케이엘모바일_부성정책_ 2월 10일_ 7차 정책,umobile,7GB,auto_candidate,55000,100000,needs_review,"506 LTE (768+/ 통 화 기 본) 18,600 무제한 무제한 | 300 분 768 ‘Mbps | 55,000 100,000 55,000 100,000"
2026-02-10 16:01:39,437,케이엘모바일_부성정책_ 2월 10일_ 7차 정책_(수정),hello,11GB,auto_candidate,30000,100000,needs_review,"FEW 데이터 더 주는 유심 1168 49,390 | 10,900 | 38,490 | 무제한 | 무제한 | 300 분 | 1168 Y2GB+3Mbps 30,000 100,000 30,000 100,000"
2026-02-10 16:01:39,437,케이엘모바일_부성정책_ 2월 10일_ 7차 정책_(수정),hello,7GB,auto_candidate,30000,90000,needs_review,"DATA 걱 정 없는 유심 768 45.100 | 26,600 | 18,500 | 무제한 | 무제한 | 300 분 7GB ‘Mbps 30,000 90,000 30,000 90,000"
2026-02-10 16:01:39,437,케이엘모바일_부성정책_ 2월 10일_ 7차 정책_(수정),ktm,11GB,auto_candidate,80000,110000,needs_review,"2008 M 프리미엄 1168( 밀 리 의 서재) 34,000 무제한 무제한 300%  |1168+ 일 208| 34605 80,000 110,000 80,000 110,000"
2026-02-10 16:01:39,437,케이엘모바일_부성정책_ 2월 10일_ 7차 정책_(수정),ktm,7GB,auto_candidate,80000,100000,needs_review,"5GB M 스페셜 768( 밀 리 의 서 재 ) 17,900 무제한 무제한 300 분 708 Mbps 80,000 100,000 80,000 | 100,000"
2026-02-10 16:01:39,437,케이엘모바일_부성정책_ 2월 10일_ 7차 정책_(수정),sk7,11GB,auto_candidate,100000,110000,needs_review,"결 합 1066 . 글로벌 300 (1168+/ 통 화 맘껏) | 46,040 36,140 무제한 무제한 300 분 1168 3Mbps 100,000 110,000 100,000 | 110,000"
2026-02-10 16:01:39,437,케이엘모바일_부성정책_ 2월 10일_ 7차 정책_(수정),sk7,7GB,auto_candidate,100000,100000,needs_review,"결 합 1066 글로벌 300 (768+/ 통 화 맘 껏 ) 29,040 19,140 .65 편 의 점 무제한 무제한 300 분 768 Mbps. 100,000 100,000 100,000 | 100,000"
2026-02-10 16:01:39,437,케이엘모바일_부성정책_ 2월 10일_ 7차 정책_(수정),skylife,11GB,auto_candidate,65000,110000,needs_review,"20GB | SKY 모두 충분 1168+( 밀 리 의 서 재 ) 34,000 무제한 무제한 | 300 분 1168+ 일 268| 3Mbps 65,000 110,000 65,000 | 110,000"
2026-02-10 16:01:39,437,케이엘모바일_부성정책_ 2월 10일_ 7차 정책_(수정),skylife,7GB,auto_candidate,55000,100000,needs_review,"568 1068 ㅣ SKY 모두 충분 768+( 모 아진) 17,900 무제한 무제한 ㅣ 300 분 768 | 14685 55,000 100,000 55,000 | 100,000"
2026-02-10 16:01:39,437,케이엘모바일_부성정책_ 2월 10일_ 7차 정책_(수정),umobile,11GB,auto_candidate,55000,111000,needs_review,"2008 LTE 스페셜 34,900 무제한 무제한 | 300 11GB+ 22GB 3Mbps: | 55,000 111,000 55,000 111,000"
2026-02-10 16:01:39,437,케이엘모바일_부성정책_ 2월 10일_ 7차 정책_(수정),umobile,7GB,auto_candidate,55000,100000,needs_review,"506 LTE (768+/ 통 화 기 본) 18,600 무제한 무제한 | 300 분 768 ‘Mbps | 55,000 100,000 55,000 100,000"
2026-02-11 11:30:08,438,케이엘모바일_부성정책_ 2월 11일_ 8차 정책,hello,11GB,auto_candidate,30000,100000,needs_review,"FEW 데이터 더 주는 유심 1168 49,390 | 10,900 | 38,490 | 무제한 | 무제한 | 300 분 | 1168 Y2GB+3Mbps 30,000 100,000 30,000 100,000"
2026-02-11 11:30:08,438,케이엘모바일_부성정책_ 2월 11일_ 8차 정책,hello,7GB,auto_candidate,30000,90000,needs_review,"DATA 걱 정 없는 유심 768 45,100 | 26,600 | 18,500 | 무제한 | 무제한 | 3008 7GB ‘Mbps 30,000 90,000 30,000 90,000"
2026-02-11 11:30:08,438,케이엘모바일_부성정책_ 2월 11일_ 8차 정책,ktm,11GB,auto_candidate,80000,110000,needs_review,"2008 M 프리미엄 1168( 밀 리 의 서재) 34,000 무제한 무제한 300%  |1168+ 일 208| 34605 80,000 110,000 80,000 110,000"
2026-02-11 11:30:08,438,케이엘모바일_부성정책_ 2월 11일_ 8차 정책,ktm,7GB,auto_candidate,80000,100000,needs_review,"5GB M 스페셜 768( 밀 리 의 서 재 ) 17,900 무제한 무제한 300 분 708 Mbps 80,000 100,000 80,000 | 100,000"
2026-02-11 11:30:08,438,케이엘모바일_부성정책_ 2월 11일_ 8차 정책,sk7,11GB,auto_candidate,100000,110000,needs_review,"결 합 1066 . 글로벌 300 (1168+/ 통 화 맘껏) | 46,040 36,140 무제한 무제한 300 분 1168 3Mbps 100,000 110,000 100,000 | 110,000"
2026-02-11 11:30:08,438,케이엘모바일_부성정책_ 2월 11일_ 8차 정책,sk7,7GB,auto_candidate,100000,100000,needs_review,"결 합 1066 글로벌 300 (768+/ 통 화 맘 껏 ) 29,040 19,140 .65 편 의 점 무제한 무제한 300 분 768 Mbps. 100,000 100,000 100,000 | 100,000"
2026-02-11 11:30:08,438,케이엘모바일_부성정책_ 2월 11일_ 8차 정책,skylife,11GB,auto_candidate,65000,110000,needs_review,"20GB | SKY 모두 충분 1168+( 밀 리 의 서 재 ) 34,000 무제한 무제한 | 300 분 1168+ 일 268| 3Mbps 65,000 110,000 65,000 | 110,000"
2026-02-11 11:30:08,438,케이엘모바일_부성정책_ 2월 11일_ 8차 정책,skylife,7GB,auto_candidate,55000,100000,needs_review,"568 1068 ㅣ SKY 모두 충분 768+( 모 아진) 17,900 무제한 무제한 ㅣ 300 분 768 | 14685 55,000 100,000 55,000 | 100,000"
2026-02-11 11:30:08,438,케이엘모바일_부성정책_ 2월 11일_ 8차 정책,umobile,11GB,auto_candidate,55000,110000,needs_review,"2008 LTE 스페셜 34,900 무제한 무제한 | 300 11GB+ 22GB 3Mbps: | 55,000 110,000 55,000 110,000"
2026-02-11 11:30:08,438,케이엘모바일_부성정책_ 2월 11일_ 8차 정책,umobile,7GB,auto_candidate,55000,100000,needs_review,"568 LTE (768+/ 통 화 기 본) 18,600 무제한 무제한 | 300 분 768 ‘Mbps | 55,000 100,000 55,000 100,000"
2026-02-12 10:19:04,439,케이엘모바일_부성정책_ 2월 12일_ 9차 정책,hello,11GB,auto_candidate,30000,100000,needs_review,"FEW 데이터 더 주는 유심 1168 49,390 | 10,900 | 38,490 | 무제한 | 무제한 | 300 분 | 1168 Y2GB+3Mbps 30,000 100,000 30,000 100,000"
2026-02-12 10:19:04,439,케이엘모바일_부성정책_ 2월 12일_ 9차 정책,hello,7GB,auto_candidate,30000,90000,needs_review,"DATA 걱 정 없는 유심 768 45,100 | 26,600 | 18,500 | 무제한 | 무제한 | 3008 7GB ‘Mbps 30,000 90,000 30,000 90,000"
2026-02-12 10:19:04,439,케이엘모바일_부성정책_ 2월 12일_ 9차 정책,ktm,11GB,auto_candidate,60000,110000,needs_review,"2008 M 프리미엄 1168( 밀 리 의 서 재 ) 34,000 무제한 무제한 300%  |1168+ 일 208. 314605 60,000 110,000 60,000 110,000 |"
2026-02-12 10:19:04,439,케이엘모바일_부성정책_ 2월 12일_ 9차 정책,ktm,7GB,auto_candidate,60000,100000,needs_review,"5GB M 스페셜 768( 밀 리 의 서재) 17,900 무제한 무제한 300 분 7068 ‘Mbps 60,000 100,000 60,000 100,000 |"
2026-02-12 10:19:04,439,케이엘모바일_부성정책_ 2월 12일_ 9차 정책,sk7,11GB,auto_candidate,100000,110000,needs_review,"결 합 1068: 글로벌 300 (1168+/ 통 화 맘껏) 46,040 36,140 무제한 | 무제한 300 분 1168 3Mbps 100,000 110,000 100,000 110,000, B22 요금제 요 근 Ho 프 로 오션;"
2026-02-12 10:19:04,439,케이엘모바일_부성정책_ 2월 12일_ 9차 정책,sk7,7GB,auto_candidate,100000,100000,needs_review,"결 합 1068 글로벌 300 (768+/ 통 화 맘껏) 29.040 19,140 .65 편 의 점 무제한 | 무제한 300 분 768 Mbps 100,000, 100,000. 100,000 100,000, ㆍ 할 인 금 액 ( 월 기준)"
2026-02-12 10:19:04,439,케이엘모바일_부성정책_ 2월 12일_ 9차 정책,skylife,11GB,auto_candidate,65000,110000,needs_review,"20GB | SKY 모두 충분 1168+( 밀 리 의 서 재 ) 34,000 무제한 무제한 | 300 분 1168+ 일 268| 3Mbps 65,000 110,000 65,000 | 110,000"
2026-02-12 10:19:04,439,케이엘모바일_부성정책_ 2월 12일_ 9차 정책,skylife,7GB,auto_candidate,55000,100000,needs_review,"568 1068 ㅣ SKY 모두 충분 768+( 모 아진) 17,900 무제한 무제한 ㅣ 300 분 768 | 14685 55,000 100,000 55,000 100,000"
2026-02-12 10:19:04,439,케이엘모바일_부성정책_ 2월 12일_ 9차 정책,umobile,11GB,auto_candidate,55000,110000,needs_review,"2008 LTE 스페셜 34,900 무제한 무제한 | 300 11GB+ 22GB 3Mbps: | 55,000 110,000 55,000 110,000"
2026-02-12 10:19:04,439,케이엘모바일_부성정책_ 2월 12일_ 9차 정책,umobile,7GB,auto_candidate,55000,100000,needs_review,"506 LTE (768+/ 통 화 기 본) 18,600 무제한 무제한 | 300 분 768 ‘Mbps | 55,000 100,000 55,000 100,000"
2026-02-13 11:51:11,440,케이엘모바일_부성정책_ 2월 13일_ 10차 정책,hello,11GB,auto_candidate,30000,100000,needs_review,"FEW 데이터 더 주는 유심 1168 49,390 | 10,900 | 38,490 | 무제한 | 무제한 | 300 분 | 1168 Y2GB+3Mbps 30,000 100,000 30,000 100,000"
2026-02-13 11:51:11,440,케이엘모바일_부성정책_ 2월 13일_ 10차 정책,hello,7GB,auto_candidate,30000,90000,needs_review,"DATA 걱 정 없는 유심 768 45,100 | 26,600 | 18,500 | 무제한 | 무제한 | 3008 7GB ‘Mbps 30,000 90,000 30,000 90,000"
2026-02-13 11:51:11,440,케이엘모바일_부성정책_ 2월 13일_ 10차 정책,ktm,11GB,auto_candidate,60000,110000,needs_review,"2008 M 프리미엄 1168( 밀 리 의 서 재 ) 34,000 무제한 무제한 300%  |1168+ 일 208. 314605 60,000 110,000 60,000 110,000 |"
2026-02-13 11:51:11,440,케이엘모바일_부성정책_ 2월 13일_ 10차 정책,ktm,7GB,auto_candidate,60000,100000,needs_review,"5GB M 스페셜 768( 밀 리 의 서재) 17,900 무제한 무제한 300 분 7068 ‘Mbps 60,000 100,000 60,000 100,000 |"
2026-02-13 11:51:11,440,케이엘모바일_부성정책_ 2월 13일_ 10차 정책,sk7,11GB,auto_candidate,100000,110000,needs_review,"결 합 1068: 글로벌 300 (1168+/ 통 화 맘껏) 46,040 36,140 무제한 | 무제한 300 분 1168 3Mbps 100,000 110,000 100,000 110,000, B22 요금제 요 근 Ho 프 로 오션;"
2026-02-13 11:51:11,440,케이엘모바일_부성정책_ 2월 13일_ 10차 정책,sk7,7GB,auto_candidate,100000,100000,needs_review,"결 합 1068 글로벌 300 (768+/ 통 화 맘껏) 29.040 19,140 .65 편 의 점 무제한 | 무제한 300 분 768 Mbps 100,000, 100,000. 100,000 100,000, ㆍ 할 인 금 액 ( 월 기준)"
2026-02-13 11:51:11,440,케이엘모바일_부성정책_ 2월 13일_ 10차 정책,skylife,11GB,auto_candidate,65000,110000,needs_review,"20GB | SKY 모두 충분 1168+( 밀 리 의 서 재 ) 34,000 무제한 무제한 | 300 분 1168+ 일 268| 3Mbps 65,000 110,000 65,000 | 110,000"
2026-02-13 11:51:11,440,케이엘모바일_부성정책_ 2월 13일_ 10차 정책,skylife,7GB,auto_candidate,55000,100000,needs_review,"568 1068 ㅣ SKY 모두 충분 768+( 모 아진) 17,900 무제한 무제한 ㅣ 300 분 768 | 14685 55,000 100,000 55,000 100,000"
2026-02-13 11:51:11,440,케이엘모바일_부성정책_ 2월 13일_ 10차 정책,umobile,11GB,auto_candidate,55000,110000,needs_review,"2008 LTE 스페셜 34,900 무제한 무제한 | 300 11GB+ 22GB 3Mbps: | 55,000 110,000 55,000 110,000"
2026-02-13 11:51:11,440,케이엘모바일_부성정책_ 2월 13일_ 10차 정책,umobile,7GB,auto_candidate,55000,100000,needs_review,"506 LTE (768+/ 통 화 기 본) 18,600 무제한 무제한 | 300 분 768 ‘Mbps | 55,000 100,000 55,000 100,000"
2026-02-20 10:43:05,441,케이엘모바일_부성정책_ 2월 20일_ 11차 정책,hello,11GB,auto_candidate,30000,100000,needs_review,"FEW 데이터 더 주는 유심 1168 49,390 | 10,900 | 38,490 | 무제한 | 무제한 | 300 분 | 1168 Y2GB+3Mbps 30,000 100,000 30,000 100,000"
2026-02-20 10:43:05,441,케이엘모바일_부성정책_ 2월 20일_ 11차 정책,hello,7GB,auto_candidate,30000,90000,needs_review,"DATA 걱 정 없는 유심 768 45,100 | 26,600 | 18,500 | 무제한 | 무제한 | 3008 7GB ‘Mbps 30,000 90,000 30,000 90,000"
2026-02-20 10:43:05,441,케이엘모바일_부성정책_ 2월 20일_ 11차 정책,ktm,11GB,auto_candidate,60000,110000,needs_review,"2008 M 프리미엄 1168( 밀 리 의 서 재 ) 34,000 무제한 무제한 300%  |1168+ 일 208. 314605 60,000 110,000 60,000 110,000 |"
2026-02-20 10:43:05,441,케이엘모바일_부성정책_ 2월 20일_ 11차 정책,ktm,7GB,auto_candidate,60000,100000,needs_review,"5GB M 스페셜 768( 밀 리 의 서재) 17,900 무제한 무제한 300 분 7068 ‘Mbps 60,000 100,000 60,000 100,000 |"
2026-02-20 10:43:05,441,케이엘모바일_부성정책_ 2월 20일_ 11차 정책,sk7,11GB,auto_candidate,100000,140000,needs_review,"결 합 1068: 글로벌 300 (1168+/ 통 화 맘껏) 46,040 36,140 무제한 | 무제한 300 분 1168 3Mbps 100,000 140,000 100,000 140,000, B22 요금제 요 근 Ho 프 로 오션;"
2026-02-20 10:43:05,441,케이엘모바일_부성정책_ 2월 20일_ 11차 정책,sk7,7GB,auto_candidate,100000,130000,needs_review,"결 합 1068 글로벌 300 (768+/ 통 화 맘껏) 29.040 19,140 .65 편 의 점 무제한 | 무제한 300 분 768 Mbps 100,000, 130,000 100,000 130,000, ㆍ 할 인 금 액 ( 월 기준)"
2026-02-20 10:43:05,441,케이엘모바일_부성정책_ 2월 20일_ 11차 정책,skylife,11GB,auto_candidate,65000,110000,needs_review,"20GB | SKY 모두 충분 1168+( 밀 리 의 서 재 ) 34,000 무제한 무제한 | 300 분 1168+ 일 268| 3Mbps 65,000 110,000 65,000 | 110,000"
2026-02-20 10:43:05,441,케이엘모바일_부성정책_ 2월 20일_ 11차 정책,skylife,7GB,auto_candidate,55000,100000,needs_review,"568 1068 ㅣ SKY 모두 충분 768+( 모 아진) 17,900 무제한 무제한 ㅣ 300 분 768 | 14685 55,000 100,000 55,000 100,000"
2026-02-20 10:43:05,441,케이엘모바일_부성정책_ 2월 20일_ 11차 정책,umobile,11GB,auto_candidate,55000,110000,needs_review,"2008 LTE 스페셜 34,900 무제한 무제한 | 300 11GB+ 22GB 3Mbps: | 55,000 110,000 55,000 110,000"
2026-02-20 10:43:05,441,케이엘모바일_부성정책_ 2월 20일_ 11차 정책,umobile,7GB,auto_candidate,55000,100000,needs_review,"506 LTE (768+/ 통 화 기 본) 18,600 무제한 무제한 | 300 분 768 ‘Mbps | 55,000 100,000 55,000 100,000"
2026-02-20 12:54:54,442,케이엘모바일_부성정책_ 2월 20일_ 11차 정책_(수정),hello,11GB,auto_candidate,30000,100000,needs_review,"FEY 유심 1168 49,390 | 13,000 | 36,390 | 무제한 | 무제한 | 300 분 11GB Y2GB+3Mbps 30,000 100,000 30,000 100,000"
2026-02-20 12:54:54,442,케이엘모바일_부성정책_ 2월 20일_ 11차 정책_(수정),hello,7GB,auto_candidate,30000,90000,needs_review,"DATA 걱 정 없는 유심 768 45,100 | 26,600 | 18,500 | 무제한 | 무제한 300% 7GB Mbps 30,000 90,000 30,000 90,000"
2026-02-20 12:54:54,442,케이엘모바일_부성정책_ 2월 20일_ 11차 정책_(수정),ktm,11GB,auto_candidate,60000,110000,needs_review,"2008 M 프리미엄 1168( 밀 리 의 서 재 ) 34,000 무제한 무제한 300%  |1168+ 일 208. 314605 60,000 110,000 60,000 110,000 |"
2026-02-20 12:54:54,442,케이엘모바일_부성정책_ 2월 20일_ 11차 정책_(수정),ktm,7GB,auto_candidate,60000,100000,needs_review,"5GB M 스페셜 768( 밀 리 의 서재) 17,900 무제한 무제한 300 분 7068 ‘Mbps 60,000 100,000 60,000 100,000 |"
2026-02-20 12:54:54,442,케이엘모바일_부성정책_ 2월 20일_ 11차 정책_(수정),sk7,11GB,auto_candidate,100000,150000,needs_review,"결 합 1068: 글로벌 300 (1168+/ 통 화 맘껏) 46,040 36,140 무제한 | 무제한 300 분 1168 3Mbps 100,000 150,000 100,000 150,000, B22 요금제 요 근 Ho 프 로 오션;"
2026-02-20 12:54:54,442,케이엘모바일_부성정책_ 2월 20일_ 11차 정책_(수정),sk7,7GB,auto_candidate,100000,140000,needs_review,"결 합 1068 글로벌 300 (768+/ 통 화 맘껏) 29.040 19,140 .65 편 의 점 무제한 | 무제한 300 분 768 Mbps 100,000, 140,000 100,000 140,000, ㆍ 할 인 금 액 ( 월 기준)"
2026-02-20 12:54:54,442,케이엘모바일_부성정책_ 2월 20일_ 11차 정책_(수정),skylife,11GB,auto_candidate,65000,110000,needs_review,"20GB | SKY 모두 충분 1168+( 밀 리 의 서 재 ) 34,000 무제한 무제한 | 300 분 1168+ 일 268| 3Mbps 65,000 110,000 65,000 | 110,000"
2026-02-20 12:54:54,442,케이엘모바일_부성정책_ 2월 20일_ 11차 정책_(수정),skylife,7GB,auto_candidate,55000,100000,needs_review,"568 1068 ㅣ SKY 모두 충분 768+( 모 아진) 17,900 무제한 무제한 ㅣ 300 분 768 | 14685 55,000 100,000 55,000 100,000"
2026-02-20 12:54:54,442,케이엘모바일_부성정책_ 2월 20일_ 11차 정책_(수정),umobile,11GB,auto_candidate,55000,140000,needs_review,"2008 LTE 스페셜 34,900 무제한 무제한 | 300 11GB+ 22GB 3Mbps: | 55,000 140,000 55,000 140,000"
2026-02-20 12:54:54,442,케이엘모바일_부성정책_ 2월 20일_ 11차 정책_(수정),umobile,7GB,auto_candidate,55000,130000,needs_review,"506 LTE (768+/ 통 화 기 본) 18,600 무제한 무제한 | 300 분 768 ‘Mbps | 55,000 130,000 55,000 130,000"
2026-02-21 10:15:50,443,케이엘모바일_부성정책_ 2월 21일_ 12차 정책,hello,11GB,auto_candidate,30000,100000,needs_review,"FEW 데이터 더 주는 유심 1168 49,390 | 10,900 | 38,490 | 무제한 | 무제한 | 300 분 | 1168 Y2GB+3Mbps 30,000 100,000 30,000 100,000"
2026-02-21 10:15:50,443,케이엘모바일_부성정책_ 2월 21일_ 12차 정책,hello,7GB,auto_candidate,30000,90000,needs_review,"DATA 걱 정 없는 유심 768 45,100 | 26,600 | 18,500 | 무제한 | 무제한 | 3008 7GB ‘Mbps 30,000 90,000 30,000 90,000"
2026-02-21 10:15:50,443,케이엘모바일_부성정책_ 2월 21일_ 12차 정책,ktm,11GB,auto_candidate,60000,140000,needs_review,"20GB M 프리미엄 1168( 밀 리 의 서 재 ) 34,000 무제한 무제한 300 분 1168+ 일 268|  314605 60,000 140,000 60,000 140,000"
2026-02-21 10:15:50,443,케이엘모바일_부성정책_ 2월 21일_ 12차 정책,ktm,7GB,auto_candidate,60000,130000,needs_review,"5068 M 스페셜 768( 밀 리 의 서재) 17,900 무제한 무제한 300 분 768 ‘Mbps. 60,000 130,000 60,000 130,000"
2026-02-21 10:15:50,443,케이엘모바일_부성정책_ 2월 21일_ 12차 정책,sk7,11GB,auto_candidate,100000,150000,needs_review,"결 합 1068: 글로벌 300 (1168+/ 통 화 맘껏) 46,040 36,140 무제한 | 무제한 300 분 1168 3Mbps 100,000 150,000 100,000 150,000, B22 요금제 요 근 Ho 프 로 오션;"
2026-02-21 10:15:50,443,케이엘모바일_부성정책_ 2월 21일_ 12차 정책,sk7,7GB,auto_candidate,100000,140000,needs_review,"결 합 1068 글로벌 300 (768+/ 통 화 맘껏) 29.040 19,140 .65 편 의 점 무제한 | 무제한 300 분 768 Mbps 100,000, 140,000 100,000 140,000, ㆍ 할 인 금 액 ( 월 기준)"
2026-02-21 10:15:50,443,케이엘모바일_부성정책_ 2월 21일_ 12차 정책,skylife,11GB,auto_candidate,75000,140000,needs_review,"2008 | sky 모두 충분 1168+( 모 아진) 34.000 무제한 무제한 | 300%  1168+ 일 268|  3Mbps  75.000 140,000 75,000 | 140,000"
2026-02-21 10:15:50,443,케이엘모바일_부성정책_ 2월 21일_ 12차 정책,skylife,7GB,auto_candidate,65000,130000,needs_review,"568 1068 ㅣ SKY 모두 충분 768+( 모 아진) 17,900 무제한 무제한 ㅣ 300 분 768 | 14685 65,000 130,000 65,000 | 130,000"
2026-02-21 10:15:50,443,케이엘모바일_부성정책_ 2월 21일_ 12차 정책,umobile,11GB,auto_candidate,55000,160000,needs_review,"2008 LTE 스페셜 34,900 무제한 무제한 | 300 11GB+ 22GB 3Mbps: | 55,000 160,000 55,000 160,000"
2026-02-21 10:15:50,443,케이엘모바일_부성정책_ 2월 21일_ 12차 정책,umobile,7GB,auto_candidate,55000,150000,needs_review,"506 LTE (768+/ 통 화 기 본) 18,600 무제한 무제한 | 300 분 768 ‘Mbps | 55,000 150,000 55,000 150,000"
2026-02-25 09:56:16,444,케이엘모바일_부성정책_ 2월 25일_ 13차 정책,hello,11GB,auto_candidate,30000,100000,needs_review,"FEW 데이터 더 주는 유심 1168 49,390 | 10,900 | 38,490 | 무제한 | 무제한 | 300 분 | 1168 Y2GB+3Mbps 30,000 100,000 30,000 100,000"
2026-02-25 09:56:16,444,케이엘모바일_부성정책_ 2월 25일_ 13차 정책,hello,7GB,auto_candidate,30000,90000,needs_review,"DATA 걱 정 없는 유심 768 45,100 | 26,600 | 18,500 | 무제한 | 무제한 | 3008 7GB ‘Mbps 30,000 90,000 30,000 90,000"
2026-02-25 09:56:16,444,케이엘모바일_부성정책_ 2월 25일_ 13차 정책,ktm,11GB,auto_candidate,60000,140000,needs_review,"20GB M 프리미엄 1168( 밀 리 의 서 재 ) 34,000 무제한 무제한 300 분 1168+ 일 268|  314605 60,000 140,000 60,000 140,000"
2026-02-25 09:56:16,444,케이엘모바일_부성정책_ 2월 25일_ 13차 정책,ktm,7GB,auto_candidate,60000,130000,needs_review,"5068 M 스페셜 768( 밀 리 의 서재) 17,900 무제한 무제한 300 분 768 ‘Mbps. 60,000 130,000 60,000 130,000"
2026-02-25 09:56:16,444,케이엘모바일_부성정책_ 2월 25일_ 13차 정책,sk7,11GB,auto_candidate,80000,150000,needs_review,"결 합 1068: 글로벌 300 (1168+/ 통 화 맘껏) 46,040 36,140 무제한 ㅣ 무제한 3008 11GB 3Mbps 80,000 150,000. 80,000 150,000, Bie 요금제 요금 He 프 로 오션;"
2026-02-25 09:56:16,444,케이엘모바일_부성정책_ 2월 25일_ 13차 정책,sk7,7GB,auto_candidate,80000,140000,needs_review,"결 합 1068 글로벌 300 (768+/ 통 화 맘껏) 29,040 19,140 sue 무제한 ㅣ 무제한 3008 768 Mbps. 80,000 140,000 80,000, 140,000 ㆍ 할 인 금 액 ( 월 기준)"
2026-02-25 09:56:16,444,케이엘모바일_부성정책_ 2월 25일_ 13차 정책,skylife,11GB,auto_candidate,75000,140000,needs_review,"2008 | sky 모두 충분 1168+( 모 아진) 34.000 무제한 무제한 | 300%  1168+ 일 268|  3Mbps  75.000 140,000 75,000 | 140,000"
2026-02-25 09:56:16,444,케이엘모바일_부성정책_ 2월 25일_ 13차 정책,skylife,7GB,auto_candidate,65000,130000,needs_review,"568 1068 ㅣ SKY 모두 충분 768+( 모 아진) 17,900 무제한 무제한 ㅣ 300 분 768 | 14685 65,000 130,000 65,000 | 130,000"
2026-02-25 09:56:16,444,케이엘모바일_부성정책_ 2월 25일_ 13차 정책,umobile,11GB,auto_candidate,55000,160000,needs_review,"2008 LTE 스페셜 34,900 무제한 무제한 | 300 11GB+ 22GB 3Mbps: | 55,000 160,000 55,000 160,000"
2026-02-25 09:56:16,444,케이엘모바일_부성정책_ 2월 25일_ 13차 정책,umobile,7GB,auto_candidate,55000,150000,needs_review,"506 LTE (768+/ 통 화 기 본) 18,600 무제한 무제한 | 300 분 768 ‘Mbps | 55,000 150,000 55,000 150,000"
2026-02-26 11:16:02,445,케이엘모바일_부성정책_ 2월 26일_ 14차 정책_(수정),hello,11GB,auto_candidate,30000,100000,needs_review,"FEW 데이터 더 주는 유심 1168 49,390 | 10,900 | 38,490 | 무제한 | 무제한 | 300 분 | 1168 Y2GB+3Mbps 30,000 100,000 30,000 100,000"
2026-02-26 11:16:02,445,케이엘모바일_부성정책_ 2월 26일_ 14차 정책_(수정),hello,7GB,auto_candidate,30000,90000,needs_review,"DATA 걱 정 없는 유심 768 45,100 | 26,600 | 18,500 | 무제한 | 무제한 | 3008 7GB ‘Mbps 30,000 90,000 30,000 90,000"
2026-02-26 11:16:02,445,케이엘모바일_부성정책_ 2월 26일_ 14차 정책_(수정),ktm,11GB,auto_candidate,60000,140000,needs_review,"20GB M 프리미엄 1168( 밀 리 의 서 재 ) 34,000 무제한 무제한 300 분 1168+ 일 268|  314605 60,000 140,000 60,000 140,000"
2026-02-26 11:16:02,445,케이엘모바일_부성정책_ 2월 26일_ 14차 정책_(수정),ktm,7GB,auto_candidate,60000,130000,needs_review,"5068 M 스페셜 768( 밀 리 의 서재) 17,900 무제한 무제한 300 분 768 ‘Mbps. 60,000 130,000 60,000 130,000"
2026-02-26 11:16:02,445,케이엘모바일_부성정책_ 2월 26일_ 14차 정책_(수정),sk7,11GB,auto_candidate,70000,150000,needs_review,"결 합 1068: 글로벌 300 (1168+/ 통 화 맘껏) 46,040 36,140 무제한 ㅣ 무제한 3008 11GB 3Mbps 70,000 150,000. 70,000 150,000, Bie 요금제 요금 He 프 로 오션;"
2026-02-26 11:16:02,445,케이엘모바일_부성정책_ 2월 26일_ 14차 정책_(수정),sk7,7GB,auto_candidate,70000,140000,needs_review,"결 합 1068 글로벌 300 (768+/ 통 화 맘껏) 29,040 19,140 sue 무제한 ㅣ 무제한 3008 768 Mbps. 70,000 140,000 70,000, 140,000 ㆍ 할 인 금 액 ( 월 기준)"
2026-02-26 11:16:02,445,케이엘모바일_부성정책_ 2월 26일_ 14차 정책_(수정),skylife,11GB,auto_candidate,75000,160000,needs_review,"2008 | sky 모두 충분 1168+( 모 아진) 34.000 무제한 무제한 | 300%  1168+ 일 268| 314665  75.000 160,000 75,000 | 160,000"
2026-02-26 11:16:02,445,케이엘모바일_부성정책_ 2월 26일_ 14차 정책_(수정),skylife,7GB,auto_candidate,65000,130000,needs_review,"568 1068 ㅣ SKY 모두 충분 768+( 모 아진) 17,900 무제한 무제한 ㅣ 300 분 768 | 14685 65,000 130,000 65,000 | 130,000"
2026-02-26 11:16:02,445,케이엘모바일_부성정책_ 2월 26일_ 14차 정책_(수정),umobile,11GB,auto_candidate,55000,160000,needs_review,"2008 LTE 스페셜 34,900 무제한 무제한 | 300 11GB+ 22GB 3Mbps: | 55,000 160,000 55,000 160,000"
2026-02-26 11:16:02,445,케이엘모바일_부성정책_ 2월 26일_ 14차 정책_(수정),umobile,7GB,auto_candidate,55000,150000,needs_review,"506 LTE (768+/ 통 화 기 본) 18,600 무제한 무제한 | 300 분 768 ‘Mbps | 55,000 150,000 55,000 150,000"
2026-02-27 15:49:37,446,케이엘모바일_부성정책_ 2월 27일_ 15차 정책,hello,11GB,auto_candidate,30000,100000,needs_review,"FEW 데이터 더 주는 유심 1168 49,390 | 10,900 | 38,490 | 무제한 | 무제한 | 300 분 | 1168 Y2GB+3Mbps 30,000 100,000 30,000 100,000"
2026-02-27 15:49:37,446,케이엘모바일_부성정책_ 2월 27일_ 15차 정책,hello,7GB,auto_candidate,30000,90000,needs_review,"DATA 걱 정 없는 유심 768 45,100 | 26,600 | 18,500 | 무제한 | 무제한 | 3008 7GB ‘Mbps 30,000 90,000 30,000 90,000"
2026-02-27 15:49:37,446,케이엘모바일_부성정책_ 2월 27일_ 15차 정책,ktm,11GB,auto_candidate,60000,120000,needs_review,"2008 M 프리미엄 1168( 밀 리 의 서 재 ) 34,000 무제한 무제한 300 분 1168+ 일 268|  314605 60,000 120,000 60,000 120,000"
2026-02-27 15:49:37,446,케이엘모바일_부성정책_ 2월 27일_ 15차 정책,ktm,7GB,auto_candidate,60000,110000,needs_review,"5068 M 스페셜 768( 밀 리 의 서재) 17,900 무제한 무제한 300 분 768 ‘Mbps. 60,000 110,000 60,000 110,000"
2026-02-27 15:49:37,446,케이엘모바일_부성정책_ 2월 27일_ 15차 정책,sk7,11GB,auto_candidate,70000,110000,needs_review,"결 합 1068: 글로벌 300 (1168+/ 통 화 맘껏) 46,040 36,140 무제한 ㅣ 무제한 3008 11GB 3Mbps 70,000 110,000 70,000 110,000 Bie 요금제 요금 He 프 로 오션;"
2026-02-27 15:49:37,446,케이엘모바일_부성정책_ 2월 27일_ 15차 정책,sk7,7GB,auto_candidate,70000,110000,needs_review,"결 합 1068 글로벌 300 (768+/ 통 화 맘껏) 29,040 19,140 sue 무제한 ㅣ 무제한 3008 768 Mbps. 70,000 110,000, 70,000, 110,000 ㆍ 할 인 금 액 ( 월 기준)"
2026-02-27 15:49:37,446,케이엘모바일_부성정책_ 2월 27일_ 15차 정책,skylife,11GB,auto_candidate,75000,160000,needs_review,"2008 | sky 모두 충분 1168+( 모 아진) 34.000 무제한 무제한 | 300%  1168+ 일 268| 314665  75.000 160,000 75,000 | 160,000"
2026-02-27 15:49:37,446,케이엘모바일_부성정책_ 2월 27일_ 15차 정책,skylife,7GB,auto_candidate,65000,130000,needs_review,"568 1068 ㅣ SKY 모두 충분 768+( 모 아진) 17,900 무제한 무제한 ㅣ 300 분 768 | 14685 65,000 130,000 65,000 | 130,000"
2026-02-27 15:49:37,446,케이엘모바일_부성정책_ 2월 27일_ 15차 정책,umobile,11GB,auto_candidate,55000,160000,needs_review,"2008 LTE 스페셜 34,900 무제한 무제한 | 300 11GB+ 22GB 3Mbps: | 55,000 160,000 55,000 160,000"
2026-02-27 15:49:37,446,케이엘모바일_부성정책_ 2월 27일_ 15차 정책,umobile,7GB,auto_candidate,55000,150000,needs_review,"506 LTE (768+/ 통 화 기 본) 18,600 무제한 무제한 | 300 분 768 ‘Mbps | 55,000 150,000 55,000 150,000"
2026-02-28 11:39:53,447,케이엘모바일_부성정책_ 2월 28일_ 16차 정책,hello,11GB,auto_candidate,30000,100000,needs_review,"FEW 데이터 더 주는 유심 1168 49,390 | 10,900 | 38,490 | 무제한 | 무제한 | 300 분 | 1168 Y2GB+3Mbps 30,000 100,000 30,000 100,000"
2026-02-28 11:39:53,447,케이엘모바일_부성정책_ 2월 28일_ 16차 정책,hello,7GB,auto_candidate,30000,90000,needs_review,"DATA 걱 정 없는 유심 768 45.100 | 26,600 | 18,500 | 무제한 | 무제한 | 300 분 7GB ‘Mbps 30,000 90,000 30,000 90,000"
2026-02-28 11:39:53,447,케이엘모바일_부성정책_ 2월 28일_ 16차 정책,ktm,11GB,auto_candidate,60000,120000,needs_review,"2008 M 프리미엄 1168( 밀 리 의 서 재 ) 34,000 무제한 무제한 300 분 1168+ 일 268|  314605 60,000 120,000 60,000 120,000"
2026-02-28 11:39:53,447,케이엘모바일_부성정책_ 2월 28일_ 16차 정책,ktm,7GB,auto_candidate,60000,110000,needs_review,"5068 M 스페셜 768( 밀 리 의 서재) 17,900 무제한 무제한 300 분 768 ‘Mbps. 60,000 110,000 60,000 110,000"
2026-02-28 11:39:53,447,케이엘모바일_부성정책_ 2월 28일_ 16차 정책,sk7,11GB,auto_candidate,70000,110000,needs_review,"결 합 1068: 글로벌 300 (1168+/ 통 화 맘껏) 46,040 36,140 무제한 ㅣ 무제한 3008 11GB 3Mbps 70,000 110,000 70,000 110,000 Bie 요금제 요금 He 프 로 오션;"
2026-02-28 11:39:53,447,케이엘모바일_부성정책_ 2월 28일_ 16차 정책,sk7,7GB,auto_candidate,70000,110000,needs_review,"결 합 1068 글로벌 300 (768+/ 통 화 맘껏) 29,040 19,140 sue 무제한 ㅣ 무제한 3008 768 Mbps. 70,000 110,000, 70,000, 110,000 ㆍ 할 인 금 액 ( 월 기준)"
2026-02-28 11:39:53,447,케이엘모바일_부성정책_ 2월 28일_ 16차 정책,skylife,11GB,auto_candidate,75000,160000,needs_review,"2008 | sky 모두 충분 1168+( 모 아진) 34.000 무제한 무제한 | 300%  1168+ 일 268| 314665  75.000 160,000 75,000 | 160,000"
2026-02-28 11:39:53,447,케이엘모바일_부성정책_ 2월 28일_ 16차 정책,skylife,7GB,auto_candidate,65000,130000,needs_review,"568 1068 ㅣ SKY 모두 충분 768+( 모 아진) 17,900 무제한 무제한 ㅣ 300 분 768 | 14685 65,000 130,000 65,000 | 130,000"
2026-02-28 11:39:53,447,케이엘모바일_부성정책_ 2월 28일_ 16차 정책,umobile,11GB,auto_candidate,55000,140000,needs_review,"2008 LTE 스페셜 34,900 무제한 무제한 | 300 11GB+ 22GB 3Mbps: 55,000 140,000 55,000 140,000"
2026-02-28 11:39:53,447,케이엘모바일_부성정책_ 2월 28일_ 16차 정책,umobile,7GB,auto_candidate,55000,130000,needs_review,"506 LTE (768+/ 통 화 기 본) 18,600 무제한 무제한 | 300 분 768 ‘Mbps 55,000 130,000 55,000 130,000"
2026-03-02 11:15:25,448,케이엘모바일_부성정책_ 3월 1일_ 1차 정책,hello,11GB,auto_candidate,30000,120000,needs_review,"The 착한 데이터 유심 11GB 33,990 무제한 무제한 300 분 11.068 일 208+314605 | 30,000 120,000 30,000 120,000"
2026-03-02 11:15:25,448,케이엘모바일_부성정책_ 3월 1일_ 1차 정책,hello,7GB,auto_candidate,30000,90000,needs_review,"DATA 걱 정 없는 유심 768 18,500 무제한 무제한 300 분 768 Mbps | 30,000 90,000 30,000 90,000"
2026-03-02 11:15:25,448,케이엘모바일_부성정책_ 3월 1일_ 1차 정책,ktm,11GB,auto_candidate,60000,120000,needs_review,"2008 M 프리미엄 1168( 밀 리 의 서재) 34,000 무제한 | 무제한 300%  |1168+ 일 268| 3Mbps 60,000 120,000 60,000 120,000 |"
2026-03-02 11:15:25,448,케이엘모바일_부성정책_ 3월 1일_ 1차 정책,ktm,7GB,auto_candidate,60000,110000,needs_review,"5GB M 스페셜 768( 밀 리 의 서재) 17,900 무제한 | 무제한 300 분 708 ‘Mbps 60,000 110,000 60,000 110,000 |"
2026-03-02 11:15:25,448,케이엘모바일_부성정책_ 3월 1일_ 1차 정책,sk7,11GB,auto_candidate,80000,120000,needs_review,"7066 글로벌 300 (1168+/ 통 화 맘껏) 46,040 36,140 무제한 | 무제한 . 300 분 ㅣ 1168 34665 80.000 | 120000 80000 ㅣ 120.000 < 글 로 벌 요금제 요금 할인 프 로 모 션 >"
2026-03-02 11:15:25,448,케이엘모바일_부성정책_ 3월 1일_ 1차 정책,sk7,7GB,auto_candidate,80000,110000,needs_review,"7068 글로벌 300 (768+/ 동 화 맘껏) 29,040 19,140 .69 편 의 점 무제한 | 무제한 300% ㅣ 708 ‘Mbps 80,000 | 110,000 80,000 ㅣ 110.000 . 할인 금 액 ( 월 기준)"
2026-03-02 11:15:25,448,케이엘모바일_부성정책_ 3월 1일_ 1차 정책,skylife,11GB,auto_candidate,75000,120000,needs_review,"20GB SKY 모두 충분 1168+( 밀 리 의 서재) 34,000 무제한 | 무제한 300 분 | 1168+ 일 268 | 3Mbps. 75,000 120,000 75,000 120,000"
2026-03-02 11:15:25,448,케이엘모바일_부성정책_ 3월 1일_ 1차 정책,skylife,7GB,auto_candidate,65000,110000,needs_review,"5GB 1068 SKY 모두 충분 768+( 밀 리 의 서재) 17.900 무제한 | 무제한 300 분 | 768 1Mbps 65,000 110,000 65,000 110,000"
2026-03-02 11:15:25,448,케이엘모바일_부성정책_ 3월 1일_ 1차 정책,umobile,11GB,auto_candidate,55000,120000,needs_review,"| 2008 LTE 스페셜 34,900 무제한 | 무제한 ： 300 분 1168+ 일 208 3Mbps. 55,000 120,000 55,000 120,000"
2026-03-02 11:15:25,448,케이엘모바일_부성정책_ 3월 1일_ 1차 정책,umobile,7GB,auto_candidate,55000,110000,needs_review,"16 무제한 | 508 LTE (708+/ 통 화 기 본) 18,600 무제한 | 무제한 ㅣ 300 분 768 Mbps 55,000 110,000 55,000 110,000"
2026-03-03 10:30:01,449,케이엘모바일_부성정책_ 3월 3일_ 2차 정책,hello,11GB,auto_candidate,30000,120000,needs_review,"The 착한 데이터 유심 11GB 33,990 무제한 무제한 300 분 11.068 일 208+314605 | 30,000 120,000 30,000 120,000"
2026-03-03 10:30:01,449,케이엘모바일_부성정책_ 3월 3일_ 2차 정책,hello,7GB,auto_candidate,30000,90000,needs_review,"DATA 걱 정 없는 유심 768 18,500 무제한 무제한 300 분 768 Mbps | 30,000 90,000 30,000 90,000"
2026-03-03 10:30:01,449,케이엘모바일_부성정책_ 3월 3일_ 2차 정책,ktm,11GB,auto_candidate,80000,120000,needs_review,"20GB M 프리미엄 1160( 밀 리 의 서재) 34,000 무제한 무제한 300%  |1168+ 일 208. 31605 80,000 120,000 80,000 120,000"
2026-03-03 10:30:01,449,케이엘모바일_부성정책_ 3월 3일_ 2차 정책,ktm,7GB,auto_candidate,80000,110000,needs_review,"56GB MAMA 768( 밀 리 의 서재) 17,900 무제한 무제한 300 분 708 ‘Mbps 80,000 110,000 80,000 110,000"
2026-03-03 10:30:01,449,케이엘모바일_부성정책_ 3월 3일_ 2차 정책,sk7,11GB,auto_candidate,80000,120000,needs_review,"7066 글로벌 300 (1168+/ 통 화 맘껏) 46,040 36,140 무제한 | 무제한 . 300 분 ㅣ 1168 34665 80.000 | 120000 80000 ㅣ 120.000 < 글 로 벌 요금제 요금 할인 프 로 모 션 >"
2026-03-03 10:30:01,449,케이엘모바일_부성정책_ 3월 3일_ 2차 정책,sk7,7GB,auto_candidate,80000,110000,needs_review,"7068 글로벌 300 (768+/ 동 화 맘껏) 29,040 19,140 .69 편 의 점 무제한 | 무제한 300% ㅣ 708 ‘Mbps 80,000 | 110,000 80,000 ㅣ 110.000 . 할인 금 액 ( 월 기준)"
2026-03-03 10:30:01,449,케이엘모바일_부성정책_ 3월 3일_ 2차 정책,skylife,11GB,auto_candidate,75000,120000,needs_review,"2068 SKY 모두 충분 1168+( 밀 리 의 서재) 34,000 ㅣ 무제한 ㅣ 무제한  300 분 1168+ 일 268. 31605 75,000 120,000 75,000 120,000"
2026-03-03 10:30:01,449,케이엘모바일_부성정책_ 3월 3일_ 2차 정책,skylife,7GB,auto_candidate,65000,110000,needs_review,"5068 1068  51<* 모두 충분 768+( 밀 리 의 서재) 17900 무제한 ㅣ 무제한 ㅣ 300 분 768 46605 65,000 110,000 65,000 110,000"
2026-03-03 10:30:01,449,케이엘모바일_부성정책_ 3월 3일_ 2차 정책,umobile,11GB,auto_candidate,60000,120000,needs_review,"20GB LTE 스폐셜 34,900 무제한 무제한 ： 300 분 1168+ 일 208 3Mbps 60,000 120,000 60,000 120,000"
2026-03-03 10:30:01,449,케이엘모바일_부성정책_ 3월 3일_ 2차 정책,umobile,7GB,auto_candidate,60000,110000,needs_review,"116 무제한 568 LTE (768+/ 통 화 기 본) 18,600 무제한 무제한 ： 300 분 768 Mbps. 60,000 110,000 60,000 110,000"
2026-03-05 10:25:51,450,케이엘모바일_부성정책_ 3월 5일_ 3차 정책,hello,11GB,auto_candidate,30000,120000,needs_review,"The 착한 데이터 유심 11GB 33,990 무제한 무제한 300 분 11.068 일 208+314605 | 30,000 120,000 30,000 120,000"
2026-03-05 10:25:51,450,케이엘모바일_부성정책_ 3월 5일_ 3차 정책,hello,7GB,auto_candidate,30000,90000,needs_review,"DATA 걱 정 없는 유심 768 18,500 무제한 무제한 300 분 768 Mbps | 30,000 90,000 30,000 90,000"
2026-03-05 10:25:51,450,케이엘모바일_부성정책_ 3월 5일_ 3차 정책,ktm,11GB,auto_candidate,80000,120000,needs_review,"20GB M 프리미엄 1160( 밀 리 의 서재) 34,000 무제한 무제한 300%  |1168+ 일 208. 31605 80,000 120,000 80,000 120,000"
2026-03-05 10:25:51,450,케이엘모바일_부성정책_ 3월 5일_ 3차 정책,ktm,7GB,auto_candidate,80000,110000,needs_review,"56GB MAMA 768( 밀 리 의 서재) 17,900 무제한 무제한 300 분 708 ‘Mbps 80,000 110,000 80,000 110,000"
2026-03-05 10:25:51,450,케이엘모바일_부성정책_ 3월 5일_ 3차 정책,sk7,11GB,auto_candidate,80000,120000,needs_review,"7066 글로벌 300 (1168+/ 통 화 맘껏) 46,040 36,140 무제한 | 무제한 . 300 분 ㅣ 1168 34665 80.000 | 120000 80000 ㅣ 120.000 < 글 로 벌 요금제 요금 할인 프 로 모 션 >"
2026-03-05 10:25:51,450,케이엘모바일_부성정책_ 3월 5일_ 3차 정책,sk7,7GB,auto_candidate,80000,110000,needs_review,"7068 글로벌 300 (768+/ 동 화 맘껏) 29,040 19,140 .69 편 의 점 무제한 | 무제한 300% ㅣ 708 ‘Mbps 80,000 | 110,000 80,000 ㅣ 110.000 . 할인 금 액 ( 월 기준)"
2026-03-05 10:25:51,450,케이엘모바일_부성정책_ 3월 5일_ 3차 정책,skylife,11GB,auto_candidate,75000,120000,needs_review,"2068 SKY 모두 충분 1168+( 밀 리 의 서재) 34,000 ㅣ 무제한 ㅣ 무제한  300 분 1168+ 일 268. 31605 75,000 120,000 75,000 120,000"
2026-03-05 10:25:51,450,케이엘모바일_부성정책_ 3월 5일_ 3차 정책,skylife,7GB,auto_candidate,65000,110000,needs_review,"5068 1068  51<* 모두 충분 768+( 밀 리 의 서재) 17900 무제한 ㅣ 무제한 ㅣ 300 분 768 46605 65,000 110,000 65,000 110,000"
2026-03-05 10:25:51,450,케이엘모바일_부성정책_ 3월 5일_ 3차 정책,umobile,11GB,auto_candidate,60000,120000,needs_review,"20GB LTE 스폐셜 34,900 무제한 무제한 ： 300 분 1168+ 일 208 3Mbps 60,000 120,000 60,000 120,000"
2026-03-05 10:25:51,450,케이엘모바일_부성정책_ 3월 5일_ 3차 정책,umobile,7GB,auto_candidate,60000,110000,needs_review,"116 무제한 568 LTE (768+/ 통 화 기 본) 18,600 무제한 무제한 ： 300 분 768 Mbps. 60,000 110,000 60,000 110,000"
2026-03-06 11:16:17,451,케이엘모바일_부성정책_ 3월 6일_ 4차 정책,hello,11GB,auto_candidate,30000,150000,needs_review,"The 착한 데이터 유심 1168 33,990 무제한 무제한 300 분 11.068 2GB+3Mbps 30,000 150,000 30,000 150,000"
2026-03-06 11:16:17,451,케이엘모바일_부성정책_ 3월 6일_ 4차 정책,hello,7GB,auto_candidate,30000,90000,needs_review,"DATA 걱 정 없는 유심 768 18,500 무제한 무제한 300 분 768 Mbps 30,000 90,000 30,000 90,000"
2026-03-06 11:16:17,451,케이엘모바일_부성정책_ 3월 6일_ 4차 정책,ktm,11GB,auto_candidate,80000,120000,needs_review,"2008 | 프리미엄 1160( 밀 리 의 서재) 34,000 무제한 무제한 300 분  1168+ 일 208. 34665 80,000 120,000 80,000 120,000"
2026-03-06 11:16:17,451,케이엘모바일_부성정책_ 3월 6일_ 4차 정책,ktm,7GB,auto_candidate,70000,110000,needs_review,"506 | 스페셜 768( 밀 리 의 서재) 17,900 무제한 무제한 300 분 768 003 70,000 110,000 70,000 110,000"
2026-03-06 11:16:17,451,케이엘모바일_부성정책_ 3월 6일_ 4차 정책,sk7,11GB,auto_candidate,80000,130000,needs_review,"2006 글로벌 300 (1168+/ 통 화 맘껏) 46,040 36,140 무제한 ㅣ 무제한 | 300 분 | 1168 34605 80.000 130,000 80000 ㅣ 130.000 < 글 로 벌 요금제 요금 할인 프 로 모 션 >"
2026-03-06 11:16:17,451,케이엘모바일_부성정책_ 3월 6일_ 4차 정책,sk7,7GB,auto_candidate,80000,120000,needs_review,"508 글로벌 300 (768+/ 통 화 맘껏)  29,040 19,140 .65 편 의 점 무제한 ㅣ 무제한 | 300 분 ㅣ 768 Mbps 80,000 120,000 80,000 120,000 Bel 금 액 ( 월 기준)"
2026-03-06 11:16:17,451,케이엘모바일_부성정책_ 3월 6일_ 4차 정책,skylife,11GB,auto_candidate,75000,120000,needs_review,"2008 156 모두 충분 1168+( 밀 리 의 서재) 34,000 무제한 무제한 300% |1168+ 일 208| 34605 75,000 120,000 75,000 | 120.000"
2026-03-06 11:16:17,451,케이엘모바일_부성정책_ 3월 6일_ 4차 정책,skylife,7GB,auto_candidate,65000,110000,needs_review,"5GB 1068 156 모두 충분 766+( 밀 리 의 서재) 17,900 무제한 무제한 300 분 768 1Mbps 65,000 110,000 65,000 | 110,000"
2026-03-06 11:16:17,451,케이엘모바일_부성정책_ 3월 6일_ 4차 정책,umobile,11GB,auto_candidate,60000,150000,needs_review,"| 2008 LTE 스페셜 34,900 무제한 | 무제한 ㅣ 300 분 1168+ 일 208 3Mbps 60,000 150,000 60,000 150,000"
2026-03-06 11:16:17,451,케이엘모바일_부성정책_ 3월 6일_ 4차 정책,umobile,7GB,auto_candidate,60000,120000,needs_review,"176 무제한 | 568  | 나 트 (768+/ 통 화 기 본) 18,600 무제한 | 무제한 ㅣ 300 분 708 ‘Mbps 60,000 120,000 60,000 120,000"
2026-03-07 11:26:39,452,케이엘모바일_부성정책_ 3월 7일_ 5차 정책,hello,11GB,auto_candidate,30000,150000,needs_review,"The 착한 데이터 유심 1168 33,990 무제한 무제한 300 분 11.068 2GB+3Mbps 30,000 150,000 30,000 150,000"
2026-03-07 11:26:39,452,케이엘모바일_부성정책_ 3월 7일_ 5차 정책,hello,7GB,auto_candidate,30000,90000,needs_review,"DATA 걱 정 없는 유심 768 18,500 무제한 무제한 300 분 768 Mbps 30,000 90,000 30,000 90,000"
2026-03-07 11:26:39,452,케이엘모바일_부성정책_ 3월 7일_ 5차 정책,ktm,11GB,auto_candidate,80000,140000,needs_review,"2006 10 프리미엄 1168( 밀 리 의 서재) 34,000 무제한 무제한 300 분 1168+ 일 268. 3Mbps 80,000 140,000 80,000 140,000"
2026-03-07 11:26:39,452,케이엘모바일_부성정책_ 3월 7일_ 5차 정책,ktm,7GB,auto_candidate,70000,130000,needs_review,"5066 |/M 스페셜 768( 밀 리 의 서재) 17,900 무제한 무제한 300 분 768 ‘Mbps. 70,000 130,000 70,000 130,000"
2026-03-07 11:26:39,452,케이엘모바일_부성정책_ 3월 7일_ 5차 정책,sk7,11GB,auto_candidate,80000,140000,needs_review,"20GB 글로벌 300 (1168+/ 통 화 맘껏) 46,040 36,140 무제한 ㅣ 무제한 ㅣ 300 분 1168 3Mbps 80,000 140,000, 80,000 140,000 < 글 로 벌 요금제 요금 할인 프 로 모 션 >"
2026-03-07 11:26:39,452,케이엘모바일_부성정책_ 3월 7일_ 5차 정책,sk7,7GB,auto_candidate,80000,130000,needs_review,"506 글로벌 300 (768+/ 통 화 맘껏. 29,040 | 19,140 '69 편 의 점 무제한 ㅣ 무제한  300 분 | 708 76605 80.000 | 130,000 | 80,000 | 130,000 ㆍ 할인 금 액 ( 월 기준)"
2026-03-07 11:26:39,452,케이엘모바일_부성정책_ 3월 7일_ 5차 정책,skylife,11GB,auto_candidate,75000,130000,needs_review,"2008 156 모두 충분 1168+( 밀 리 의 서재) 34,000 무제한 무제한 300 분 |1168+ 일 268 | 314605 75,000 130,000 75,000 | 130,000"
2026-03-07 11:26:39,452,케이엘모바일_부성정책_ 3월 7일_ 5차 정책,skylife,7GB,auto_candidate,65000,120000,needs_review,"5GB 1068 156 모두 충분 766+( 밀 리 의 서재) 17,900 무제한 무제한 300 분 768 ‘Mbps 65,000 120,000 65,000 | 120,000"
2026-03-07 11:26:39,452,케이엘모바일_부성정책_ 3월 7일_ 5차 정책,umobile,11GB,auto_candidate,60000,150000,needs_review,"| 2008 LTE 스페셜 34,900 무제한 | 무제한 ㅣ 300 분 1168+ 일 208 3Mbps 60,000 150,000 60,000 150,000"
2026-03-07 11:26:39,452,케이엘모바일_부성정책_ 3월 7일_ 5차 정책,umobile,7GB,auto_candidate,60000,120000,needs_review,"176 무제한 | 568  | 나 트 (768+/ 통 화 기 본) 18,600 무제한 | 무제한 ㅣ 300 분 708 ‘Mbps 60,000 120,000 60,000 120,000"
2026-03-10 10:21:01,453,케이엘모바일_부성정책_ 3월 10일_ 6차 정책,hello,11GB,auto_candidate,30000,130000,needs_review,"The 착한 데이터 유심 11GB 49,390 | 15,400 33,990 무제한 | 무제한 300 분 11.068 일 268+3146605 30,000 130,000 30,000 130,000 |"
2026-03-10 10:21:01,453,케이엘모바일_부성정책_ 3월 10일_ 6차 정책,hello,7GB,auto_candidate,30000,90000,needs_review,"DATA 걱 정 없는 유심 768 45,100 | 26,600 | 18,500 무제한 | 무제한 300 분 768 ‘Mbps 30,000 90,000 30,000 90,000 |"
2026-03-10 10:21:01,453,케이엘모바일_부성정책_ 3월 10일_ 6차 정책,ktm,11GB,auto_candidate,80000,130000,needs_review,"2008 ™ 프리미엄 1168( 밀 리 의 서재) 34,000 무제한 | 무제한 300%  1168+ 일 208| 34605 80,000 130,000 80,000 130,000 |"
2026-03-10 10:21:01,453,케이엘모바일_부성정책_ 3월 10일_ 6차 정책,ktm,7GB,auto_candidate,70000,120000,needs_review,"5GB ™ 스페셜 768( 밀 리 의 서재) 17,900 무제한 | 무제한 300 분 708 ‘Mbps 70,000 120,000 70,000 120,000 |"
2026-03-10 10:21:01,453,케이엘모바일_부성정책_ 3월 10일_ 6차 정책,sk7,11GB,auto_candidate,70000,130000,needs_review,"20GB 글로벌 300 (1168+/ 통 화 맘껏) 46,040 36,140 무제한 ㅣ 무제한 ： 300 분 1168 3Mbps 70,000 130,000, 70,000 130,000 | < 글 로 벌 요금제 요금 할인 프 로 모 션 >"
2026-03-10 10:21:01,453,케이엘모바일_부성정책_ 3월 10일_ 6차 정책,sk7,7GB,auto_candidate,70000,120000,needs_review,"508 글로벌 300 (768+/ 통 화 맘껏) 29,040 | 19,140 '69 편 의 점 무제한 | 무제한 | 300 분 ㅣ 768 ‘Mbps 70,000 | 120,000 70,000 120,000 ㆍ 할인 금 액 ( 월 기준)"
2026-03-10 10:21:01,453,케이엘모바일_부성정책_ 3월 10일_ 6차 정책,skylife,11GB,auto_candidate,75000,130000,needs_review,"2008 156 모두 충분 1168+( 밀 리 의 서재) 34,000 무제한 무제한 300 분 |1168+ 일 268 | 314605 75,000 130,000 75,000 | 130,000"
2026-03-10 10:21:01,453,케이엘모바일_부성정책_ 3월 10일_ 6차 정책,skylife,7GB,auto_candidate,65000,120000,needs_review,"5GB 1068 156 모두 충분 766+( 밀 리 의 서재) 17,900 무제한 무제한 300 분 768 ‘Mbps 65,000 120,000 65,000 | 120,000"
2026-03-10 10:21:01,453,케이엘모바일_부성정책_ 3월 10일_ 6차 정책,umobile,11GB,auto_candidate,60000,130000,needs_review,"20GB LTE 스폐셜 34,900 무제한 무제한 | 300 분 1168+ 일 268 3Mbps. 60,000 130,000 | 60,000 130,000"
2026-03-10 10:21:01,453,케이엘모바일_부성정책_ 3월 10일_ 6차 정책,umobile,7GB,auto_candidate,60000,110000,needs_review,"176 무제한 568 LTE (768+/ 통 화 기 본) 18,600 무제한 무제한 | 300 분 708 ‘Mbps 60,000 110,000 | 60,000 110,000"
2026-03-11 13:05:47,454,케이엘모바일_부성정책_ 3월 11일_ 7차 정책,hello,11GB,auto_candidate,30000,130000,needs_review,"The 착한 데이터 유심 11GB 49,390 | 15,400 33,990 무제한 | 무제한 300 분 11.068 일 268+3146605 30,000 130,000 30,000 130,000 |"
2026-03-11 13:05:47,454,케이엘모바일_부성정책_ 3월 11일_ 7차 정책,hello,7GB,auto_candidate,30000,90000,needs_review,"DATA 걱 정 없는 유심 768 45,100 | 26,600 | 18,500 무제한 | 무제한 300 분 768 ‘Mbps 30,000 90,000 30,000 90,000 |"
2026-03-11 13:05:47,454,케이엘모바일_부성정책_ 3월 11일_ 7차 정책,ktm,11GB,auto_candidate,80000,130000,needs_review,"2008 ™ 프리미엄 1168( 밀 리 의 서재) 34,000 무제한 | 무제한 300%  1168+ 일 208| 34605 80,000 130,000 80,000 130,000 |"
2026-03-11 13:05:47,454,케이엘모바일_부성정책_ 3월 11일_ 7차 정책,ktm,7GB,auto_candidate,70000,120000,needs_review,"5GB ™ 스페셜 768( 밀 리 의 서재) 17,900 무제한 | 무제한 300 분 708 ‘Mbps 70,000 120,000 70,000 120,000 |"
2026-03-11 13:05:47,454,케이엘모바일_부성정책_ 3월 11일_ 7차 정책,sk7,11GB,auto_candidate,70000,130000,needs_review,"20GB 글로벌 300 (1168+/ 통 화 맘껏) 46,040 36,140 무제한 ㅣ 무제한 ： 300 분 1168 3Mbps 70,000 130,000, 70,000 130,000 | < 글 로 벌 요금제 요금 할인 프 로 모 션 >"
2026-03-11 13:05:47,454,케이엘모바일_부성정책_ 3월 11일_ 7차 정책,sk7,7GB,auto_candidate,70000,120000,needs_review,"508 글로벌 300 (768+/ 통 화 맘껏) 29,040 | 19,140 '69 편 의 점 무제한 | 무제한 | 300 분 ㅣ 768 ‘Mbps 70,000 | 120,000 70,000 120,000 ㆍ 할인 금 액 ( 월 기준)"
2026-03-11 13:05:47,454,케이엘모바일_부성정책_ 3월 11일_ 7차 정책,umobile,11GB,auto_candidate,70000,130000,needs_review,"20GB LTE 스폐셜 34,900 무제한 무제한 | 300 분 1168+ 일 268 3Mbps. 70,000 130,000 | 70,000 130,000"
2026-03-11 13:05:47,454,케이엘모바일_부성정책_ 3월 11일_ 7차 정책,umobile,7GB,auto_candidate,70000,120000,needs_review,"헬 스 케어 566 다 성 비 (768+/ 통 화 기 본 ) 19,300 | 무제한 무제한 300 분 768 ‘Mbps. 70,000 120,000 70,000 120,000"
2026-03-13 10:00:33,455,케이엘모바일_부성정책_ 3월 13일_ 8차 정책,hello,11GB,auto_candidate,30000,130000,needs_review,"The 착한 데이터 유심 11GB 49,390 | 15,400 33,990 무제한 | 무제한 300 분 11.068 일 268+3146605 30,000 130,000 30,000 130,000 |"
2026-03-13 10:00:33,455,케이엘모바일_부성정책_ 3월 13일_ 8차 정책,hello,7GB,auto_candidate,30000,90000,needs_review,"DATA 걱 정 없는 유심 768 45,100 | 26,600 | 18,500 무제한 | 무제한 300 분 768 ‘Mbps 30,000 90,000 30,000 90,000 |"
2026-03-13 10:00:33,455,케이엘모바일_부성정책_ 3월 13일_ 8차 정책,ktm,11GB,auto_candidate,80000,130000,needs_review,"2008 ™ 프리미엄 1168( 밀 리 의 서재) 34,000 무제한 | 무제한 300%  1168+ 일 208| 34605 80,000 130,000 80,000 130,000 |"
2026-03-13 10:00:33,455,케이엘모바일_부성정책_ 3월 13일_ 8차 정책,ktm,7GB,auto_candidate,70000,120000,needs_review,"5GB ™ 스페셜 768( 밀 리 의 서재) 17,900 무제한 | 무제한 300 분 708 ‘Mbps 70,000 120,000 70,000 120,000 |"
2026-03-13 10:00:33,455,케이엘모바일_부성정책_ 3월 13일_ 8차 정책,sk7,11GB,auto_candidate,70000,130000,needs_review,"2008 글로벌 300 (1168+/ 통 화 맘껏) 46,040 36,140 무제한 ㅣ 무제한 ： 300 분 1168 3Mbps 70,000 130,000 70,000 130,000 | < 글 로 벌 요금제 요금 할인 프 로 모 션 >"
2026-03-13 10:00:33,455,케이엘모바일_부성정책_ 3월 13일_ 8차 정책,sk7,7GB,auto_candidate,70000,120000,needs_review,"508 글로벌 300 (768+/ 통 화 맘껏.  29,040 | 19,140 '69 편 의 점 무제한 | 무제한 ㅣ 300 분 | 708 76605 70,000 | 120,000 70,000 ㅣ 120,000 ㆍ 할인 금 액 ( 월 기준)"
2026-03-13 10:00:33,455,케이엘모바일_부성정책_ 3월 13일_ 8차 정책,skylife,11GB,auto_candidate,75000,130000,needs_review,"2008 156 모두 충분 1168+( 밀 리 의 서재) 34,000 무제한 무제한 300 분 |1168+ 일 268 | 314605 75,000 130,000 75,000 | 130,000"
2026-03-13 10:00:33,455,케이엘모바일_부성정책_ 3월 13일_ 8차 정책,skylife,7GB,auto_candidate,65000,120000,needs_review,"5GB 1068 156 모두 충분 766+( 밀 리 의 서재) 17,900 무제한 무제한 300 분 768 ‘Mbps 65,000 120,000 65,000 | 120,000"
2026-03-13 10:00:33,455,케이엘모바일_부성정책_ 3월 13일_ 8차 정책,umobile,11GB,auto_candidate,70000,130000,needs_review,"20GB LTE 스폐셜 34,900 무제한 무제한 | 300 분 1168+ 일 268 3Mbps. 70,000 130,000 | 70,000 130,000"
2026-03-13 10:00:33,455,케이엘모바일_부성정책_ 3월 13일_ 8차 정책,umobile,7GB,auto_candidate,70000,120000,needs_review,"헬 스 케어 566 다 성 비 (768+/ 통 화 기 본 ) 19,300 | 무제한 무제한 300 분 768 ‘Mbps. 70,000 120,000 70,000 120,000"
2026-03-18 09:53:26,456,케이엘모바일_부성정책_ 3월 18일_ 9차 정책,hello,11GB,auto_candidate,30000,130000,needs_review,"| 2008 The 착한 데이터 유심 11GB 49,390 | 15,400 33,990 무제한 무제한 3008 11.068 ‘Y2GB+3Mbps 30,000 130,000 30,000 130,000"
2026-03-18 09:53:26,456,케이엘모바일_부성정책_ 3월 18일_ 9차 정책,hello,7GB,auto_candidate,30000,90000,needs_review,"568 DATA 걱 정 없는 유심 768 45,100 | 26.600 18,500 무제한 무제한 300 분 768 ‘Mbps, 30,000 90,000 30,000 90,000 |"
2026-03-18 09:53:26,456,케이엘모바일_부성정책_ 3월 18일_ 9차 정책,ktm,11GB,auto_candidate,80000,130000,needs_review,"2008 ™ 프리미엄 1168( 밀 리 의 서재) 34,000 무제한 | 무제한 300%  1168+ 일 208| 34605 80,000 130,000 80,000 130,000 |"
2026-03-18 09:53:26,456,케이엘모바일_부성정책_ 3월 18일_ 9차 정책,ktm,7GB,auto_candidate,70000,120000,needs_review,"5GB ™ 스페셜 768( 밀 리 의 서재) 17,900 무제한 | 무제한 300 분 708 ‘Mbps 70,000 120,000 70,000 120,000 |"
2026-03-18 09:53:26,456,케이엘모바일_부성정책_ 3월 18일_ 9차 정책,sk7,11GB,auto_candidate,70000,130000,needs_review,"2008 글로벌 300 (1168+/ 통 화 맘껏) 46,040 36,140 무제한 ㅣ 무제한 ： 300 분 1168 3Mbps 70,000 130,000 70,000 130,000 | < 글 로 벌 요금제 요금 할인 프 로 모 션 >"
2026-03-18 09:53:26,456,케이엘모바일_부성정책_ 3월 18일_ 9차 정책,sk7,7GB,auto_candidate,70000,120000,needs_review,"508 글로벌 300 (768+/ 통 화 맘껏.  29,040 | 19,140 '69 편 의 점 무제한 | 무제한 ㅣ 300 분 | 708 76605 70,000 | 120,000 70,000 ㅣ 120,000 ㆍ 할인 금 액 ( 월 기준)"
2026-03-18 09:53:26,456,케이엘모바일_부성정책_ 3월 18일_ 9차 정책,skylife,11GB,auto_candidate,75000,130000,needs_review,"2008 156 모두 충분 1168+( 밀 리 의 서재) 34,000 무제한 무제한 300 분 |1168+ 일 268 | 314605 75,000 130,000 75,000 | 130,000"
2026-03-18 09:53:26,456,케이엘모바일_부성정책_ 3월 18일_ 9차 정책,skylife,7GB,auto_candidate,65000,120000,needs_review,"5GB 1068 156 모두 충분 766+( 밀 리 의 서재) 17,900 무제한 무제한 300 분 768 ‘Mbps 65,000 120,000 65,000 | 120,000"
2026-03-18 09:53:26,456,케이엘모바일_부성정책_ 3월 18일_ 9차 정책,umobile,11GB,auto_candidate,70000,130000,needs_review,"20GB LTE 스폐셜 34,900 무제한 무제한 | 300 분 1168+ 일 268 3Mbps. 70,000 130,000 | 70,000 130,000"
2026-03-18 09:53:26,456,케이엘모바일_부성정책_ 3월 18일_ 9차 정책,umobile,7GB,auto_candidate,70000,120000,needs_review,"헬 스 케어 566 다 성 비 (768+/ 통 화 기 본 ) 19,300 | 무제한 무제한 300 분 768 ‘Mbps. 70,000 120,000 70,000 120,000"
2026-03-19 10:16:50,458,케이엘모바일_부성정책_ 3월 19일_ 10차 정책,hello,11GB,auto_candidate,30000,130000,needs_review,"| 2008 The 착한 데이터 유심 11GB 49,390 | 15,400 33,990 무제한 무제한 3008 11.068 ‘Y2GB+3Mbps 30,000 130,000 30,000 130,000"
2026-03-19 10:16:50,458,케이엘모바일_부성정책_ 3월 19일_ 10차 정책,hello,7GB,auto_candidate,30000,90000,needs_review,"568 DATA 걱 정 없는 유심 768 45,100 | 26.600 18,500 무제한 무제한 300 분 768 ‘Mbps, 30,000 90,000 30,000 90,000 |"
2026-03-19 10:16:50,458,케이엘모바일_부성정책_ 3월 19일_ 10차 정책,ktm,11GB,auto_candidate,80000,130000,needs_review,"2008 ™ 프리미엄 1168( 밀 리 의 서재) 34,000 무제한 | 무제한 300%  1168+ 일 208| 34605 80,000 130,000 80,000 130,000 |"
2026-03-19 10:16:50,458,케이엘모바일_부성정책_ 3월 19일_ 10차 정책,ktm,7GB,auto_candidate,70000,120000,needs_review,"5GB ™ 스페셜 768( 밀 리 의 서재) 17,900 무제한 | 무제한 300 분 708 ‘Mbps 70,000 120,000 70,000 120,000 |"
2026-03-19 10:16:50,458,케이엘모바일_부성정책_ 3월 19일_ 10차 정책,sk7,11GB,auto_candidate,70000,110000,needs_review,"2008 글로벌 300 (1108+/ 통 화 맘껏) 46,040 36,140 무제한 | 무제한 . 300 분 ㅣ 1168 34665 70,000 | 110000 | 70000 | 110,000 < 글 로 벌 요금제 요금 할인 프 로 모 션 >"
2026-03-19 10:16:50,458,케이엘모바일_부성정책_ 3월 19일_ 10차 정책,sk7,7GB,auto_candidate,70000,100000,needs_review,"508 글로벌 300 (768+/ 동 화 맘껏. 29040 19,140 .69 편 의 점 무제한 | 무제한 300% ㅣ 708 ‘Mbps 70,000 | 100,000 70,000 ㅣ 100,000 . 할인 금 액 ( 월 기준)"
2026-03-19 10:16:50,458,케이엘모바일_부성정책_ 3월 19일_ 10차 정책,skylife,11GB,auto_candidate,75000,130000,needs_review,"2008 156 모두 충분 1168+( 밀 리 의 서재) 34,000 무제한 무제한 300 분 |1168+ 일 268 | 314605 75,000 130,000 75,000 | 130,000"
2026-03-19 10:16:50,458,케이엘모바일_부성정책_ 3월 19일_ 10차 정책,skylife,7GB,auto_candidate,65000,120000,needs_review,"5GB 1068 156 모두 충분 766+( 밀 리 의 서재) 17,900 무제한 무제한 300 분 768 ‘Mbps 65,000 120,000 65,000 | 120,000"
2026-03-19 10:16:50,458,케이엘모바일_부성정책_ 3월 19일_ 10차 정책,umobile,11GB,auto_candidate,70000,130000,needs_review,"20GB LTE 스폐셜 34,900 무제한 무제한 | 300 분 1168+ 일 268 3Mbps. 70,000 130,000 | 70,000 130,000"
2026-03-19 10:16:50,458,케이엘모바일_부성정책_ 3월 19일_ 10차 정책,umobile,7GB,auto_candidate,70000,120000,needs_review,"헬 스 케어 566 다 성 비 (768+/ 통 화 기 본 ) 19,300 | 무제한 무제한 300 분 768 ‘Mbps. 70,000 120,000 70,000 120,000"
2026-03-19 14:10:22,459,케이엘모바일_부성정책_ 3월 19일_ 10차 정책_수정,hello,11GB,auto_candidate,30000,130000,needs_review,"| 2008 The 착한 데이터 유심 11GB 49,390 | 15,400 33,990 무제한 무제한 3008 11.068 ‘Y2GB+3Mbps 30,000 130,000 30,000 130,000"
2026-03-19 14:10:22,459,케이엘모바일_부성정책_ 3월 19일_ 10차 정책_수정,hello,7GB,auto_candidate,30000,90000,needs_review,"568 DATA 걱 정 없는 유심 768 45,100 | 26.600 18,500 무제한 무제한 300 분 768 ‘Mbps, 30,000 90,000 30,000 90,000 |"
2026-03-19 14:10:22,459,케이엘모바일_부성정책_ 3월 19일_ 10차 정책_수정,ktm,11GB,auto_candidate,80000,110000,needs_review,"2006 10 프리미엄 1168( 밀 리 의 서재) 34,000 무제한 무제한 300 분 1168+ 일 268. 3Mbps 80,000 110,000 80,000 110,000"
2026-03-19 14:10:22,459,케이엘모바일_부성정책_ 3월 19일_ 10차 정책_수정,ktm,7GB,auto_candidate,70000,100000,needs_review,"5066 |/M 스페셜 768( 밀 리 의 서재) 17,900 무제한 무제한 300 분 768 ‘Mbps. 70,000 100,000 70,000 100,000"
2026-03-19 14:10:22,459,케이엘모바일_부성정책_ 3월 19일_ 10차 정책_수정,sk7,11GB,auto_candidate,70000,110000,needs_review,"2008 글로벌 300 (1108+/ 통 화 맘껏) 46,040 36,140 무제한 | 무제한 . 300 분 ㅣ 1168 34665 70,000 | 110000 | 70000 | 110,000 < 글 로 벌 요금제 요금 할인 프 로 모 션 >"
2026-03-19 14:10:22,459,케이엘모바일_부성정책_ 3월 19일_ 10차 정책_수정,sk7,7GB,auto_candidate,70000,100000,needs_review,"508 글로벌 300 (768+/ 동 화 맘껏. 29040 19,140 .69 편 의 점 무제한 | 무제한 300% ㅣ 708 ‘Mbps 70,000 | 100,000 70,000 ㅣ 100,000 . 할인 금 액 ( 월 기준)"
2026-03-19 14:10:22,459,케이엘모바일_부성정책_ 3월 19일_ 10차 정책_수정,skylife,11GB,auto_candidate,55000,110000,needs_review,"2008 156 모두 충분 1168+( 밀 리 의 서재) 34,000 무제한 무제한 300% |1168+ 일 208| 34605 55,000 110,000 55,000 | 110,000"
2026-03-19 14:10:22,459,케이엘모바일_부성정책_ 3월 19일_ 10차 정책_수정,skylife,7GB,auto_candidate,45000,100000,needs_review,"568 1068 156 모두 충분 766+( 밀 리 의 서재) 17,900 무제한 무제한 300 분 768 1Mbps 45,000 100,000 45,000 | 100,000"
2026-03-19 14:10:22,459,케이엘모바일_부성정책_ 3월 19일_ 10차 정책_수정,umobile,11GB,auto_candidate,70000,130000,needs_review,"20GB LTE 스폐셜 34,900 무제한 무제한 | 300 분 1168+ 일 268 3Mbps. 70,000 130,000 | 70,000 130,000"
2026-03-19 14:10:22,459,케이엘모바일_부성정책_ 3월 19일_ 10차 정책_수정,umobile,7GB,auto_candidate,70000,120000,needs_review,"헬 스 케어 566 다 성 비 (768+/ 통 화 기 본 ) 19,300 | 무제한 무제한 300 분 768 ‘Mbps. 70,000 120,000 70,000 120,000"
2026-03-20 10:44:57,460,케이엘모바일_부성정책_ 3월 20일_ 11차 정책,hello,11GB,auto_candidate,30000,110000,needs_review,"| 2008 The 착한 데이터 유심 11GB 49,390 | 15,400 33,990 무제한 무제한 3008 11.068 ‘Y2GB+3Mbps 30,000 110,000 30,000 110,000"
2026-03-20 10:44:57,460,케이엘모바일_부성정책_ 3월 20일_ 11차 정책,hello,7GB,auto_candidate,30000,90000,needs_review,"568 DATA 걱 정 없는 유심 768 45,100 | 26.600 18,500 무제한 무제한 300 분 768 ‘Mbps, 30,000 90,000 30,000 90,000 |"
2026-03-20 10:44:57,460,케이엘모바일_부성정책_ 3월 20일_ 11차 정책,ktm,11GB,auto_candidate,80000,100000,needs_review,"2008 | 프리미엄 1160( 밀 리 의 서재) 34,000 무제한 무제한 300%  1168+ 일 268. 34605 80,000 100,000 80,000 100,000"
2026-03-20 10:44:57,460,케이엘모바일_부성정책_ 3월 20일_ 11차 정책,ktm,7GB,auto_candidate,70000,90000,needs_review,"506 | 스페셜 768( 밀 리 의 서재) 17,900 무제한 무제한 300 분 768 003 70,000 90,000 70,000 90,000"
2026-03-20 10:44:57,460,케이엘모바일_부성정책_ 3월 20일_ 11차 정책,sk7,11GB,auto_candidate,70000,110000,needs_review,"2008 글로벌 300 (1108+/ 통 화 맘껏) 46,040 36,140 무제한 | 무제한 . 300 분 ㅣ 1168 34665 70,000 | 110000 | 70000 | 110,000 < 글 로 벌 요금제 요금 할인 프 로 모 션 >"
2026-03-20 10:44:57,460,케이엘모바일_부성정책_ 3월 20일_ 11차 정책,sk7,7GB,auto_candidate,70000,100000,needs_review,"508 글로벌 300 (768+/ 동 화 맘껏. 29040 19,140 .69 편 의 점 무제한 | 무제한 300% ㅣ 708 ‘Mbps 70,000 | 100,000 70,000 ㅣ 100,000 . 할인 금 액 ( 월 기준)"
2026-03-20 10:44:57,460,케이엘모바일_부성정책_ 3월 20일_ 11차 정책,skylife,11GB,auto_candidate,55000,110000,needs_review,"2008 156 모두 충분 1168+( 밀 리 의 서재) 34,000 무제한 무제한 300% |1168+ 일 208| 34605 55,000 110,000 55,000 | 110,000"
2026-03-20 10:44:57,460,케이엘모바일_부성정책_ 3월 20일_ 11차 정책,skylife,7GB,auto_candidate,45000,100000,needs_review,"568 1068 156 모두 충분 766+( 밀 리 의 서재) 17,900 무제한 무제한 300 분 768 1Mbps 45,000 100,000 45,000 | 100,000"
2026-03-20 10:44:57,460,케이엘모바일_부성정책_ 3월 20일_ 11차 정책,umobile,11GB,auto_candidate,60000,100000,needs_review,"20GB LTE 스폐셜 34,900 무제한 무제한 | 300 분 1168+ 일 268 3Mbps. 60,000 100,000 | 60,000 100,000"
2026-03-20 10:44:57,460,케이엘모바일_부성정책_ 3월 20일_ 11차 정책,umobile,7GB,auto_candidate,60000,90000,needs_review,"176 무제한 568 LTE (768+/ 통 화 기 본) 18,600 무제한 무제한 | 300 분 708 ‘Mbps 60,000 90,000 | 60,000 90,000"
2026-03-23 11:21:46,461,케이엘모바일_부성정책_ 3월 23일_ 12차 정책,hello,11GB,auto_candidate,30000,110000,needs_review,"| 2008 The 착한 데이터 유심 11GB 49,390 | 15,400 33,990 무제한 무제한 3008 11.068 ‘Y2GB+3Mbps 30,000 110,000 30,000 110,000"
2026-03-23 11:21:46,461,케이엘모바일_부성정책_ 3월 23일_ 12차 정책,hello,7GB,auto_candidate,30000,90000,needs_review,"568 DATA 걱 정 없는 유심 768 45,100 | 26.600 18,500 무제한 무제한 300 분 768 ‘Mbps, 30,000 90,000 30,000 90,000 |"
2026-03-23 11:21:46,461,케이엘모바일_부성정책_ 3월 23일_ 12차 정책,ktm,11GB,auto_candidate,80000,100000,needs_review,"2006 | M 프리미엄 1168( 밀 리 의 서재) 34,000 무제한 무제한 300 분 1168+ 일 268. 3Mbps. 80,000 100,000 80,000 100,000"
2026-03-23 11:21:46,461,케이엘모바일_부성정책_ 3월 23일_ 12차 정책,ktm,7GB,auto_candidate,70000,90000,needs_review,"5066 |M 스페셜 768( 밀 리 의 서재) 17,900 무제한 무제한 300 분 768 ‘Mbps. 70,000 90,000 70,000 90,000"
2026-03-23 11:21:46,461,케이엘모바일_부성정책_ 3월 23일_ 12차 정책,sk7,11GB,auto_candidate,70000,110000,needs_review,"2008 글로벌 300 (1108+/ 통 화 맘껏) 46,040 36,140 무제한 | 무제한 . 300 분 ㅣ 1168 34665 70,000 | 110000 | 70000 | 110,000 < 글 로 벌 요금제 요금 할인 프 로 모 션 >"
2026-03-23 11:21:46,461,케이엘모바일_부성정책_ 3월 23일_ 12차 정책,sk7,7GB,auto_candidate,70000,100000,needs_review,"508 글로벌 300 (768+/ 동 화 맘껏. 29040 19,140 .69 편 의 점 무제한 | 무제한 300% ㅣ 708 ‘Mbps 70,000 | 100,000 70,000 ㅣ 100,000 . 할인 금 액 ( 월 기준)"
2026-03-23 11:21:46,461,케이엘모바일_부성정책_ 3월 23일_ 12차 정책,skylife,11GB,auto_candidate,55000,110000,needs_review,"2008 156 모두 충분 1168+( 밀 리 의 서재) 34,000 무제한 무제한 300% |1168+ 일 208| 34605 55,000 110,000 55,000 | 110,000"
2026-03-23 11:21:46,461,케이엘모바일_부성정책_ 3월 23일_ 12차 정책,skylife,7GB,auto_candidate,45000,100000,needs_review,"568 1068 156 모두 충분 766+( 밀 리 의 서재) 17,900 무제한 무제한 300 분 768 1Mbps 45,000 100,000 45,000 | 100,000"
2026-03-23 11:21:46,461,케이엘모바일_부성정책_ 3월 23일_ 12차 정책,umobile,11GB,auto_candidate,60000,100000,needs_review,"20GB LTE 스폐셜 34,900 무제한 무제한 | 300 분 1168+ 일 268 3Mbps. 60,000 100,000 | 60,000 100,000"
2026-03-23 11:21:46,461,케이엘모바일_부성정책_ 3월 23일_ 12차 정책,umobile,7GB,auto_candidate,60000,90000,needs_review,"176 무제한 568 LTE (768+/ 통 화 기 본) 18,600 무제한 무제한 | 300 분 708 ‘Mbps 60,000 90,000 | 60,000 90,000"
2026-04-01 12:39:20,462,케이엘모바일_부성정책_ 4월 1일_ 1차 정책,hello,11GB,auto_candidate,30000,100000,needs_review,"2068 The 착한 데이터 유심 1168 49390 | 15400 33,990 | 무제한 ㅣ 무제한 ㅣ 300 분 | 11068 | 22GB+3Mbps 30,000 100,000 30,000 100,000"
2026-04-01 12:39:20,462,케이엘모바일_부성정책_ 4월 1일_ 1차 정책,hello,7GB,auto_candidate,30000,100000,needs_review,"508 DATA 걱 정 없는 유심 768 45,100 | 26.600 18,500 무제한 무제한 300% 768 ‘Mbps. 30,000 100,000 30,000 100,000"
2026-04-01 12:39:20,462,케이엘모바일_부성정책_ 4월 1일_ 1차 정책,ktm,11GB,manual_image_confirmed,105000,100000,manual_fixed,2026-04-01 image: M 프리미엄 11GB(밀리의서재) 내국인 010신규/번호이동 직접 판독
2026-04-01 12:39:20,462,케이엘모바일_부성정책_ 4월 1일_ 1차 정책,ktm,7GB,manual_image_confirmed,105000,90000,manual_fixed,2026-04-01 image: M 스페셜 7GB(밀리의서재) 내국인 010신규/번호이동 직접 판독
2026-04-01 12:39:20,462,케이엘모바일_부성정책_ 4월 1일_ 1차 정책,sk7,11GB,auto_candidate,70000,100000,needs_review,"20GB 글로벌 300 (1168+/ 통 화 맘껏) 46,040 36,140 무제한 ㅣ 무제한 ㅣ 300 분 1168 3Mbps 70,000 100,000 70,000 100,000 < 글 로 벌 요금제 요금 할인 프 로 모 션 >"
2026-04-01 12:39:20,462,케이엘모바일_부성정책_ 4월 1일_ 1차 정책,sk7,7GB,auto_candidate,70000,90000,needs_review,"508 글로벌 300 (768+/ 통 화 맘껏)  29,040 | 19,140 '69 편 의 점 무제한 ㅣ 무제한  300 분 | 708 76605 70,000 90,000 70,000 90,000 - He! 금 액 ( 월 기준)"
2026-04-01 12:39:20,462,케이엘모바일_부성정책_ 4월 1일_ 1차 정책,skylife,11GB,auto_candidate,65000,100000,needs_review,"20GB 156 모두 충분 1168+( 밀 리 의 서재) 34,000 무제한 무제한 300 분 |11068+ 일 208| 314665 65,000 100,000 65,000 | 100,000"
2026-04-01 12:39:20,462,케이엘모바일_부성정책_ 4월 1일_ 1차 정책,skylife,7GB,auto_candidate,55000,90000,needs_review,"568 1068 150 모두 SE 766+( 밀 리 의 서재) 17,900 무제한 무제한 300 분 768 1Mbps 55,000 90,000 55,000 | 90,000"
2026-04-01 12:39:20,462,케이엘모바일_부성정책_ 4월 1일_ 1차 정책,umobile,11GB,auto_candidate,60000,100000,needs_review,"2008  | 녀 6 스 페 셜 [ 약 정 형 ] 32,990 무제한 무제한 ㅣ 300 분 11GB+ 22GB 3Mbps 60,000 100,000 | 60,000 100,000"
2026-04-01 12:39:20,462,케이엘모바일_부성정책_ 4월 1일_ 1차 정책,umobile,7GB,auto_candidate,60000,90000,needs_review,"5GB LTE (7068+/ 통 화 기 본 )[ 약 정형] 15,900 무제한 무제한 300 분 768 1Mbps 60,000 90,000 | 60,000 90,000"
2026-04-02 10:19:17,463,케이엘모바일_부성정책_ 4월 2일_ 2차 정책,hello,11GB,auto_candidate,30000,100000,needs_review,"2068 The 착한 데이터 유심 1168 49390 | 15400 33,990 | 무제한 ㅣ 무제한 ㅣ 300 분 | 11068 | 22GB+3Mbps 30,000 100,000 30,000 100,000"
2026-04-02 10:19:17,463,케이엘모바일_부성정책_ 4월 2일_ 2차 정책,hello,7GB,auto_candidate,30000,100000,needs_review,"508 DATA 걱 정 없는 유심 768 45,100 | 26.600 18,500 무제한 무제한 300% 768 ‘Mbps. 30,000 100,000 30,000 100,000"
2026-04-02 10:19:17,463,케이엘모바일_부성정책_ 4월 2일_ 2차 정책,ktm,11GB,auto_candidate,90000,100000,needs_review,"20068 | M 프리미엄 1168( 밀 리 의 서재) 34,000 무제한 무제한 300 분 1168+ 일 268. 3Mbps. 90,000 100,000 90,000 100,000"
2026-04-02 10:19:17,463,케이엘모바일_부성정책_ 4월 2일_ 2차 정책,ktm,7GB,auto_candidate,90000,90000,needs_review,"5066 | M 스 페 셜 768( 지 니 뮤직) 20,300 무제한 무제한 300 분 768 Mbps. 90,000 90,000 90,000 90,000"
2026-04-02 10:19:17,463,케이엘모바일_부성정책_ 4월 2일_ 2차 정책,sk7,11GB,auto_candidate,80000,100000,needs_review,"2008 글로벌 300 (1168+/ 통 화 맘껏) 46,040 36,140 무제한 ㅣ 무제한 ： 300 분 1168 3Mbps 80,000 100,000 80,000 100,000 | < 글 로 벌 요금제 요금 할인 프 로 모 션 >"
2026-04-02 10:19:17,463,케이엘모바일_부성정책_ 4월 2일_ 2차 정책,sk7,7GB,auto_candidate,80000,90000,needs_review,"508 글로벌 300 (768+/ 통 화 맘껏) 29,040 | 19,140 '69 편 의 점 무제한 ㅣ 무제한  300 분 | 708 76605 80.000 90,000 80,000 90,000 - #el 금 액 ( 월 기준)"
2026-04-02 10:19:17,463,케이엘모바일_부성정책_ 4월 2일_ 2차 정책,skylife,11GB,auto_candidate,65000,100000,needs_review,"20GB 156 모두 충분 1168+( 밀 리 의 서재) 34,000 무제한 무제한 300 분 |11068+ 일 208| 314665 65,000 100,000 65,000 | 100,000"
2026-04-02 10:19:17,463,케이엘모바일_부성정책_ 4월 2일_ 2차 정책,skylife,7GB,auto_candidate,55000,90000,needs_review,"568 1068 150 모두 SE 766+( 밀 리 의 서재) 17,900 무제한 무제한 300 분 768 1Mbps 55,000 90,000 55,000 | 90,000"
2026-04-02 10:19:17,463,케이엘모바일_부성정책_ 4월 2일_ 2차 정책,umobile,11GB,auto_candidate,60000,100000,needs_review,"2008  | 녀 6 스 페 셜 [ 약 정 형 ] 32,990 무제한 무제한 ㅣ 300 분 11GB+ 22GB 3Mbps 60,000 100,000 | 60,000 100,000"
2026-04-02 10:19:17,463,케이엘모바일_부성정책_ 4월 2일_ 2차 정책,umobile,7GB,auto_candidate,60000,90000,needs_review,"5GB LTE (7068+/ 통 화 기 본 )[ 약 정형] 15,900 무제한 무제한 300 분 768 1Mbps 60,000 90,000 | 60,000 90,000"
2026-04-03 10:44:38,464,케이엘모바일_부성정책_ 4월 3일_ 3차 정책,hello,11GB,auto_candidate,30000,130000,needs_review,"2068 The 착한 데이터 유심 1168 49390 | 15400 33,990 | 무제한 ㅣ 무제한 ㅣ 300 분 | 11068 | 22GB+3Mbps 30,000 130,000 30,000 130,000"
2026-04-03 10:44:38,464,케이엘모바일_부성정책_ 4월 3일_ 3차 정책,hello,7GB,auto_candidate,30000,100000,needs_review,"508 DATA 걱 정 없는 유심 768 45,100 | 26.600 18,500 무제한 무제한 300% 768 ‘Mbps. 30,000 100,000 30,000 100,000"
2026-04-03 10:44:38,464,케이엘모바일_부성정책_ 4월 3일_ 3차 정책,ktm,11GB,auto_candidate,90000,100000,needs_review,"20068 | M 프리미엄 1168( 밀 리 의 서재) 34,000 무제한 무제한 300 분 1168+ 일 268. 3Mbps. 90,000 100,000 90,000 100,000"
2026-04-03 10:44:38,464,케이엘모바일_부성정책_ 4월 3일_ 3차 정책,ktm,7GB,auto_candidate,90000,90000,needs_review,"5066 | M 스 페 셜 768( 지 니 뮤직) 20,300 무제한 무제한 300 분 768 Mbps. 90,000 90,000 90,000 90,000"
2026-04-03 10:44:38,464,케이엘모바일_부성정책_ 4월 3일_ 3차 정책,sk7,11GB,auto_candidate,80000,100000,needs_review,"2008 글로벌 300 (1168+/ 통 화 맘껏) 46,040 36,140 무제한 ㅣ 무제한 ： 300 분 1168 3Mbps 80,000 100,000 80,000 100,000 | < 글 로 벌 요금제 요금 할인 프 로 모 션 >"
2026-04-03 10:44:38,464,케이엘모바일_부성정책_ 4월 3일_ 3차 정책,sk7,7GB,auto_candidate,80000,90000,needs_review,"508 글로벌 300 (768+/ 통 화 맘껏) 29,040 | 19,140 '69 편 의 점 무제한 ㅣ 무제한  300 분 | 708 76605 80.000 90,000 80,000 90,000 - #el 금 액 ( 월 기준)"
2026-04-03 10:44:38,464,케이엘모바일_부성정책_ 4월 3일_ 3차 정책,skylife,11GB,auto_candidate,65000,120000,needs_review,"20GB 156 모두 충분 1168+( 밀 리 의 서재) 34,000 무제한 무제한 300 분 |11068+ 일 208| 314665 65,000 120,000 65,000 | 120,000"
2026-04-03 10:44:38,464,케이엘모바일_부성정책_ 4월 3일_ 3차 정책,skylife,7GB,auto_candidate,55000,110000,needs_review,"568 1068 150 모두 충분 768+( 밀 리 의 서재) 17,900 무제한 무제한 300 분 768 1Mbps 55,000 110,000 55,000 | 110,000"
2026-04-03 10:44:38,464,케이엘모바일_부성정책_ 4월 3일_ 3차 정책,umobile,11GB,auto_candidate,60000,130000,needs_review,"2008  | 녀 6 스 페 셜 [ 약 정 형 ] 32,990 무제한 무제한 ㅣ 300 분 11GB+ 22GB 3Mbps 60,000 130,000 | 60,000 130,000"
2026-04-03 10:44:38,464,케이엘모바일_부성정책_ 4월 3일_ 3차 정책,umobile,7GB,auto_candidate,60000,120000,needs_review,"5GB LTE (7068+/ 통 화 기 본 )[ 약 정형] 15,900 무제한 무제한 300 분 768 1Mbps 60,000 120,000 | 60,000 120,000"
2026-04-07 10:27:04,466,케이엘모바일_부성정책_ 4월 7일_ 4차 정책,hello,11GB,auto_candidate,30000,130000,needs_review,"2068 The 착한 데이터 유심 1168 49390 | 15400 33,990 | 무제한 ㅣ 무제한 ㅣ 300 분 | 11068 | 22GB+3Mbps 30,000 130,000 30,000 130,000"
2026-04-07 10:27:04,466,케이엘모바일_부성정책_ 4월 7일_ 4차 정책,hello,7GB,auto_candidate,30000,100000,needs_review,"508 DATA 걱 정 없는 유심 768 45,100 | 26.600 18,500 무제한 무제한 300% 768 ‘Mbps. 30,000 100,000 30,000 100,000"
2026-04-07 10:27:04,466,케이엘모바일_부성정책_ 4월 7일_ 4차 정책,ktm,11GB,auto_candidate,105000,130000,needs_review,"2008 4 프리미엄 1160( 밀 리 의 서재) 34,000 무제한 무제한 300 분 | 1168+ 일 208| 3Mbps. 105,000 130,000 105,000 130,000"
2026-04-07 10:27:04,466,케이엘모바일_부성정책_ 4월 7일_ 4차 정책,ktm,7GB,auto_candidate,105000,120000,needs_review,"5068 4 스페셜 7680( 밀 리 의 서재) 17,900 무제한 무제한 300 분 708 ‘Mbps 105,000 120,000 105,000 120,000"
2026-04-07 10:27:04,466,케이엘모바일_부성정책_ 4월 7일_ 4차 정책,sk7,11GB,auto_candidate,80000,130000,needs_review,"2008 글로벌 300 (1168+/ 통 화 맘껏) 46,040 36,140 무제한 ㅣ 무제한 ： 300 분 1168 3Mbps 80,000 130,000 80,000 130,000 | < 글 로 벌 요금제 요금 할인 프 로 모 션 >"
2026-04-07 10:27:04,466,케이엘모바일_부성정책_ 4월 7일_ 4차 정책,sk7,7GB,auto_candidate,80000,120000,needs_review,"508 글로벌 300 (768+/ 통 화 맘껏.  29,040 | 19,140 '69 편 의 점 무제한 | 무제한 ㅣ 300 분 | 708 76605 80,000 | 120,000  80.000 ㅣ 120.000 ㆍ 할인 금 액 ( 월 기준)"
2026-04-07 10:27:04,466,케이엘모바일_부성정책_ 4월 7일_ 4차 정책,skylife,11GB,auto_candidate,65000,120000,needs_review,"20GB 156 모두 충분 1168+( 밀 리 의 서재) 34,000 무제한 무제한 300 분 |11068+ 일 208| 314665 65,000 120,000 65,000 | 120,000"
2026-04-07 10:27:04,466,케이엘모바일_부성정책_ 4월 7일_ 4차 정책,skylife,7GB,auto_candidate,55000,110000,needs_review,"568 1068 150 모두 충분 768+( 밀 리 의 서재) 17,900 무제한 무제한 300 분 768 1Mbps 55,000 110,000 55,000 | 110,000"
2026-04-07 10:27:04,466,케이엘모바일_부성정책_ 4월 7일_ 4차 정책,umobile,11GB,auto_candidate,60000,130000,needs_review,"2008  | 녀 6 스 페 셜 [ 약 정 형 ] 32,990 무제한 무제한 ㅣ 300 분 11GB+ 22GB 3Mbps 60,000 130,000 | 60,000 130,000"
2026-04-07 10:27:04,466,케이엘모바일_부성정책_ 4월 7일_ 4차 정책,umobile,7GB,auto_candidate,60000,120000,needs_review,"5GB LTE (7068+/ 통 화 기 본 )[ 약 정형] 15,900 무제한 무제한 300 분 768 1Mbps 60,000 120,000 | 60,000 120,000"
2026-04-09 10:52:44,467,케이엘모바일_부성정책_ 4월 9일_ 5차 정책,hello,11GB,auto_candidate,30000,100000,needs_review,"2068 The 착한 데이터 유심 1168 49390 | 15400 33,990 | 무제한 ㅣ 무제한 ㅣ 300 분 | 11068 | 22GB+3Mbps 30,000 100,000 30,000 100,000"
2026-04-09 10:52:44,467,케이엘모바일_부성정책_ 4월 9일_ 5차 정책,hello,7GB,auto_candidate,30000,100000,needs_review,"508 DATA 걱 정 없는 유심 768 45,100 | 26.600 18,500 무제한 무제한 300% 768 ‘Mbps. 30,000 100,000 30,000 100,000"
2026-04-09 10:52:44,467,케이엘모바일_부성정책_ 4월 9일_ 5차 정책,ktm,11GB,auto_candidate,90000,100000,needs_review,"20GB ™ 프리미엄 1168( 밀 리 의 서재) 34,000 무제한 | 무제한 300 분  1168+ 일 268| — 3Mbps 90,000 100,000 90,000 100,000 |"
2026-04-09 10:52:44,467,케이엘모바일_부성정책_ 4월 9일_ 5차 정책,ktm,7GB,auto_candidate,90000,90000,needs_review,"5GB ™ 스페셜 768( 밀 리 의 서재) 17,900 무제한 | 무제한 300 분 768 74605 90,000 90,000 90,000 90,000 |"
2026-04-09 10:52:44,467,케이엘모바일_부성정책_ 4월 9일_ 5차 정책,sk7,11GB,auto_candidate,80000,100000,needs_review,"20GB 글로벌 300 (1168+/ 통 화 맘껏) 46,040 36,140 무제한 ㅣ 무제한 ： 300 분 1168 3Mbps 80,000 100,000 80,000 100,000 | < 글 로 벌 요금제 요금 할인 프 로 모 션 >"
2026-04-09 10:52:44,467,케이엘모바일_부성정책_ 4월 9일_ 5차 정책,sk7,7GB,auto_candidate,80000,90000,needs_review,"508 글로벌 300 (768+/ 통 화 맘껏) 29,040 | 19,140 '69 편 의 점 무제한 | 무제한 | 300 분 ㅣ 768 ‘Mbps 80,000 90,000 80,000 90,000 - Hel 금 액 ( 월 기준)"
2026-04-09 10:52:44,467,케이엘모바일_부성정책_ 4월 9일_ 5차 정책,skylife,11GB,auto_candidate,65000,100000,needs_review,"20GB 156 모두 충분 1168+( 밀 리 의 서재) 34,000 무제한 무제한 300 분 |11068+ 일 208| 314665 65,000 100,000 65,000 | 100,000"
2026-04-09 10:52:44,467,케이엘모바일_부성정책_ 4월 9일_ 5차 정책,skylife,7GB,auto_candidate,55000,90000,needs_review,"568 1068 150 모두 충분 768+( 밀 리 의 서재) 17,900 무제한 무제한 300 분 768 1Mbps 55,000 90,000 55,000 | 90,000"
2026-04-09 10:52:44,467,케이엘모바일_부성정책_ 4월 9일_ 5차 정책,umobile,11GB,auto_candidate,60000,100000,needs_review,"2008  | 녀 6 스 페 셜 [ 약 정 형 ] 32,990 무제한 무제한 ㅣ 300 분 11GB+ 22GB 3Mbps 60,000 100,000 | 60,000 100,000"
2026-04-09 10:52:44,467,케이엘모바일_부성정책_ 4월 9일_ 5차 정책,umobile,7GB,auto_candidate,60000,90000,needs_review,"5GB LTE (7068+/ 통 화 기 본 )[ 약 정형] 15,900 무제한 무제한 300 분 768 1Mbps 60,000 90,000 | 60,000 90,000"
2026-04-15 10:48:48,468,케이엘모바일_부성정책_ 4월 15일_ 6차 정책,hello,11GB,auto_candidate,30000,100000,needs_review,"2068 The 착한 데이터 유심 1168 49390 | 15400 33,990 | 무제한 ㅣ 무제한 ㅣ 300 분 | 11068 | 22GB+3Mbps 30,000 100,000 30,000 100,000"
2026-04-15 10:48:48,468,케이엘모바일_부성정책_ 4월 15일_ 6차 정책,hello,7GB,auto_candidate,30000,100000,needs_review,"508 DATA 걱 정 없는 유심 768 45,100 | 26.600 18,500 무제한 무제한 300% 768 ‘Mbps. 30,000 100,000 30,000 100,000"
2026-04-15 10:48:48,468,케이엘모바일_부성정책_ 4월 15일_ 6차 정책,ktm,11GB,auto_candidate,90000,100000,needs_review,"20GB ™ 프리미엄 1168( 밀 리 의 서재) 34,000 무제한 | 무제한 300 분  1168+ 일 268| — 3Mbps 90,000 100,000 90,000 100,000 |"
2026-04-15 10:48:48,468,케이엘모바일_부성정책_ 4월 15일_ 6차 정책,ktm,7GB,auto_candidate,90000,90000,needs_review,"5GB ™ 스페셜 768( 밀 리 의 서재) 17,900 무제한 | 무제한 300 분 768 74605 90,000 90,000 90,000 90,000 |"
2026-04-15 10:48:48,468,케이엘모바일_부성정책_ 4월 15일_ 6차 정책,sk7,11GB,auto_candidate,80000,100000,needs_review,"20GB 글로벌 300 (1168+/ 통 화 맘껏) 46,040 36,140 무제한 ㅣ 무제한 ： 300 분 1168 3Mbps 80,000 100,000 80,000 100,000 | < 글 로 벌 요금제 요금 할인 프 로 모 션 >"
2026-04-15 10:48:48,468,케이엘모바일_부성정책_ 4월 15일_ 6차 정책,sk7,7GB,auto_candidate,80000,90000,needs_review,"508 글로벌 300 (768+/ 통 화 맘껏) 29,040 | 19,140 '69 편 의 점 무제한 | 무제한 | 300 분 ㅣ 768 ‘Mbps 80,000 90,000 80,000 90,000 - Hel 금 액 ( 월 기준)"
2026-04-15 10:48:48,468,케이엘모바일_부성정책_ 4월 15일_ 6차 정책,skylife,11GB,auto_candidate,55000,100000,needs_review,"2008 156 모두 충분 1168+( 밀 리 의 서재) 34,000 무제한 무제한 300 분 |11068+ 일 208| 314665 55,000 100,000 55,000 | 100,000"
2026-04-15 10:48:48,468,케이엘모바일_부성정책_ 4월 15일_ 6차 정책,skylife,7GB,auto_candidate,45000,90000,needs_review,"568 1068 150 모두 SE 766+( 밀 리 의 서재) 17,900 무제한 무제한 300 분 768 1Mbps 45,000 90,000 45,000 | 90,000"
2026-04-15 10:48:48,468,케이엘모바일_부성정책_ 4월 15일_ 6차 정책,umobile,11GB,auto_candidate,60000,100000,needs_review,"2008  | 녀 6 스 페 셜 [ 약 정 형 ] 32,990 무제한 무제한 ㅣ 300 분 11GB+ 22GB 3Mbps 60,000 100,000 | 60,000 100,000"
2026-04-15 10:48:48,468,케이엘모바일_부성정책_ 4월 15일_ 6차 정책,umobile,7GB,auto_candidate,60000,90000,needs_review,"5GB LTE (7068+/ 통 화 기 본 )[ 약 정형] 15,900 무제한 무제한 300 분 768 1Mbps 60,000 90,000 | 60,000 90,000"
2026-04-21 12:08:41,469,케이엘모바일_부성정책_ 4월 21일_ 7차 정책,hello,11GB,auto_candidate,30000,100000,needs_review,"2068 The 착한 데이터 유심 1168 49390 | 15400 33,990 | 무제한 ㅣ 무제한 ㅣ 300 분 | 11068 | 22GB+3Mbps 30,000 100,000 30,000 100,000"
2026-04-21 12:08:41,469,케이엘모바일_부성정책_ 4월 21일_ 7차 정책,hello,7GB,auto_candidate,30000,100000,needs_review,"508 DATA 걱 정 없는 유심 768 45,100 | 26.600 18,500 무제한 무제한 300% 768 ‘Mbps. 30,000 100,000 30,000 100,000"
2026-04-21 12:08:41,469,케이엘모바일_부성정책_ 4월 21일_ 7차 정책,ktm,11GB,auto_candidate,100000,100000,needs_review,"2008 M 프리미엄 1160( 밀 리 의 서재) 34.000 무제한 무제한 300%  1168+ 일 208. 31605 100,000 100,000 100,000 100,000"
2026-04-21 12:08:41,469,케이엘모바일_부성정책_ 4월 21일_ 7차 정책,ktm,7GB,auto_candidate,90000,90000,needs_review,"5068 4 스페셜 708( 밀 리 의 서재) 17,900 무제한 무제한 300 분 768 71405 90,000 90,000 90,000 90,000"
2026-04-21 12:08:41,469,케이엘모바일_부성정책_ 4월 21일_ 7차 정책,sk7,11GB,auto_candidate,80000,100000,needs_review,"20GB 글로벌 300 (1168+/ 통 화 맘껏) 46,040 36,140 무제한 ㅣ 무제한 ： 300 분 1168 3Mbps 80,000 100,000 80,000 100,000 | < 글 로 벌 요금제 요금 할인 프 로 모 션 >"
2026-04-21 12:08:41,469,케이엘모바일_부성정책_ 4월 21일_ 7차 정책,sk7,7GB,auto_candidate,80000,90000,needs_review,"508 글로벌 300 (768+/ 통 화 맘껏) 29,040 | 19,140 '69 편 의 점 무제한 | 무제한 | 300 분 ㅣ 768 ‘Mbps 80,000 90,000 80,000 90,000 - Hel 금 액 ( 월 기준)"
2026-04-21 12:08:41,469,케이엘모바일_부성정책_ 4월 21일_ 7차 정책,skylife,11GB,auto_candidate,55000,100000,needs_review,"2008 156 모두 충분 1168+( 밀 리 의 서재) 34,000 무제한 무제한 300 분 |11068+ 일 208| 314665 55,000 100,000 55,000 | 100,000"
2026-04-21 12:08:41,469,케이엘모바일_부성정책_ 4월 21일_ 7차 정책,skylife,7GB,auto_candidate,45000,90000,needs_review,"568 1068 150 모두 SE 766+( 밀 리 의 서재) 17,900 무제한 무제한 300 분 768 1Mbps 45,000 90,000 45,000 | 90,000"
2026-04-21 12:08:41,469,케이엘모바일_부성정책_ 4월 21일_ 7차 정책,umobile,11GB,auto_candidate,60000,100000,needs_review,"2008  | 녀 6 스 페 셜 [ 약 정 형 ] 32,990 무제한 무제한 ㅣ 300 분 11GB+ 22GB 3Mbps 60,000 100,000 | 60,000 100,000"
2026-04-21 12:08:41,469,케이엘모바일_부성정책_ 4월 21일_ 7차 정책,umobile,7GB,auto_candidate,60000,90000,needs_review,"5GB LTE (7068+/ 통 화 기 본 )[ 약 정형] 15,900 무제한 무제한 300 분 768 1Mbps 60,000 90,000 | 60,000 90,000"
2026-04-22 11:20:08,470,케이엘모바일_부성정책_ 4월 22일_ 8차 정책,hello,11GB,auto_candidate,30000,100000,needs_review,"2068 The 착한 데이터 유심 1168 49390 | 15400 33,990 | 무제한 ㅣ 무제한 ㅣ 300 분 | 11068 | 22GB+3Mbps 30,000 100,000 30,000 100,000"
2026-04-22 11:20:08,470,케이엘모바일_부성정책_ 4월 22일_ 8차 정책,hello,7GB,auto_candidate,30000,100000,needs_review,"508 DATA 걱 정 없는 유심 768 45,100 | 26.600 18,500 무제한 무제한 300% 768 ‘Mbps. 30,000 100,000 30,000 100,000"
2026-04-22 11:20:08,470,케이엘모바일_부성정책_ 4월 22일_ 8차 정책,ktm,11GB,auto_candidate,90000,100000,needs_review,"2068 M 프리미엄 1160( 밀 리 의 서재) 34,000 무제한 무제한 300 분 | 1168+ 일 208| 3Mbps. 90,000 100,000 90,000 100,000"
2026-04-22 11:20:08,470,케이엘모바일_부성정책_ 4월 22일_ 8차 정책,ktm,7GB,auto_candidate,90000,90000,needs_review,"5GB M 스페셜 768( 밀 리 의 서재) 17,900 무제한 무제한 300 분 708 ‘Mbps 90,000 90,000 90,000 90,000"
2026-04-22 11:20:08,470,케이엘모바일_부성정책_ 4월 22일_ 8차 정책,sk7,11GB,auto_candidate,80000,100000,needs_review,"20GB 글로벌 300 (1168+/ 통 화 맘껏) 46,040 36,140 무제한 ㅣ 무제한 ： 300 분 1168 3Mbps 80,000 100,000 80,000 100,000 | < 글 로 벌 요금제 요금 할인 프 로 모 션 >"
2026-04-22 11:20:08,470,케이엘모바일_부성정책_ 4월 22일_ 8차 정책,sk7,7GB,auto_candidate,80000,90000,needs_review,"508 글로벌 300 (768+/ 통 화 맘껏) 29,040 | 19,140 '69 편 의 점 무제한 | 무제한 | 300 분 ㅣ 768 ‘Mbps 80,000 90,000 80,000 90,000 - Hel 금 액 ( 월 기준)"
2026-04-22 11:20:08,470,케이엘모바일_부성정책_ 4월 22일_ 8차 정책,skylife,11GB,auto_candidate,55000,100000,needs_review,"2008 156 모두 충분 1168+( 밀 리 의 서재) 34,000 무제한 무제한 300 분 |11068+ 일 208| 314665 55,000 100,000 55,000 | 100,000"
2026-04-22 11:20:08,470,케이엘모바일_부성정책_ 4월 22일_ 8차 정책,skylife,7GB,auto_candidate,45000,90000,needs_review,"568 1068 150 모두 SE 766+( 밀 리 의 서재) 17,900 무제한 무제한 300 분 768 1Mbps 45,000 90,000 45,000 | 90,000"
2026-04-22 11:20:08,470,케이엘모바일_부성정책_ 4월 22일_ 8차 정책,umobile,11GB,auto_candidate,60000,100000,needs_review,"2008  | 녀 6 스 페 셜 [ 약 정 형 ] 32,990 무제한 무제한 ㅣ 300 분 11GB+ 22GB 3Mbps 60,000 100,000 | 60,000 100,000"
2026-04-22 11:20:08,470,케이엘모바일_부성정책_ 4월 22일_ 8차 정책,umobile,7GB,auto_candidate,60000,90000,needs_review,"5GB LTE (7068+/ 통 화 기 본 )[ 약 정형] 15,900 무제한 무제한 300 분 768 1Mbps 60,000 90,000 | 60,000 90,000"
2026-04-25 10:28:11,471,케이엘모바일_부성정책_ 4월 25일_ 9차 정책,hello,11GB,auto_candidate,30000,100000,needs_review,"2068 The 착한 데이터 유심 1168 49390 | 15400 33,990 | 무제한 ㅣ 무제한 ㅣ 300 분 | 11068 | 22GB+3Mbps 30,000 100,000 30,000 100,000"
2026-04-25 10:28:11,471,케이엘모바일_부성정책_ 4월 25일_ 9차 정책,hello,7GB,auto_candidate,30000,100000,needs_review,"508 DATA 걱 정 없는 유심 768 45,100 | 26.600 18,500 무제한 무제한 300% 768 ‘Mbps. 30,000 100,000 30,000 100,000"
2026-04-25 10:28:11,471,케이엘모바일_부성정책_ 4월 25일_ 9차 정책,ktm,11GB,auto_candidate,90000,100000,needs_review,"2008 프리미엄 1168( 밀 리 의 서재) 34,000 무제한 무제한 300 분  1168+ 일 268  3144605 90,000 100,000 90,000 100,000"
2026-04-25 10:28:11,471,케이엘모바일_부성정책_ 4월 25일_ 9차 정책,ktm,7GB,auto_candidate,90000,90000,needs_review,"5068  \ 스페셜 768( 밀 리 의 서재) 17,900 무제한 무제한 300 분 768 Mbps 90,000 90,000 90,000 90,000"
2026-04-25 10:28:11,471,케이엘모바일_부성정책_ 4월 25일_ 9차 정책,sk7,11GB,auto_candidate,80000,100000,needs_review,"20GB 글로벌 300 (1168+/ 통 화 맘껏) 46,040 36,140 무제한 ㅣ 무제한 ： 300 분 1168 3Mbps 80,000 100,000 80,000 100,000 | < 글 로 벌 요금제 요금 할인 프 로 모 션 >"
2026-04-25 10:28:11,471,케이엘모바일_부성정책_ 4월 25일_ 9차 정책,sk7,7GB,auto_candidate,80000,90000,needs_review,"508 글로벌 300 (768+/ 통 화 맘껏) 29,040 | 19,140 '69 편 의 점 무제한 | 무제한 | 300 분 ㅣ 768 ‘Mbps 80,000 90,000 80,000 90,000 - Hel 금 액 ( 월 기준)"
2026-04-25 10:28:11,471,케이엘모바일_부성정책_ 4월 25일_ 9차 정책,skylife,11GB,auto_candidate,55000,100000,needs_review,"2008 156 모두 충분 1168+( 밀 리 의 서재) 34,000 무제한 무제한 300 분 |11068+ 일 208| 314665 55,000 100,000 55,000 | 100,000"
2026-04-25 10:28:11,471,케이엘모바일_부성정책_ 4월 25일_ 9차 정책,skylife,7GB,auto_candidate,45000,90000,needs_review,"568 1068 150 모두 SE 766+( 밀 리 의 서재) 17,900 무제한 무제한 300 분 768 1Mbps 45,000 90,000 45,000 | 90,000"
2026-04-25 10:28:11,471,케이엘모바일_부성정책_ 4월 25일_ 9차 정책,umobile,11GB,auto_candidate,60000,100000,needs_review,"2008  | 녀 6 스 페 셜 [ 약 정 형 ] 32,990 무제한 무제한 ㅣ 300 분 11GB+ 22GB 3Mbps 60,000 100,000 | 60,000 100,000"
2026-04-25 10:28:11,471,케이엘모바일_부성정책_ 4월 25일_ 9차 정책,umobile,7GB,auto_candidate,60000,90000,needs_review,"5GB LTE (7068+/ 통 화 기 본 )[ 약 정형] 15,900 무제한 무제한 300 분 768 1Mbps 60,000 90,000 | 60,000 90,000"
2026-04-27 10:58:03,472,케이엘모바일_부성정책_ 4월 27일_ 10차 정책,hello,11GB,auto_candidate,30000,100000,needs_review,"2068 The 착한 데이터 유심 1168 49390 | 15400 33,990 | 무제한 ㅣ 무제한 ㅣ 300 분 | 11068 | 22GB+3Mbps 30,000 100,000 30,000 100,000"
2026-04-27 10:58:03,472,케이엘모바일_부성정책_ 4월 27일_ 10차 정책,hello,7GB,auto_candidate,30000,100000,needs_review,"508 DATA 걱 정 없는 유심 768 45,100 | 26.600 18,500 무제한 무제한 300% 768 ‘Mbps. 30,000 100,000 30,000 100,000"
2026-04-27 10:58:03,472,케이엘모바일_부성정책_ 4월 27일_ 10차 정책,ktm,11GB,auto_candidate,90000,100000,needs_review,"2008 프리미엄 1168( 밀 리 의 서재) 34,000 무제한 무제한 300 분  1168+ 일 268  3144605 90,000 100,000 90,000 100,000"
2026-04-27 10:58:03,472,케이엘모바일_부성정책_ 4월 27일_ 10차 정책,ktm,7GB,auto_candidate,90000,90000,needs_review,"5068  \ 스페셜 768( 밀 리 의 서재) 17,900 무제한 무제한 300 분 768 Mbps 90,000 90,000 90,000 90,000"
2026-04-27 10:58:03,472,케이엘모바일_부성정책_ 4월 27일_ 10차 정책,sk7,11GB,auto_candidate,80000,100000,needs_review,"20GB 글로벌 300 (1168+/ 통 화 맘껏) 46,040 36,140 무제한 ㅣ 무제한 ： 300 분 1168 3Mbps 80,000 100,000 80,000 100,000 | < 글 로 벌 요금제 요금 할인 프 로 모 션 >"
2026-04-27 10:58:03,472,케이엘모바일_부성정책_ 4월 27일_ 10차 정책,sk7,7GB,auto_candidate,80000,90000,needs_review,"508 글로벌 300 (768+/ 통 화 맘껏) 29,040 | 19,140 '69 편 의 점 무제한 | 무제한 | 300 분 ㅣ 768 ‘Mbps 80,000 90,000 80,000 90,000 - Hel 금 액 ( 월 기준)"
2026-04-27 10:58:03,472,케이엘모바일_부성정책_ 4월 27일_ 10차 정책,skylife,11GB,auto_candidate,55000,100000,needs_review,"2008 156 모두 충분 1168+( 밀 리 의 서재) 34,000 무제한 무제한 300 분 |11068+ 일 208| 314665 55,000 100,000 55,000 | 100,000"
2026-04-27 10:58:03,472,케이엘모바일_부성정책_ 4월 27일_ 10차 정책,skylife,7GB,auto_candidate,45000,90000,needs_review,"568 1068 150 모두 SE 766+( 밀 리 의 서재) 17,900 무제한 무제한 300 분 768 1Mbps 45,000 90,000 45,000 | 90,000"
2026-04-27 10:58:03,472,케이엘모바일_부성정책_ 4월 27일_ 10차 정책,umobile,11GB,auto_candidate,60000,100000,needs_review,"2008 LTE 스 페 셜 [ 약 정 형 ] 33,900 무제한 무제한 300 분 1168+ 일 208 3Mbps. 60,000 100,000 | 60,000 100,000"
2026-04-27 10:58:03,472,케이엘모바일_부성정책_ 4월 27일_ 10차 정책,umobile,7GB,auto_candidate,60000,90000,needs_review,"5GB LTE (768+/ 통 화 기 본 )[ 약 정형] 17,600 무제한 무제한 300 분 768 1Mbps 60,000 90,000 | 60,000 90,000"
2026-04-28 11:06:14,473,케이엘모바일_부성정책_ 4월 28일_ 11차 정책,hello,11GB,auto_candidate,30000,100000,needs_review,"2068 The 착한 데이터 유심 1168 49390 | 15400 33,990 | 무제한 ㅣ 무제한 ㅣ 300 분 | 11068 | 22GB+3Mbps 30,000 100,000 30,000 100,000"
2026-04-28 11:06:14,473,케이엘모바일_부성정책_ 4월 28일_ 11차 정책,hello,7GB,auto_candidate,30000,100000,needs_review,"508 DATA 걱 정 없는 유심 768 45,100 | 26.600 18,500 무제한 무제한 300% 768 ‘Mbps. 30,000 100,000 30,000 100,000"
2026-04-28 11:06:14,473,케이엘모바일_부성정책_ 4월 28일_ 11차 정책,ktm,11GB,auto_candidate,90000,100000,needs_review,"2008 프리미엄 1168( 밀 리 의 서재) 34,000 무제한 무제한 300 분  1168+ 일 268  3144605 90,000 100,000 90,000 100,000"
2026-04-28 11:06:14,473,케이엘모바일_부성정책_ 4월 28일_ 11차 정책,ktm,7GB,auto_candidate,90000,90000,needs_review,"5068  \ 스페셜 768( 밀 리 의 서재) 17,900 무제한 무제한 300 분 768 Mbps 90,000 90,000 90,000 90,000"
2026-04-28 11:06:14,473,케이엘모바일_부성정책_ 4월 28일_ 11차 정책,sk7,11GB,auto_candidate,80000,100000,needs_review,"20GB 글로벌 300 (1168+/ 통 화 맘껏) 46,040 36,140 무제한 ㅣ 무제한 ： 300 분 1168 3Mbps 80,000 100,000 80,000 100,000 | < 글 로 벌 요금제 요금 할인 프 로 모 션 >"
2026-04-28 11:06:14,473,케이엘모바일_부성정책_ 4월 28일_ 11차 정책,sk7,7GB,auto_candidate,80000,90000,needs_review,"508 글로벌 300 (768+/ 통 화 맘껏) 29,040 | 19,140 '69 편 의 점 무제한 | 무제한 | 300 분 ㅣ 768 ‘Mbps 80,000 90,000 80,000 90,000 - Hel 금 액 ( 월 기준)"
2026-04-28 11:06:14,473,케이엘모바일_부성정책_ 4월 28일_ 11차 정책,skylife,11GB,auto_candidate,55000,100000,needs_review,"2008 156 모두 충분 1168+( 밀 리 의 서재) 34,000 무제한 무제한 300 분 |11068+ 일 208| 314665 55,000 100,000 55,000 | 100,000"
2026-04-28 11:06:14,473,케이엘모바일_부성정책_ 4월 28일_ 11차 정책,skylife,7GB,auto_candidate,45000,90000,needs_review,"568 1068 150 모두 SE 766+( 밀 리 의 서재) 17,900 무제한 무제한 300 분 768 1Mbps 45,000 90,000 45,000 | 90,000"
2026-04-28 11:06:14,473,케이엘모바일_부성정책_ 4월 28일_ 11차 정책,umobile,11GB,auto_candidate,60000,100000,needs_review,"| 2008 때 스 폐 셜 [ 약 정 형 ] 33,900 무제한 무제한 ㅣ 300 분 1168+ 일 208 3Mbps | 60,000 100,000 60,000 100,000"
2026-04-28 11:06:14,473,케이엘모바일_부성정책_ 4월 28일_ 11차 정책,umobile,7GB,auto_candidate,60000,90000,needs_review,"| 568 때 (7068+/ 통 화 기 본 )[ 약 정형] 17.600 무제한 무제한 300 분 768 Mbps | 60,000 90,000 60,000 90,000"
2026-05-01 12:40:57,474,케이엘모바일_부성정책_ 5월 1일_ 1차 정책,hello,11GB,auto_candidate,30000,110000,needs_review,"2068 The 착한 데이터 유심 1168 49390 | 15400 33,990 | 무제한 ㅣ 무제한 ㅣ 300 분 | 11068 | 22GB+3Mbps 30,000 110,000 30,000 110,000"
2026-05-01 12:40:57,474,케이엘모바일_부성정책_ 5월 1일_ 1차 정책,hello,7GB,auto_candidate,30000,100000,needs_review,"508 DATA 걱 정 없는 유심 768 45,100 | 26.600 18,500 무제한 무제한 300% 768 ‘Mbps. 30,000 100,000 30,000 100,000"
2026-05-01 12:40:57,474,케이엘모바일_부성정책_ 5월 1일_ 1차 정책,ktm,11GB,auto_candidate,90000,110000,needs_review,"2008 = M 프리미엄 1160( 밀 리 의 서재) 34,000 무제한 무제한 300 분 1168+ 일 268. 3Mbps 90,000 110,000 90,000 110,000"
2026-05-01 12:40:57,474,케이엘모바일_부성정책_ 5월 1일_ 1차 정책,ktm,7GB,auto_candidate,85000,110000,needs_review,"M 라이트 768 플러스 14,000 무제한 무제한 30 분 768 400Kbps. 85,000 110,000 85,000 110,000"
2026-05-01 12:40:57,474,케이엘모바일_부성정책_ 5월 1일_ 1차 정책,sk7,11GB,auto_candidate,70000,110000,needs_review,"2008 글로벌 300 (1168+/ 통 화 맘껏) | 46,040 무제한 | 무제한 | 300 분 1168 3Mbps 70,000 | 110,000 70,000 110,000"
2026-05-01 12:40:57,474,케이엘모바일_부성정책_ 5월 1일_ 1차 정책,sk7,7GB,auto_candidate,70000,100000,needs_review,"508 글로벌 300 (768+/ 통 화 맘껏. ㅣ 29,040 '65 편 의 점 무제한 ㅣ 무제한 ㅣ 300 분 ㅣ 708 1Mbps 70,000 | 100,000 70,000 100,000"
2026-05-01 12:40:57,474,케이엘모바일_부성정책_ 5월 1일_ 1차 정책,skylife,11GB,auto_candidate,60000,110000,needs_review,"2008 150 모두 SE 1168+( 밀 리 의 서재) 34,000 무제한 무제한 300% |1108+ 일 208| 3Mbps 60,000 110,000 60,000 | 110,000"
2026-05-01 12:40:57,474,케이엘모바일_부성정책_ 5월 1일_ 1차 정책,skylife,7GB,auto_candidate,50000,100000,needs_review,"5GB 10GB 150 모두 충분 768+( 밀 리 의 서재) 17.900 무제한 무제한 300 분 768 009 50,000 100,000 50,000 | 100,000"
2026-05-01 12:40:57,474,케이엘모바일_부성정책_ 5월 1일_ 1차 정책,umobile,11GB,auto_candidate,55000,110000,needs_review,"2008 이 동 의 즐거움 - 패 스 (7166+ 통 화 기 본) 34,900 무제한 무제한 ㅣ 300 분 11GB+ 22GB 3Mbps 55,000 110,000 55,000 110,000"
2026-05-01 12:40:57,474,케이엘모바일_부성정책_ 5월 1일_ 1차 정책,umobile,7GB,auto_candidate,55000,100000,needs_review,"566 LTE (768+/ 통 화 기 본 )[ 약 정 형 1] 17,600 무제한 무제한 ㅣ 300 분 768 Mbps 55,000 100,000 55,000 100,000"
2026-05-05 11:15:36,475,케이엘모바일_부성정책_ 5월 5일_ 2차 정책,hello,11GB,auto_candidate,30000,110000,needs_review,"2068 The 착한 데이터 유심 1168 49390 | 15400 33,990 | 무제한 ㅣ 무제한 ㅣ 300 분 | 11068 | 22GB+3Mbps 30,000 110,000 30,000 110,000"
2026-05-05 11:15:36,475,케이엘모바일_부성정책_ 5월 5일_ 2차 정책,hello,7GB,auto_candidate,30000,100000,needs_review,"508 DATA 걱 정 없는 유심 768 45,100 | 26.600 18,500 무제한 무제한 300% 768 ‘Mbps. 30,000 100,000 30,000 100,000"
2026-05-05 11:15:36,475,케이엘모바일_부성정책_ 5월 5일_ 2차 정책,ktm,11GB,auto_candidate,90000,110000,needs_review,"2008 = M 프리미엄 1160( 밀 리 의 서재) 34,000 무제한 무제한 300 분 1168+ 일 268. 3Mbps 90,000 110,000 90,000 110,000"
2026-05-05 11:15:36,475,케이엘모바일_부성정책_ 5월 5일_ 2차 정책,ktm,7GB,auto_candidate,85000,110000,needs_review,"M 라이트 768 플러스 14,000 무제한 무제한 30 분 768 400Kbps. 85,000 110,000 85,000 110,000"
2026-05-05 11:15:36,475,케이엘모바일_부성정책_ 5월 5일_ 2차 정책,sk7,11GB,auto_candidate,70000,110000,needs_review,"2008 글로벌 300 (1168+/ 통 화 맘껏) | 46,040 무제한 | 무제한 | 300 분 1168 3Mbps 70,000 | 110,000 70,000 110,000"
2026-05-05 11:15:36,475,케이엘모바일_부성정책_ 5월 5일_ 2차 정책,sk7,7GB,auto_candidate,70000,100000,needs_review,"508 글로벌 300 (768+/ 통 화 맘껏. ㅣ 29,040 '65 편 의 점 무제한 ㅣ 무제한 ㅣ 300 분 ㅣ 708 1Mbps 70,000 | 100,000 70,000 100,000"
2026-05-05 11:15:36,475,케이엘모바일_부성정책_ 5월 5일_ 2차 정책,skylife,11GB,auto_candidate,60000,110000,needs_review,"2008 150 모두 SE 1168+( 밀 리 의 서재) 34,000 무제한 무제한 300% |1108+ 일 208| 3Mbps 60,000 110,000 60,000 | 110,000"
2026-05-05 11:15:36,475,케이엘모바일_부성정책_ 5월 5일_ 2차 정책,skylife,7GB,auto_candidate,50000,100000,needs_review,"5GB 10GB 150 모두 충분 768+( 밀 리 의 서재) 17.900 무제한 무제한 300 분 768 009 50,000 100,000 50,000 | 100,000"
2026-05-05 11:15:36,475,케이엘모바일_부성정책_ 5월 5일_ 2차 정책,umobile,11GB,auto_candidate,55000,110000,needs_review,"2008 이 동 의 즐거움 - 패 스 (7166+ 통 화 기 본) 34,900 무제한 무제한 ㅣ 300 분 11GB+ 22GB 3Mbps 55,000 110,000 55,000 110,000"
2026-05-05 11:15:36,475,케이엘모바일_부성정책_ 5월 5일_ 2차 정책,umobile,7GB,auto_candidate,55000,100000,needs_review,"566 LTE (768+/ 통 화 기 본 )[ 약 정 형 1] 17,600 무제한 무제한 ㅣ 300 분 768 Mbps 55,000 100,000 55,000 100,000"
2026-05-08 10:54:04,476,케이엘모바일_부성정책_ 5월 8일_ 3차 정책,hello,11GB,auto_candidate,30000,140000,needs_review,"2068 The 착한 데이터 유심 1168 49390 | 15400 33,990 | 무제한 ㅣ 무제한 ㅣ 300 분 | 11068 | 22GB+3Mbps 30,000 140,000 30,000 140,000"
2026-05-08 10:54:04,476,케이엘모바일_부성정책_ 5월 8일_ 3차 정책,hello,7GB,auto_candidate,30000,120000,needs_review,"508 DATA 걱 정 없는 유심 768 45,100 | 26.600 18,500 무제한 무제한 300% 768 ‘Mbps. 30,000 120,000 30,000 120,000"
2026-05-08 10:54:04,476,케이엘모바일_부성정책_ 5월 8일_ 3차 정책,ktm,11GB,auto_candidate,90000,130000,needs_review,"2068 M 프리미엄 1168( 밀 리 의 서재) 34.000 무제한 무제한 300%  |1108+ 일 208| 31605 90,000 130,000 90,000 130,000"
2026-05-08 10:54:04,476,케이엘모바일_부성정책_ 5월 8일_ 3차 정책,ktm,7GB,auto_candidate,90000,120000,needs_review,"568 4 스페셜 768( 밀 리 의 서재) 17.900 무제한 무제한 300 분 708 1Mbps 90,000 120,000 90,000 120,000"
2026-05-08 10:54:04,476,케이엘모바일_부성정책_ 5월 8일_ 3차 정책,sk7,11GB,auto_candidate,100000,130000,needs_review,"20GB 글로벌 300 (1168+/ 통 화 맘 껏 ) | 46,040 무제한 무제한 300 분 1168 3Mbps 100,000 | 130,000 100,000 130,000"
2026-05-08 10:54:04,476,케이엘모바일_부성정책_ 5월 8일_ 3차 정책,sk7,7GB,auto_candidate,100000,120000,needs_review,"568 글로벌 300 (768+/ 통 화 맘껏) | 29,040 65 편 의 점 무제한 | 무제한 | 300 분 768 1Mbps. 100,000 | 120,000 100,000 120,000"
2026-05-08 10:54:04,476,케이엘모바일_부성정책_ 5월 8일_ 3차 정책,skylife,11GB,auto_candidate,60000,140000,needs_review,"2008 150 모두 SE 1168+( 밀 리 의 서재) 34,000 무제한 무제한 300% |1108+ 일 208| 3Mbps 60,000 140,000 60,000 | 140,000"
2026-05-08 10:54:04,476,케이엘모바일_부성정책_ 5월 8일_ 3차 정책,skylife,7GB,auto_candidate,50000,130000,needs_review,"5GB 10GB 150 모두 충분 768+( 밀 리 의 서재) 17.900 무제한 무제한 300 분 768 009 50,000 130,000 50,000 | 130,000"
2026-05-08 10:54:04,476,케이엘모바일_부성정책_ 5월 8일_ 3차 정책,umobile,11GB,auto_candidate,55000,130000,needs_review,"2008 LTE 스 폐 셜 [ 약 정 형 1] 33,900 무제한 무제한 300 분 1168+ 일 208 31665 55,000 130,000 55,000 130,000"
2026-05-08 10:54:04,476,케이엘모바일_부성정책_ 5월 8일_ 3차 정책,umobile,7GB,auto_candidate,55000,120000,needs_review,"566 LTE (768+/ 통 화 기 본 )[ 약 정 형 1] 17,600 무제한 무제한 ㅣ 300 분 768 Mbps 55,000 120,000 55,000 120,000"
2026-05-12 09:53:40,478,케이엘모바일_부성정책_ 5월 12일_ 4차 정책,hello,11GB,auto_candidate,30000,100000,needs_review,"2008 1066 데이터 더 주는 유심 11GB 49,390 | 12,400 | 36,990 무제한 무제한 300 분 1168 ‘U2GB+3Mbps 30,000 100,000 30,000 100,000"
2026-05-12 09:53:40,478,케이엘모바일_부성정책_ 5월 12일_ 4차 정책,hello,7GB,auto_candidate,30000,100000,needs_review,"5GB DATA 걱 정 없는 유심 768 45,100 | 26.600 18,500 무제한 무제한 300% 768 ‘Mbps, 30,000 100,000 30,000 100,000"
2026-05-12 09:53:40,478,케이엘모바일_부성정책_ 5월 12일_ 4차 정책,ktm,11GB,auto_candidate,90000,130000,needs_review,"2068 M 프리미엄 1168( 밀 리 의 서재) 34.000 무제한 무제한 300%  |1108+ 일 208| 31605 90,000 130,000 90,000 130,000"
2026-05-12 09:53:40,478,케이엘모바일_부성정책_ 5월 12일_ 4차 정책,ktm,7GB,auto_candidate,90000,120000,needs_review,"568 4 스페셜 768( 밀 리 의 서재) 17.900 무제한 무제한 300 분 708 1Mbps 90,000 120,000 90,000 120,000"
2026-05-12 09:53:40,478,케이엘모바일_부성정책_ 5월 12일_ 4차 정책,sk7,11GB,auto_candidate,100000,130000,needs_review,"20GB 글로벌 300 (1168+/ 통 화 맘 껏 ) | 46,040 무제한 무제한 300 분 1168 3Mbps 100,000 | 130,000 100,000 130,000"
2026-05-12 09:53:40,478,케이엘모바일_부성정책_ 5월 12일_ 4차 정책,sk7,7GB,auto_candidate,100000,120000,needs_review,"568 글로벌 300 (768+/ 통 화 맘껏) | 29,040 65 편 의 점 무제한 | 무제한 | 300 분 768 1Mbps. 100,000 | 120,000 100,000 120,000"
2026-05-12 09:53:40,478,케이엘모바일_부성정책_ 5월 12일_ 4차 정책,skylife,11GB,auto_candidate,60000,140000,needs_review,"2008 150 모두 SE 1168+( 밀 리 의 서재) 34,000 무제한 무제한 300% |1108+ 일 208| 3Mbps 60,000 140,000 60,000 | 140,000"
2026-05-12 09:53:40,478,케이엘모바일_부성정책_ 5월 12일_ 4차 정책,skylife,7GB,auto_candidate,50000,130000,needs_review,"5GB 10GB 150 모두 충분 768+( 밀 리 의 서재) 17.900 무제한 무제한 300 분 768 009 50,000 130,000 50,000 | 130,000"
2026-05-12 09:53:40,478,케이엘모바일_부성정책_ 5월 12일_ 4차 정책,umobile,11GB,auto_candidate,55000,130000,needs_review,"2008 LTE 스 폐 셜 [ 약 정 형 1] 33,900 무제한 무제한 300 분 1168+ 일 208 31665 55,000 130,000 55,000 130,000"
2026-05-12 09:53:40,478,케이엘모바일_부성정책_ 5월 12일_ 4차 정책,umobile,7GB,auto_candidate,55000,120000,needs_review,"566 LTE (768+/ 통 화 기 본 )[ 약 정 형 1] 17,600 무제한 무제한 ㅣ 300 분 768 Mbps 55,000 120,000 55,000 120,000"
2026-05-13 10:10:06,479,케이엘모바일_부성정책_ 5월 13일_ 5차 정책,hello,11GB,auto_candidate,30000,100000,needs_review,"2008 1066 데이터 더 주는 유심 11GB 49,390 | 12,400 | 36,990 무제한 무제한 300 분 1168 ‘U2GB+3Mbps 30,000 100,000 30,000 100,000"
2026-05-13 10:10:06,479,케이엘모바일_부성정책_ 5월 13일_ 5차 정책,hello,7GB,auto_candidate,30000,100000,needs_review,"5GB DATA 걱 정 없는 유심 768 45,100 | 26.600 18,500 무제한 무제한 300% 768 ‘Mbps, 30,000 100,000 30,000 100,000"
2026-05-13 10:10:06,479,케이엘모바일_부성정책_ 5월 13일_ 5차 정책,ktm,11GB,auto_candidate,90000,130000,needs_review,"2068 M 프리미엄 1168( 밀 리 의 서재) 34.000 무제한 무제한 300%  |1108+ 일 208| 31605 90,000 130,000 90,000 130,000"
2026-05-13 10:10:06,479,케이엘모바일_부성정책_ 5월 13일_ 5차 정책,ktm,7GB,auto_candidate,90000,120000,needs_review,"568 4 스페셜 768( 밀 리 의 서재) 17.900 무제한 무제한 300 분 708 1Mbps 90,000 120,000 90,000 120,000"
2026-05-13 10:10:06,479,케이엘모바일_부성정책_ 5월 13일_ 5차 정책,sk7,11GB,auto_candidate,100000,130000,needs_review,"20GB 글로벌 300 (1168+/ 통 화 맘 껏 ) | 46,040 무제한 무제한 300 분 1168 3Mbps 100,000 | 130,000 100,000 130,000"
2026-05-13 10:10:06,479,케이엘모바일_부성정책_ 5월 13일_ 5차 정책,sk7,7GB,auto_candidate,100000,120000,needs_review,"568 글로벌 300 (768+/ 통 화 맘껏) | 29,040 65 편 의 점 무제한 | 무제한 | 300 분 768 1Mbps. 100,000 | 120,000 100,000 120,000"
2026-05-13 10:10:06,479,케이엘모바일_부성정책_ 5월 13일_ 5차 정책,skylife,11GB,auto_candidate,60000,120000,needs_review,"2008 150 모두 SE 1168+( 밀 리 의 서재) 34,000 무제한 무제한 300% |1108+ 일 208| 3Mbps 60,000 120,000 60,000 | 120,000"
2026-05-13 10:10:06,479,케이엘모바일_부성정책_ 5월 13일_ 5차 정책,skylife,7GB,auto_candidate,50000,110000,needs_review,"5GB 10GB 150 모두 SE 768+( 밀 리 의 서재) 17.900 무제한 무제한 300 분 768 009 50,000 110,000 50,000 | 110,000"
2026-05-13 10:10:06,479,케이엘모바일_부성정책_ 5월 13일_ 5차 정책,umobile,11GB,auto_candidate,55000,130000,needs_review,"2008 LTE 스 폐 셜 [ 약 정 형 1] 33,900 무제한 무제한 300 분 1168+ 일 208 31665 55,000 130,000 55,000 130,000"
2026-05-13 10:10:06,479,케이엘모바일_부성정책_ 5월 13일_ 5차 정책,umobile,7GB,auto_candidate,55000,120000,needs_review,"566 LTE (768+/ 통 화 기 본 )[ 약 정 형 1] 17,600 무제한 무제한 ㅣ 300 분 768 Mbps 55,000 120,000 55,000 120,000"
2026-05-15 12:12:24,480,케이엘모바일_부성정책_ 5월 15일_ 6차 정책_헬로 수정,hello,11GB,auto_candidate,30000,120000,needs_review,"2008 1066 데이터 더 주는 유심 11GB 49,390 | 12,400 | 36,990 무제한 무제한 300 분 1168 ‘U2GB+3Mbps 30,000 120,000 30,000 120,000"
2026-05-15 12:12:24,480,케이엘모바일_부성정책_ 5월 15일_ 6차 정책_헬로 수정,hello,7GB,auto_candidate,70000,120000,needs_review,"506 DATA 걱 정 없는 유심 768 45,100 | 26,600 | 18,500 무제한 무제한 300 분 768 ‘Mbps. 70,000 120,000 70,000 120,000"
2026-05-15 12:12:24,480,케이엘모바일_부성정책_ 5월 15일_ 6차 정책_헬로 수정,ktm,11GB,auto_candidate,90000,130000,needs_review,"2008 = M 프리미엄 1168( 밀 리 의 서재) 34.000 무제한 무제한 300%  |1108+ 일 208| 31605 90,000 130,000 90,000 130,000"
2026-05-15 12:12:24,480,케이엘모바일_부성정책_ 5월 15일_ 6차 정책_헬로 수정,ktm,7GB,auto_candidate,90000,120000,needs_review,"56GB M 스페셜 768( 밀 리 의 서재) 17,900 무제한 무제한 300 분 708 1Mbps 90,000 120,000 90,000 120,000"
2026-05-15 12:12:24,480,케이엘모바일_부성정책_ 5월 15일_ 6차 정책_헬로 수정,sk7,11GB,auto_candidate,100000,130000,needs_review,"20GB 글로벌 300 (1168+/ 통 화 맘껏) | 46,040 무제한 무제한 300 분 1168 3Mbps 100,000 | 130,000 100,000 130,000"
2026-05-15 12:12:24,480,케이엘모바일_부성정책_ 5월 15일_ 6차 정책_헬로 수정,sk7,7GB,auto_candidate,100000,120000,needs_review,"568 글로벌 300 (768+/ 통 화 맘껏) | 29,040 65 편 의 점 무제한 | 무제한 | 300 분 768 1Mbps. 100,000 | 120,000 100,000 120,000"
2026-05-15 12:12:24,480,케이엘모바일_부성정책_ 5월 15일_ 6차 정책_헬로 수정,skylife,11GB,auto_candidate,60000,120000,needs_review,"2008 150 모두 SE 1168+( 밀 리 의 서재) 34,000 무제한 무제한 300% |1108+ 일 208| 3Mbps 60,000 120,000 60,000 | 120,000"
2026-05-15 12:12:24,480,케이엘모바일_부성정책_ 5월 15일_ 6차 정책_헬로 수정,skylife,7GB,auto_candidate,50000,110000,needs_review,"5GB 10GB 150 모두 SE 768+( 밀 리 의 서재) 17.900 무제한 무제한 300 분 768 009 50,000 110,000 50,000 | 110,000"
2026-05-15 12:12:24,480,케이엘모바일_부성정책_ 5월 15일_ 6차 정책_헬로 수정,umobile,11GB,auto_candidate,75000,150000,needs_review,"2008 이 동 의 즐거움 - 패 스 (7166+ 통 화 기 본) 34,900 무제한 무제한 ㅣ 300 분 11GB+ 22GB 3Mbps 75,000 150,000 75,000 150,000"
2026-05-15 12:12:24,480,케이엘모바일_부성정책_ 5월 15일_ 6차 정책_헬로 수정,umobile,7GB,auto_candidate,75000,140000,needs_review,"566 LTE (768+/ 통 화 기 본 )[ 약 정 형 1] 17,600 무제한 무제한 ㅣ 300 분 768 Mbps 75,000 140,000 75,000 140,000"
2026-05-16 12:06:55,481,케이엘모바일_부성정책_ 5월 16일_ 7차 정책,hello,11GB,auto_candidate,30000,120000,needs_review,"2008 1066 데이터 더 주는 유심 11GB 49,390 | 12,400 | 36,990 무제한 무제한 300 분 1168 ‘U2GB+3Mbps 30,000 120,000 30,000 120,000"
2026-05-16 12:06:55,481,케이엘모바일_부성정책_ 5월 16일_ 7차 정책,hello,7GB,auto_candidate,70000,120000,needs_review,"506 DATA 걱 정 없는 유심 768 45,100 | 26,600 | 18,500 무제한 무제한 300 분 768 ‘Mbps. 70,000 120,000 70,000 120,000"
2026-05-16 12:06:55,481,케이엘모바일_부성정책_ 5월 16일_ 7차 정책,ktm,11GB,auto_candidate,90000,150000,needs_review,"20GB M 프리미엄 1160( 밀 리 의 서재) 34,000 무제한 무제한 300%  1168+ 일 2068 31|4005 90,000 150,000 90,000 150,000"
2026-05-16 12:06:55,481,케이엘모바일_부성정책_ 5월 16일_ 7차 정책,ktm,7GB,auto_candidate,90000,140000,needs_review,"5GB M 스페셜 768( 밀 리 의 서재) 17,900 무제한 무제한 300 분 768 ‘Mbps. 90,000 140,000 90,000 140,000"
2026-05-16 12:06:55,481,케이엘모바일_부성정책_ 5월 16일_ 7차 정책,sk7,11GB,auto_candidate,100000,130000,needs_review,"20GB 글로벌 300 (1168+/ 통 화 맘껏) | 46,040 무제한 무제한 300 분 1168 3Mbps 100,000 | 130,000 100,000 130,000"
2026-05-16 12:06:55,481,케이엘모바일_부성정책_ 5월 16일_ 7차 정책,sk7,7GB,auto_candidate,100000,120000,needs_review,"568 글로벌 300 (768+/ 통 화 맘껏) | 29,040 65 편 의 점 무제한 | 무제한 | 300 분 768 1Mbps. 100,000 | 120,000 100,000 120,000"
2026-05-16 12:06:55,481,케이엘모바일_부성정책_ 5월 16일_ 7차 정책,skylife,11GB,auto_candidate,60000,120000,needs_review,"2008 150 모두 SE 1168+( 밀 리 의 서재) 34,000 무제한 무제한 300% |1108+ 일 208| 3Mbps 60,000 120,000 60,000 | 120,000"
2026-05-16 12:06:55,481,케이엘모바일_부성정책_ 5월 16일_ 7차 정책,skylife,7GB,auto_candidate,50000,110000,needs_review,"5GB 10GB 150 모두 SE 768+( 밀 리 의 서재) 17.900 무제한 무제한 300 분 768 009 50,000 110,000 50,000 | 110,000"
2026-05-16 12:06:55,481,케이엘모바일_부성정책_ 5월 16일_ 7차 정책,umobile,11GB,auto_candidate,75000,150000,needs_review,"2008 이 동 의 즐거움 - 패 스 (7166+ 통 화 기 본) 34,900 무제한 무제한 ㅣ 300 분 11GB+ 22GB 3Mbps 75,000 150,000 75,000 150,000"
2026-05-16 12:06:55,481,케이엘모바일_부성정책_ 5월 16일_ 7차 정책,umobile,7GB,auto_candidate,75000,140000,needs_review,"566 LTE (768+/ 통 화 기 본 )[ 약 정 형 1] 17,600 무제한 무제한 ㅣ 300 분 768 Mbps 75,000 140,000 75,000 140,000"
2026-05-21 11:09:10,482,케이엘모바일_부성정책_ 5월 21일_ 8차 정책,hello,11GB,auto_candidate,30000,110000,needs_review,"2008 1066 데이터 더 주는 유심 11GB 49,390 | 12,400 | 36,990 무제한 무제한 300 분 1168 ‘U2GB+3Mbps 30,000 110,000 30,000 110,000"
2026-05-21 11:09:10,482,케이엘모바일_부성정책_ 5월 21일_ 8차 정책,hello,7GB,auto_candidate,70000,110000,needs_review,"506 DATA 걱 정 없는 유심 768 45,100 | 26,600 | 18,500 무제한 무제한 300 분 768 ‘Mbps. 70,000 110,000 70,000 110,000"
2026-05-21 11:09:10,482,케이엘모바일_부성정책_ 5월 21일_ 8차 정책,ktm,11GB,auto_candidate,90000,150000,needs_review,"20GB M 프리미엄 1160( 밀 리 의 서재) 34,000 무제한 무제한 300%  1168+ 일 2068 31|4005 90,000 150,000 90,000 150,000"
2026-05-21 11:09:10,482,케이엘모바일_부성정책_ 5월 21일_ 8차 정책,ktm,7GB,auto_candidate,90000,140000,needs_review,"5GB M 스페셜 768( 밀 리 의 서재) 17,900 무제한 무제한 300 분 768 ‘Mbps. 90,000 140,000 90,000 140,000"
2026-05-21 11:09:10,482,케이엘모바일_부성정책_ 5월 21일_ 8차 정책,sk7,11GB,auto_candidate,120000,160000,needs_review,"20GB 글로벌 300 (1168+/ 통 화 맘 껏 ) | 46,040 무제한 ㅣ 무제한 300 분 1168 3Mbps 120,000 | 160,000 120,000 160,000"
2026-05-21 11:09:10,482,케이엘모바일_부성정책_ 5월 21일_ 8차 정책,sk7,7GB,auto_candidate,120000,150000,needs_review,"5686 글로벌 300 (766+/ 통 화 맘껏) 29,040 .65 편 의 점 무제한 무제한 300 분 768 1Mbps 120,000 150,000 120,000 150,000"
2026-05-21 11:09:10,482,케이엘모바일_부성정책_ 5월 21일_ 8차 정책,skylife,11GB,auto_candidate,60000,120000,needs_review,"2008 150 모두 SE 1168+( 밀 리 의 서재) 34,000 무제한 무제한 300% |1108+ 일 208| 3Mbps 60,000 120,000 60,000 | 120,000"
2026-05-21 11:09:10,482,케이엘모바일_부성정책_ 5월 21일_ 8차 정책,skylife,7GB,auto_candidate,50000,110000,needs_review,"5GB 10GB 150 모두 SE 768+( 밀 리 의 서재) 17.900 무제한 무제한 300 분 768 009 50,000 110,000 50,000 | 110,000"
2026-05-21 11:09:10,482,케이엘모바일_부성정책_ 5월 21일_ 8차 정책,umobile,11GB,auto_candidate,75000,170000,needs_review,"20GB 이 동 의 즐거움 <- 패 스 (7168+ 통 화 기 본) 34,900 무제한 무제한 300 분 1168+ 일 268 3Mbps. 75,000 170,000 75,000 170,000"
2026-05-21 11:09:10,482,케이엘모바일_부성정책_ 5월 21일_ 8차 정책,umobile,7GB,auto_candidate,75000,160000,needs_review,"566 LTE (768+/ 통 화 기 본 )[ 약 정 형 1] 17,600 무제한 무제한 ㅣ 300 분 768 Mbps 75,000 160,000 75,000 160,000"
2026-05-22 11:47:32,483,케이엘모바일_부성정책_ 5월 22일_ 9차 정책,hello,11GB,auto_candidate,30000,110000,needs_review,"2008 1066 데이터 더 주는 유심 11GB 49,390 | 12,400 | 36,990 무제한 무제한 300 분 1168 ‘U2GB+3Mbps 30,000 110,000 30,000 110,000"
2026-05-22 11:47:32,483,케이엘모바일_부성정책_ 5월 22일_ 9차 정책,hello,7GB,auto_candidate,70000,110000,needs_review,"506 DATA 걱 정 없는 유심 768 45,100 | 26,600 | 18,500 무제한 무제한 300 분 768 ‘Mbps. 70,000 110,000 70,000 110,000"
2026-05-22 11:47:32,483,케이엘모바일_부성정책_ 5월 22일_ 9차 정책,ktm,11GB,auto_candidate,90000,170000,needs_review,"2068 M 프리미엄 1168( 밀 리 의 서재) 34.000 무제한 무제한 300%  |1168+ 일 208|  3Mbps 90,000 170,000 90,000 170,000"
2026-05-22 11:47:32,483,케이엘모바일_부성정책_ 5월 22일_ 9차 정책,ktm,7GB,auto_candidate,90000,160000,needs_review,"56GB M 스페셜 768( 밀 리 의 서재) 17,900 무제한 무제한 300 분 768 Mbps 90,000 160,000 90,000 160,000"
2026-05-22 11:47:32,483,케이엘모바일_부성정책_ 5월 22일_ 9차 정책,sk7,11GB,auto_candidate,120000,160000,needs_review,"20GB 글로벌 300 (1168+/ 통 화 맘 껏 ) | 46,040 무제한 ㅣ 무제한 300 분 1168 3Mbps 120,000 | 160,000 120,000 160,000"
2026-05-22 11:47:32,483,케이엘모바일_부성정책_ 5월 22일_ 9차 정책,sk7,7GB,auto_candidate,120000,150000,needs_review,"5686 글로벌 300 (766+/ 통 화 맘껏) 29,040 .65 편 의 점 무제한 무제한 300 분 768 1Mbps 120,000 150,000 120,000 150,000"
2026-05-22 11:47:32,483,케이엘모바일_부성정책_ 5월 22일_ 9차 정책,skylife,11GB,auto_candidate,60000,120000,needs_review,"2008 150 모두 SE 1168+( 밀 리 의 서재) 34,000 무제한 무제한 300% |1108+ 일 208| 3Mbps 60,000 120,000 60,000 | 120,000"
2026-05-22 11:47:32,483,케이엘모바일_부성정책_ 5월 22일_ 9차 정책,skylife,7GB,auto_candidate,50000,110000,needs_review,"5GB 10GB 150 모두 SE 768+( 밀 리 의 서재) 17.900 무제한 무제한 300 분 768 009 50,000 110,000 50,000 | 110,000"
2026-05-22 11:47:32,483,케이엘모바일_부성정책_ 5월 22일_ 9차 정책,umobile,11GB,auto_candidate,75000,170000,needs_review,"20GB 이 동 의 즐거움 <- 패 스 (7168+ 통 화 기 본) 34,900 무제한 무제한 300 분 1168+ 일 268 3Mbps. 75,000 170,000 75,000 170,000"
2026-05-22 11:47:32,483,케이엘모바일_부성정책_ 5월 22일_ 9차 정책,umobile,7GB,auto_candidate,75000,160000,needs_review,"566 LTE (768+/ 통 화 기 본 )[ 약 정 형 1] 17,600 무제한 무제한 ㅣ 300 분 768 Mbps 75,000 160,000 75,000 160,000"
2026-05-23 10:14:44,484,케이엘모바일_부성정책_ 5월 23일_ 10차 정책,hello,11GB,auto_candidate,30000,110000,needs_review,"2008 1066 데이터 더 주는 유심 11GB 49,390 | 12,400 | 36,990 무제한 무제한 300 분 1168 ‘U2GB+3Mbps 30,000 110,000 30,000 110,000"
2026-05-23 10:14:44,484,케이엘모바일_부성정책_ 5월 23일_ 10차 정책,hello,7GB,auto_candidate,70000,110000,needs_review,"506 DATA 걱 정 없는 유심 768 45,100 | 26,600 | 18,500 무제한 무제한 300 분 768 ‘Mbps. 70,000 110,000 70,000 110,000"
2026-05-23 10:14:44,484,케이엘모바일_부성정책_ 5월 23일_ 10차 정책,ktm,11GB,auto_candidate,110000,190000,needs_review,"20068 프리미엄 1160( 밀 리 의 서재) 34,000 무제한 무제한 300 분  1168+ 일 2086  3146005 110,000 190,000 110,000 190,000"
2026-05-23 10:14:44,484,케이엘모바일_부성정책_ 5월 23일_ 10차 정책,ktm,7GB,auto_candidate,110000,180000,needs_review,"56GB MAW 768( 지 니 뮤직) 20,300 무제한 무제한 300 분 768 1Mbps 110,000 180,000 110,000 180,000"
2026-05-23 10:14:44,484,케이엘모바일_부성정책_ 5월 23일_ 10차 정책,sk7,11GB,auto_candidate,120000,160000,needs_review,"20GB 글로벌 300 (1168+/ 통 화 맘 껏 ) | 46,040 무제한 ㅣ 무제한 300 분 1168 3Mbps 120,000 | 160,000 120,000 160,000"
2026-05-23 10:14:44,484,케이엘모바일_부성정책_ 5월 23일_ 10차 정책,sk7,7GB,auto_candidate,120000,150000,needs_review,"5686 글로벌 300 (766+/ 통 화 맘껏) 29,040 .65 편 의 점 무제한 무제한 300 분 768 1Mbps 120,000 150,000 120,000 150,000"
2026-05-23 10:14:44,484,케이엘모바일_부성정책_ 5월 23일_ 10차 정책,skylife,11GB,auto_candidate,60000,120000,needs_review,"2008 150 모두 SE 1168+( 밀 리 의 서재) 34,000 무제한 무제한 300% |1108+ 일 208| 3Mbps 60,000 120,000 60,000 | 120,000"
2026-05-23 10:14:44,484,케이엘모바일_부성정책_ 5월 23일_ 10차 정책,skylife,7GB,auto_candidate,50000,110000,needs_review,"5GB 10GB 150 모두 SE 768+( 밀 리 의 서재) 17.900 무제한 무제한 300 분 768 009 50,000 110,000 50,000 | 110,000"
2026-05-23 10:14:44,484,케이엘모바일_부성정책_ 5월 23일_ 10차 정책,umobile,11GB,auto_candidate,75000,170000,needs_review,"20GB 이 동 의 즐거움 <- 패 스 (7168+ 통 화 기 본) 34,900 무제한 무제한 300 분 1168+ 일 268 3Mbps. 75,000 170,000 75,000 170,000"
2026-05-23 10:14:44,484,케이엘모바일_부성정책_ 5월 23일_ 10차 정책,umobile,7GB,auto_candidate,75000,160000,needs_review,"566 LTE (768+/ 통 화 기 본 )[ 약 정 형 1] 17,600 무제한 무제한 ㅣ 300 분 768 Mbps 75,000 160,000 75,000 160,000"
2026-05-28 10:24:23,485,케이엘모바일_부성정책_ 5월 28일_ 11차 정책,hello,11GB,auto_candidate,30000,110000,needs_review,"2008 1066 데이터 더 주는 유심 11GB 49,390 | 12,400 | 36,990 무제한 무제한 300 분 1168 ‘U2GB+3Mbps 30,000 110,000 30,000 110,000"
2026-05-28 10:24:23,485,케이엘모바일_부성정책_ 5월 28일_ 11차 정책,hello,7GB,auto_candidate,70000,110000,needs_review,"506 DATA 걱 정 없는 유심 768 45,100 | 26,600 | 18,500 무제한 무제한 300 분 768 ‘Mbps. 70,000 110,000 70,000 110,000"
2026-05-28 10:24:23,485,케이엘모바일_부성정책_ 5월 28일_ 11차 정책,ktm,11GB,auto_candidate,110000,190000,needs_review,"20068 프리미엄 1160( 밀 리 의 서재) 34,000 무제한 무제한 300 분  1168+ 일 2086  3146005 110,000 190,000 110,000 190,000"
2026-05-28 10:24:23,485,케이엘모바일_부성정책_ 5월 28일_ 11차 정책,ktm,7GB,auto_candidate,110000,180000,needs_review,"56GB MAW 768( 지 니 뮤직) 20,300 무제한 무제한 300 분 768 1Mbps 110,000 180,000 110,000 180,000"
2026-05-28 10:24:23,485,케이엘모바일_부성정책_ 5월 28일_ 11차 정책,sk7,11GB,auto_candidate,120000,160000,needs_review,"20GB 글로벌 300 (1168+/ 통 화 맘 껏 ) | 46,040 무제한 ㅣ 무제한 300 분 1168 3Mbps 120,000 | 160,000 120,000 160,000"
2026-05-28 10:24:23,485,케이엘모바일_부성정책_ 5월 28일_ 11차 정책,sk7,7GB,auto_candidate,120000,150000,needs_review,"5686 글로벌 300 (766+/ 통 화 맘껏) 29,040 .65 편 의 점 무제한 무제한 300 분 768 1Mbps 120,000 150,000 120,000 150,000"
2026-05-28 10:24:23,485,케이엘모바일_부성정책_ 5월 28일_ 11차 정책,skylife,11GB,auto_candidate,60000,120000,needs_review,"2008 150 모두 SE 1168+( 밀 리 의 서재) 34,000 무제한 무제한 300% |1108+ 일 208| 3Mbps 60,000 120,000 60,000 | 120,000"
2026-05-28 10:24:23,485,케이엘모바일_부성정책_ 5월 28일_ 11차 정책,skylife,7GB,auto_candidate,50000,110000,needs_review,"5GB 10GB 150 모두 SE 768+( 밀 리 의 서재) 17.900 무제한 무제한 300 분 768 009 50,000 110,000 50,000 | 110,000"
2026-05-28 10:24:23,485,케이엘모바일_부성정책_ 5월 28일_ 11차 정책,umobile,11GB,auto_candidate,75000,200000,needs_review,"2008 이 동 의 즐거움 - 패 스 (7166+ 통 화 기 본) 34,900 무제한 무제한 ㅣ 300 분 11GB+ 22GB 3Mbps 75,000 200,000 75,000 200,000"
2026-05-28 10:24:23,485,케이엘모바일_부성정책_ 5월 28일_ 11차 정책,umobile,7GB,auto_candidate,75000,190000,needs_review,"566 LTE (768+/ 통 화 기 본 )[ 약 정 형 1] 17,600 무제한 무제한 ㅣ 300 분 768 Mbps 75,000 190,000 75,000 190,000"
2026-05-29 10:15:54,486,케이엘모바일_부성정책_ 5월 29일_ 12차 정책,hello,11GB,auto_candidate,30000,110000,needs_review,"2008 1066 데이터 더 주는 유심 11GB 49,390 | 12,400 | 36,990 무제한 무제한 300 분 1168 ‘U2GB+3Mbps 30,000 110,000 30,000 110,000"
2026-05-29 10:15:54,486,케이엘모바일_부성정책_ 5월 29일_ 12차 정책,hello,7GB,auto_candidate,70000,110000,needs_review,"506 DATA 걱 정 없는 유심 768 45,100 | 26,600 | 18,500 무제한 무제한 300 분 768 ‘Mbps. 70,000 110,000 70,000 110,000"
2026-05-29 10:15:54,486,케이엘모바일_부성정책_ 5월 29일_ 12차 정책,ktm,11GB,auto_candidate,110000,190000,needs_review,"20068 프리미엄 1160( 밀 리 의 서재) 34,000 무제한 무제한 300 분  1168+ 일 2086  3146005 110,000 190,000 110,000 190,000"
2026-05-29 10:15:54,486,케이엘모바일_부성정책_ 5월 29일_ 12차 정책,ktm,7GB,auto_candidate,110000,180000,needs_review,"56GB MAW 768( 지 니 뮤직) 20,300 무제한 무제한 300 분 768 1Mbps 110,000 180,000 110,000 180,000"
2026-05-29 10:15:54,486,케이엘모바일_부성정책_ 5월 29일_ 12차 정책,sk7,11GB,auto_candidate,120000,160000,needs_review,"20GB 글로벌 300 (1168+/ 통 화 맘 껏 ) | 46,040 무제한 ㅣ 무제한 300 분 1168 3Mbps 120,000 | 160,000 120,000 160,000"
2026-05-29 10:15:54,486,케이엘모바일_부성정책_ 5월 29일_ 12차 정책,sk7,7GB,auto_candidate,120000,150000,needs_review,"5686 글로벌 300 (766+/ 통 화 맘껏) 29,040 .65 편 의 점 무제한 무제한 300 분 768 1Mbps 120,000 150,000 120,000 150,000"
2026-05-29 10:15:54,486,케이엘모바일_부성정책_ 5월 29일_ 12차 정책,skylife,11GB,auto_candidate,60000,120000,needs_review,"2008 150 모두 SE 1168+( 밀 리 의 서재) 34,000 무제한 무제한 300% |1108+ 일 208| 3Mbps 60,000 120,000 60,000 | 120,000"
2026-05-29 10:15:54,486,케이엘모바일_부성정책_ 5월 29일_ 12차 정책,skylife,7GB,auto_candidate,50000,110000,needs_review,"5GB 10GB 150 모두 SE 768+( 밀 리 의 서재) 17.900 무제한 무제한 300 분 768 009 50,000 110,000 50,000 | 110,000"
2026-05-29 10:15:54,486,케이엘모바일_부성정책_ 5월 29일_ 12차 정책,umobile,11GB,auto_candidate,125000,220000,needs_review,"2008 이 동 의 즐거움 - 패 스 (7166+ 통 화 기 본) 34,900 무제한 무제한 300 분 1168+ 일 268 3Mbps: 125,000 220,000 125,000 220,000"
2026-05-29 10:15:54,486,케이엘모바일_부성정책_ 5월 29일_ 12차 정책,umobile,7GB,auto_candidate,125000,210000,needs_review,"566 LTE (768+/ 통 화 기 본 )[ 약 정 형 1] 17,600 무제한 무제한 ㅣ 300 분 768 Mbps 125,000 210,000 125,000 210,000"
2026-06-01 11:29:13,487,케이엘모바일_부성정책_ 6월 1일_ 1차 정책,hello,11GB,manual_image_confirmed,70000,140000,manual_fixed,2026-06-01 image: The 착한 데이터 유심 11GB 내국인 010신규/MNP
2026-06-01 11:29:13,487,케이엘모바일_부성정책_ 6월 1일_ 1차 정책,hello,7GB,manual_image_confirmed,70000,100000,manual_fixed,2026-06-01 image: DATA 걱정없는 유심 7GB 내국인 010신규/MNP
2026-06-01 11:29:13,487,케이엘모바일_부성정책_ 6월 1일_ 1차 정책,ktm,11GB,manual_image_confirmed,90000,110000,manual_fixed,2026-06-01 image: M 프리미엄 11GB(밀리의서재) 내국인 010신규/MNP
2026-06-01 11:29:13,487,케이엘모바일_부성정책_ 6월 1일_ 1차 정책,ktm,7GB,manual_image_confirmed,90000,100000,manual_fixed,2026-06-01 image: M 스페셜 7GB(밀리의서재) 내국인 010신규/MNP
2026-06-01 11:29:13,487,케이엘모바일_부성정책_ 6월 1일_ 1차 정책,sk7,11GB,manual_image_confirmed,100000,110000,manual_fixed,2026-06-01 image: 글로벌 100 (11GB+/통화맘껏) 내국인 010신규/MNP
2026-06-01 11:29:13,487,케이엘모바일_부성정책_ 6월 1일_ 1차 정책,sk7,7GB,manual_image_confirmed,100000,100000,manual_fixed,2026-06-01 image: 글로벌 100 (7GB+/통화맘껏) 내국인 010신규/MNP
2026-06-01 11:29:13,487,케이엘모바일_부성정책_ 6월 1일_ 1차 정책,skylife,11GB,manual_image_confirmed,60000,110000,manual_fixed,2026-06-01 image: SKY 모두 충분 11GB+(밀리의서재) 내국인 010신규/MNP
2026-06-01 11:29:13,487,케이엘모바일_부성정책_ 6월 1일_ 1차 정책,skylife,7GB,manual_image_confirmed,50000,100000,manual_fixed,2026-06-01 image: SKY 모두 충분 7GB+(밀리의서재) 내국인 010신규/MNP
2026-06-01 11:29:13,487,케이엘모바일_부성정책_ 6월 1일_ 1차 정책,umobile,11GB,manual_image_confirmed,55000,109000,manual_fixed,2026-06-01 image: LTE 스페셜 약정형1 내국인 010신규/MNP
2026-06-01 11:29:13,487,케이엘모바일_부성정책_ 6월 1일_ 1차 정책,umobile,7GB,manual_image_confirmed,55000,98000,manual_fixed,2026-06-01 image: LTE (7GB+/통화기본) 약정형1 내국인 010신규/MNP
2026-06-02 10:27:33,489,케이엘모바일_부성정책_ 6월 2일_ 2차 정책,hello,11GB,manual_image_confirmed,70000,140000,manual_fixed,2026-06-02 image: The 착한 데이터 유심 11GB 내국인 010신규/MNP
2026-06-02 10:27:33,489,케이엘모바일_부성정책_ 6월 2일_ 2차 정책,hello,7GB,manual_image_confirmed,70000,100000,manual_fixed,2026-06-02 image: DATA 걱정없는 유심 7GB 내국인 010신규/MNP
2026-06-02 10:27:33,489,케이엘모바일_부성정책_ 6월 2일_ 2차 정책,ktm,11GB,manual_image_confirmed,90000,110000,manual_fixed,2026-06-02 image: M 프리미엄 11GB(밀리의서재) 내국인 010신규/MNP
2026-06-02 10:27:33,489,케이엘모바일_부성정책_ 6월 2일_ 2차 정책,ktm,7GB,manual_image_confirmed,90000,100000,manual_fixed,2026-06-02 image: M 스페셜 7GB(밀리의서재) 내국인 010신규/MNP
2026-06-02 10:27:33,489,케이엘모바일_부성정책_ 6월 2일_ 2차 정책,sk7,11GB,manual_image_confirmed,100000,110000,manual_fixed,2026-06-02 image: 글로벌 100 (11GB+/통화맘껏) 내국인 010신규/MNP
2026-06-02 10:27:33,489,케이엘모바일_부성정책_ 6월 2일_ 2차 정책,sk7,7GB,manual_image_confirmed,100000,100000,manual_fixed,2026-06-02 image: 글로벌 100 (7GB+/통화맘껏) 내국인 010신규/MNP
2026-06-02 10:27:33,489,케이엘모바일_부성정책_ 6월 2일_ 2차 정책,skylife,11GB,manual_image_confirmed,60000,110000,manual_fixed,2026-06-02 image: SKY 모두 충분 11GB+(밀리의서재) 내국인 010신규/MNP
2026-06-02 10:27:33,489,케이엘모바일_부성정책_ 6월 2일_ 2차 정책,skylife,7GB,manual_image_confirmed,50000,100000,manual_fixed,2026-06-02 image: SKY 모두 충분 7GB+(밀리의서재) 내국인 010신규/MNP
2026-06-02 10:27:33,489,케이엘모바일_부성정책_ 6월 2일_ 2차 정책,umobile,11GB,manual_image_confirmed,55000,109000,manual_fixed,2026-06-02 image: LTE 스페셜 약정형1 내국인 010신규/MNP
2026-06-02 10:27:33,489,케이엘모바일_부성정책_ 6월 2일_ 2차 정책,umobile,7GB,manual_image_confirmed,55000,98000,manual_fixed,2026-06-02 image: LTE (7GB+/통화기본) 약정형1 내국인 010신규/MNP
