write_date,article_id,subject,carrier,7GB_new,7GB_mnp,11GB_new,11GB_mnp,status,local_path
2025-01-01 12:35:01,256,케이엘모바일_부성정책_ 1월  1일_ 1차 정책,hello,30000,200000,30000,70000,manual_fixed,/Users/jinwoo/Documents/Codex/2026-05-30/new-chat/policy-tracker/data/images/256/hello.jpg
2025-01-01 12:35:01,256,케이엘모바일_부성정책_ 1월  1일_ 1차 정책,ktm,40000,130000,40000,110000,manual_fixed,/Users/jinwoo/Documents/Codex/2026-05-30/new-chat/policy-tracker/data/images/256/ktm.jpg
2025-01-01 12:35:01,256,케이엘모바일_부성정책_ 1월  1일_ 1차 정책,sk7,20000,150000,20000,170000,manual_fixed,/Users/jinwoo/Documents/Codex/2026-05-30/new-chat/policy-tracker/data/images/256/sk7.jpg
2025-01-01 12:35:01,256,케이엘모바일_부성정책_ 1월  1일_ 1차 정책,umobile,22000,153000,22000,175000,manual_fixed,/Users/jinwoo/Documents/Codex/2026-05-30/new-chat/policy-tracker/data/images/256/umobile.jpg
2025-01-02 12:02:37,257,케이엘모바일_부성정책_ 1월 2일_ 1-1차 정책,hello,30000,200000,30000,70000,needs_review,/Users/jinwoo/Documents/Codex/2026-05-30/new-chat/policy-tracker/data/images/257/hello.jpg
2025-01-02 12:02:37,257,케이엘모바일_부성정책_ 1월 2일_ 1-1차 정책,skylife,45000,160000,45000,185000,needs_review,/Users/jinwoo/Documents/Codex/2026-05-30/new-chat/policy-tracker/data/images/257/skylife.jpg
2025-01-02 12:02:37,257,케이엘모바일_부성정책_ 1월 2일_ 1-1차 정책,umobile,44000,153000,44000,175000,manual_fixed,/Users/jinwoo/Documents/Codex/2026-05-30/new-chat/policy-tracker/data/images/257/umobile.jpg
2025-01-03 10:26:37,258,케이엘모바일_부성정책_ 1월 3일_ 1-2차 정책,hello,30000,30000,30000,70000,needs_review,/Users/jinwoo/Documents/Codex/2026-05-30/new-chat/policy-tracker/data/images/258/hello.jpg
2025-01-03 10:26:37,258,케이엘모바일_부성정책_ 1월 3일_ 1-2차 정책,skylife,45000,160000,45000,185000,needs_review,/Users/jinwoo/Documents/Codex/2026-05-30/new-chat/policy-tracker/data/images/258/skylife.jpg
2025-01-03 10:26:37,258,케이엘모바일_부성정책_ 1월 3일_ 1-2차 정책,umobile,44000,153000,44000,175000,manual_fixed,/Users/jinwoo/Documents/Codex/2026-05-30/new-chat/policy-tracker/data/images/258/umobile.jpg
2025-01-07 10:38:13,260,케이엘모바일_부성정책_ 1월 7일_ 2차 정책_KTM수정,hello,30000,30000,30000,70000,needs_review,/Users/jinwoo/Documents/Codex/2026-05-30/new-chat/policy-tracker/data/images/260/hello.jpg
2025-01-07 10:38:13,260,케이엘모바일_부성정책_ 1월 7일_ 2차 정책_KTM수정,ktm,,,120000,140000,needs_review,/Users/jinwoo/Documents/Codex/2026-05-30/new-chat/policy-tracker/data/images/260/ktm.jpg
2025-01-07 10:38:13,260,케이엘모바일_부성정책_ 1월 7일_ 2차 정책_KTM수정,skylife,45000,160000,45000,185000,needs_review,/Users/jinwoo/Documents/Codex/2026-05-30/new-chat/policy-tracker/data/images/260/skylife.jpg
2025-01-07 10:38:13,260,케이엘모바일_부성정책_ 1월 7일_ 2차 정책_KTM수정,umobile,,,44000,44000,needs_review,/Users/jinwoo/Documents/Codex/2026-05-30/new-chat/policy-tracker/data/images/260/umobile.jpg
2025-01-08 10:11:24,261,케이엘모바일_부성정책_ 1월 8일_ 2-1차 정책,hello,30000,30000,,,needs_review,/Users/jinwoo/Documents/Codex/2026-05-30/new-chat/policy-tracker/data/images/261/hello.jpg
2025-01-08 10:11:24,261,케이엘모바일_부성정책_ 1월 8일_ 2-1차 정책,ktm,,,120000,140000,needs_review,/Users/jinwoo/Documents/Codex/2026-05-30/new-chat/policy-tracker/data/images/261/ktm.jpg
2025-01-08 10:11:24,261,케이엘모바일_부성정책_ 1월 8일_ 2-1차 정책,skylife,45000,160000,45000,185000,needs_review,/Users/jinwoo/Documents/Codex/2026-05-30/new-chat/policy-tracker/data/images/261/skylife.jpg
2025-01-08 10:11:24,261,케이엘모바일_부성정책_ 1월 8일_ 2-1차 정책,umobile,,,44000,44000,needs_review,/Users/jinwoo/Documents/Codex/2026-05-30/new-chat/policy-tracker/data/images/261/umobile.jpg
2025-01-09 10:21:02,262,케이엘모바일_부성정책_ 1월 9일_ 2-2차 정책,hello,30000,30000,,,needs_review,/Users/jinwoo/Documents/Codex/2026-05-30/new-chat/policy-tracker/data/images/262/hello.jpg
2025-01-09 10:21:02,262,케이엘모바일_부성정책_ 1월 9일_ 2-2차 정책,ktm,,,120000,140000,needs_review,/Users/jinwoo/Documents/Codex/2026-05-30/new-chat/policy-tracker/data/images/262/ktm.jpg
2025-01-09 10:21:02,262,케이엘모바일_부성정책_ 1월 9일_ 2-2차 정책,sk7,50000,170000,20000,220000,needs_review,/Users/jinwoo/Documents/Codex/2026-05-30/new-chat/policy-tracker/data/images/262/sk7.jpg
2025-01-09 10:21:02,262,케이엘모바일_부성정책_ 1월 9일_ 2-2차 정책,skylife,45000,160000,45000,185000,needs_review,/Users/jinwoo/Documents/Codex/2026-05-30/new-chat/policy-tracker/data/images/262/skylife.jpg
2025-01-09 10:21:02,262,케이엘모바일_부성정책_ 1월 9일_ 2-2차 정책,umobile,,,44000,44000,needs_review,/Users/jinwoo/Documents/Codex/2026-05-30/new-chat/policy-tracker/data/images/262/umobile.jpg
2025-01-11 09:22:52,263,케이엘모바일_부성정책_ 1월 11일_ 2-3차 정책,hello,30000,30000,,,needs_review,/Users/jinwoo/Documents/Codex/2026-05-30/new-chat/policy-tracker/data/images/263/hello.jpg
2025-01-11 09:22:52,263,케이엘모바일_부성정책_ 1월 11일_ 2-3차 정책,ktm,,,120000,140000,needs_review,/Users/jinwoo/Documents/Codex/2026-05-30/new-chat/policy-tracker/data/images/263/ktm.jpg
2025-01-11 09:22:52,263,케이엘모바일_부성정책_ 1월 11일_ 2-3차 정책,sk7,50000,170000,20000,220000,needs_review,/Users/jinwoo/Documents/Codex/2026-05-30/new-chat/policy-tracker/data/images/263/sk7.jpg
2025-01-11 09:22:52,263,케이엘모바일_부성정책_ 1월 11일_ 2-3차 정책,skylife,45000,160000,45000,185000,needs_review,/Users/jinwoo/Documents/Codex/2026-05-30/new-chat/policy-tracker/data/images/263/skylife.jpg
2025-01-11 09:22:52,263,케이엘모바일_부성정책_ 1월 11일_ 2-3차 정책,umobile,,,44000,197000,needs_review,/Users/jinwoo/Documents/Codex/2026-05-30/new-chat/policy-tracker/data/images/263/umobile.jpg
2025-01-17 10:08:43,264,케이엘모바일_부성정책_ 1월 17일_ 2-4차 정책,hello,30000,30000,,,needs_review,/Users/jinwoo/Documents/Codex/2026-05-30/new-chat/policy-tracker/data/images/264/hello.jpg
2025-01-17 10:08:43,264,케이엘모바일_부성정책_ 1월 17일_ 2-4차 정책,ktm,,,120000,140000,needs_review,/Users/jinwoo/Documents/Codex/2026-05-30/new-chat/policy-tracker/data/images/264/ktm.jpg
2025-01-17 10:08:43,264,케이엘모바일_부성정책_ 1월 17일_ 2-4차 정책,sk7,50000,110000,50000,150000,manual_fixed,/Users/jinwoo/Documents/Codex/2026-05-30/new-chat/policy-tracker/data/images/264/sk7.png
2025-01-17 10:08:43,264,케이엘모바일_부성정책_ 1월 17일_ 2-4차 정책,skylife,45000,160000,45000,185000,needs_review,/Users/jinwoo/Documents/Codex/2026-05-30/new-chat/policy-tracker/data/images/264/skylife.jpg
2025-01-17 10:08:43,264,케이엘모바일_부성정책_ 1월 17일_ 2-4차 정책,umobile,,,44000,197000,needs_review,/Users/jinwoo/Documents/Codex/2026-05-30/new-chat/policy-tracker/data/images/264/umobile.jpg
2025-01-17 11:37:16,265,케이엘모바일_부성정책_ 1월 17일_ 2-5차 정책,hello,30000,120000,30000,70000,manual_fixed,/Users/jinwoo/Documents/Codex/2026-05-30/new-chat/policy-tracker/data/images/265/hello.png
2025-01-17 11:37:16,265,케이엘모바일_부성정책_ 1월 17일_ 2-5차 정책,ktm,,,120000,140000,needs_review,/Users/jinwoo/Documents/Codex/2026-05-30/new-chat/policy-tracker/data/images/265/ktm.jpg
2025-01-17 11:37:16,265,케이엘모바일_부성정책_ 1월 17일_ 2-5차 정책,sk7,50000,110000,50000,150000,manual_fixed,/Users/jinwoo/Documents/Codex/2026-05-30/new-chat/policy-tracker/data/images/265/sk7.png
2025-01-17 11:37:16,265,케이엘모바일_부성정책_ 1월 17일_ 2-5차 정책,skylife,45000,160000,45000,185000,needs_review,/Users/jinwoo/Documents/Codex/2026-05-30/new-chat/policy-tracker/data/images/265/skylife.jpg
2025-01-17 11:37:16,265,케이엘모바일_부성정책_ 1월 17일_ 2-5차 정책,umobile,44000,132000,44000,154000,manual_fixed,/Users/jinwoo/Documents/Codex/2026-05-30/new-chat/policy-tracker/data/images/265/umobile.png
2025-01-17 14:50:52,266,케이엘모바일_부성정책_ 1월 17일_ 2-6차 정책,hello,30000,30000,30000,30000,needs_review,/Users/jinwoo/Documents/Codex/2026-05-30/new-chat/policy-tracker/data/images/266/hello.jpg
2025-01-17 14:50:52,266,케이엘모바일_부성정책_ 1월 17일_ 2-6차 정책,ktm,,,120000,140000,needs_review,/Users/jinwoo/Documents/Codex/2026-05-30/new-chat/policy-tracker/data/images/266/ktm.jpg
2025-01-17 14:50:52,266,케이엘모바일_부성정책_ 1월 17일_ 2-6차 정책,sk7,50000,110000,50000,150000,manual_fixed,/Users/jinwoo/Documents/Codex/2026-05-30/new-chat/policy-tracker/data/images/266/sk7.png
2025-01-17 14:50:52,266,케이엘모바일_부성정책_ 1월 17일_ 2-6차 정책,skylife,45000,160000,45000,185000,needs_review,/Users/jinwoo/Documents/Codex/2026-05-30/new-chat/policy-tracker/data/images/266/skylife.jpg
2025-01-17 14:50:52,266,케이엘모바일_부성정책_ 1월 17일_ 2-6차 정책,umobile,,,44000,197000,needs_review,/Users/jinwoo/Documents/Codex/2026-05-30/new-chat/policy-tracker/data/images/266/umobile.jpg
2025-01-18 08:41:31,267,케이엘모바일_부성정책_ 1월 18일_ 2-7차 정책,hello,30000,140000,30000,70000,manual_fixed,/Users/jinwoo/Documents/Codex/2026-05-30/new-chat/policy-tracker/data/images/267/hello.png
2025-01-18 08:41:31,267,케이엘모바일_부성정책_ 1월 18일_ 2-7차 정책,ktm,,,120000,140000,needs_review,/Users/jinwoo/Documents/Codex/2026-05-30/new-chat/policy-tracker/data/images/267/ktm.jpg
2025-01-18 08:41:31,267,케이엘모바일_부성정책_ 1월 18일_ 2-7차 정책,sk7,50000,170000,50000,190000,manual_fixed,/Users/jinwoo/Documents/Codex/2026-05-30/new-chat/policy-tracker/data/images/267/sk7.png
2025-01-18 08:41:31,267,케이엘모바일_부성정책_ 1월 18일_ 2-7차 정책,skylife,45000,160000,45000,185000,needs_review,/Users/jinwoo/Documents/Codex/2026-05-30/new-chat/policy-tracker/data/images/267/skylife.jpg
2025-01-18 08:41:31,267,케이엘모바일_부성정책_ 1월 18일_ 2-7차 정책,umobile,,,44000,197000,needs_review,/Users/jinwoo/Documents/Codex/2026-05-30/new-chat/policy-tracker/data/images/267/umobile.jpg
2025-01-21 10:23:39,268,케이엘모바일_부성정책_ 1월 21일_ 2-8차 정책,hello,30000,140000,30000,70000,manual_fixed,/Users/jinwoo/Documents/Codex/2026-05-30/new-chat/policy-tracker/data/images/268/hello.png
2025-01-21 10:23:39,268,케이엘모바일_부성정책_ 1월 21일_ 2-8차 정책,ktm,,,120000,140000,needs_review,/Users/jinwoo/Documents/Codex/2026-05-30/new-chat/policy-tracker/data/images/268/ktm.jpg
2025-01-21 10:23:39,268,케이엘모바일_부성정책_ 1월 21일_ 2-8차 정책,sk7,20000,170000,20000,190000,needs_review,/Users/jinwoo/Documents/Codex/2026-05-30/new-chat/policy-tracker/data/images/268/sk7.jpg
2025-01-21 10:23:39,268,케이엘모바일_부성정책_ 1월 21일_ 2-8차 정책,skylife,45000,160000,45000,185000,needs_review,/Users/jinwoo/Documents/Codex/2026-05-30/new-chat/policy-tracker/data/images/268/skylife.jpg
2025-01-21 10:23:39,268,케이엘모바일_부성정책_ 1월 21일_ 2-8차 정책,umobile,,,44000,197000,needs_review,/Users/jinwoo/Documents/Codex/2026-05-30/new-chat/policy-tracker/data/images/268/umobile.jpg
2025-01-23 10:22:11,269,케이엘모바일_부성정책_ 1월 23일_ 2-9차 정책,hello,30000,140000,30000,70000,manual_fixed,/Users/jinwoo/Documents/Codex/2026-05-30/new-chat/policy-tracker/data/images/269/hello.png
2025-01-23 10:22:11,269,케이엘모바일_부성정책_ 1월 23일_ 2-9차 정책,ktm,,,120000,140000,needs_review,/Users/jinwoo/Documents/Codex/2026-05-30/new-chat/policy-tracker/data/images/269/ktm.jpg
2025-01-23 10:22:11,269,케이엘모바일_부성정책_ 1월 23일_ 2-9차 정책,skylife,45000,160000,45000,185000,needs_review,/Users/jinwoo/Documents/Codex/2026-05-30/new-chat/policy-tracker/data/images/269/skylife.jpg
2025-01-23 10:22:11,269,케이엘모바일_부성정책_ 1월 23일_ 2-9차 정책,umobile,,,44000,197000,needs_review,/Users/jinwoo/Documents/Codex/2026-05-30/new-chat/policy-tracker/data/images/269/umobile.jpg
2025-01-24 11:26:34,270,케이엘모바일_부성정책_ 1월 24일_ 3차 정책,hello,,,30000,70000,needs_review,/Users/jinwoo/Documents/Codex/2026-05-30/new-chat/policy-tracker/data/images/270/hello.jpg
2025-01-24 11:26:34,270,케이엘모바일_부성정책_ 1월 24일_ 3차 정책,ktm,40000,80000,40000,120000,manual_fixed,/Users/jinwoo/Documents/Codex/2026-05-30/new-chat/policy-tracker/data/images/270/ktm.jpg
2025-01-24 11:26:34,270,케이엘모바일_부성정책_ 1월 24일_ 3차 정책,sk7,90000,100000,50000,140000,manual_fixed,/Users/jinwoo/Documents/Codex/2026-05-30/new-chat/policy-tracker/data/images/270/sk7.jpg
2025-01-24 11:26:34,270,케이엘모바일_부성정책_ 1월 24일_ 3차 정책,skylife,45000,160000,45000,185000,needs_review,/Users/jinwoo/Documents/Codex/2026-05-30/new-chat/policy-tracker/data/images/270/skylife.jpg
2025-01-24 11:26:34,270,케이엘모바일_부성정책_ 1월 24일_ 3차 정책,umobile,44000,121000,44000,143000,manual_fixed,/Users/jinwoo/Documents/Codex/2026-05-30/new-chat/policy-tracker/data/images/270/umobile.jpg
2025-01-24 12:15:49,271,케이엘모바일_부성정책_ 1월 24일_ 3-1차 정책,hello,,,30000,70000,needs_review,/Users/jinwoo/Documents/Codex/2026-05-30/new-chat/policy-tracker/data/images/271/hello.jpg
2025-01-24 12:15:49,271,케이엘모바일_부성정책_ 1월 24일_ 3-1차 정책,ktm,40000,100000,40000,120000,manual_fixed,/Users/jinwoo/Documents/Codex/2026-05-30/new-chat/policy-tracker/data/images/271/ktm.jpg
2025-01-24 12:15:49,271,케이엘모바일_부성정책_ 1월 24일_ 3-1차 정책,sk7,50000,120000,50000,140000,manual_fixed,/Users/jinwoo/Documents/Codex/2026-05-30/new-chat/policy-tracker/data/images/271/sk7.png
2025-01-24 12:15:49,271,케이엘모바일_부성정책_ 1월 24일_ 3-1차 정책,skylife,45000,160000,45000,185000,needs_review,/Users/jinwoo/Documents/Codex/2026-05-30/new-chat/policy-tracker/data/images/271/skylife.jpg
2025-01-24 12:15:49,271,케이엘모바일_부성정책_ 1월 24일_ 3-1차 정책,umobile,44000,121000,44000,143000,manual_fixed,/Users/jinwoo/Documents/Codex/2026-05-30/new-chat/policy-tracker/data/images/271/umobile.jpg
2025-02-01 12:14:12,272,케이엘모바일_부성정책_ 2월 1일_ 1차 정책,hello,30000,130000,30000,110000,needs_review,/Users/jinwoo/Documents/Codex/2026-05-30/new-chat/policy-tracker/data/images/272/hello.png
2025-02-01 12:14:12,272,케이엘모바일_부성정책_ 2월 1일_ 1차 정책,ktm,40000,100000,40000,120000,manual_fixed,/Users/jinwoo/Documents/Codex/2026-05-30/new-chat/policy-tracker/data/images/272/ktm.jpg
2025-02-01 12:14:12,272,케이엘모바일_부성정책_ 2월 1일_ 1차 정책,sk7,40000,150000,40000,170000,needs_review,/Users/jinwoo/Documents/Codex/2026-05-30/new-chat/policy-tracker/data/images/272/sk7.jpg
2025-02-01 12:14:12,272,케이엘모바일_부성정책_ 2월 1일_ 1차 정책,skylife,,,45000,140000,needs_review,/Users/jinwoo/Documents/Codex/2026-05-30/new-chat/policy-tracker/data/images/272/skylife.jpg
2025-02-01 12:14:12,272,케이엘모바일_부성정책_ 2월 1일_ 1차 정책,umobile,,,44000,153000,needs_review,/Users/jinwoo/Documents/Codex/2026-05-30/new-chat/policy-tracker/data/images/272/umobile.png
2025-02-05 10:42:12,274,케이엘모바일_부성정책_ 2월 5일_ 1-1차 정책,hello,30000,130000,30000,110000,needs_review,/Users/jinwoo/Documents/Codex/2026-05-30/new-chat/policy-tracker/data/images/274/hello.png
2025-02-05 10:42:12,274,케이엘모바일_부성정책_ 2월 5일_ 1-1차 정책,ktm,40000,100000,40000,120000,manual_fixed,/Users/jinwoo/Documents/Codex/2026-05-30/new-chat/policy-tracker/data/images/274/ktm.jpg
2025-02-05 10:42:12,274,케이엘모바일_부성정책_ 2월 5일_ 1-1차 정책,sk7,60000,110000,60000,130000,manual_fixed,/Users/jinwoo/Documents/Codex/2026-05-30/new-chat/policy-tracker/data/images/274/sk7.jpg
2025-02-05 10:42:12,274,케이엘모바일_부성정책_ 2월 5일_ 1-1차 정책,skylife,,,45000,140000,needs_review,/Users/jinwoo/Documents/Codex/2026-05-30/new-chat/policy-tracker/data/images/274/skylife.jpg
2025-02-05 10:42:12,274,케이엘모바일_부성정책_ 2월 5일_ 1-1차 정책,umobile,,,44000,153000,needs_review,/Users/jinwoo/Documents/Codex/2026-05-30/new-chat/policy-tracker/data/images/274/umobile.png
2025-02-07 10:35:51,275,케이엘모바일_부성정책_ 2월 7일_ 2차 정책,hello,,,30000,120000,needs_review,/Users/jinwoo/Documents/Codex/2026-05-30/new-chat/policy-tracker/data/images/275/hello.jpg
2025-02-07 10:35:51,275,케이엘모바일_부성정책_ 2월 7일_ 2차 정책,ktm,40000,100000,40000,120000,manual_fixed,/Users/jinwoo/Documents/Codex/2026-05-30/new-chat/policy-tracker/data/images/275/ktm.jpg
2025-02-07 10:35:51,275,케이엘모바일_부성정책_ 2월 7일_ 2차 정책,sk7,60000,120000,60000,140000,manual_fixed,/Users/jinwoo/Documents/Codex/2026-05-30/new-chat/policy-tracker/data/images/275/sk7.jpg
2025-02-07 10:35:51,275,케이엘모바일_부성정책_ 2월 7일_ 2차 정책,skylife,,,45000,140000,needs_review,/Users/jinwoo/Documents/Codex/2026-05-30/new-chat/policy-tracker/data/images/275/skylife.jpg
2025-02-07 10:35:51,275,케이엘모바일_부성정책_ 2월 7일_ 2차 정책,umobile,44000,121000,44000,143000,needs_review,/Users/jinwoo/Documents/Codex/2026-05-30/new-chat/policy-tracker/data/images/275/umobile.jpg
2025-02-08 15:54:10,276,케이엘모바일_부성정책_ 2월 8일_ 2-1차 정책,hello,,,30000,120000,needs_review,/Users/jinwoo/Documents/Codex/2026-05-30/new-chat/policy-tracker/data/images/276/hello.jpg
2025-02-08 15:54:10,276,케이엘모바일_부성정책_ 2월 8일_ 2-1차 정책,ktm,40000,100000,40000,120000,manual_fixed,/Users/jinwoo/Documents/Codex/2026-05-30/new-chat/policy-tracker/data/images/276/ktm.jpg
2025-02-08 15:54:10,276,케이엘모바일_부성정책_ 2월 8일_ 2-1차 정책,sk7,40000,120000,40000,140000,needs_review,/Users/jinwoo/Documents/Codex/2026-05-30/new-chat/policy-tracker/data/images/276/sk7.jpg
2025-02-08 15:54:10,276,케이엘모바일_부성정책_ 2월 8일_ 2-1차 정책,skylife,,,45000,140000,needs_review,/Users/jinwoo/Documents/Codex/2026-05-30/new-chat/policy-tracker/data/images/276/skylife.jpg
2025-02-08 15:54:10,276,케이엘모바일_부성정책_ 2월 8일_ 2-1차 정책,umobile,44000,121000,44000,143000,needs_review,/Users/jinwoo/Documents/Codex/2026-05-30/new-chat/policy-tracker/data/images/276/umobile.jpg
2025-02-18 10:43:54,277,케이엘모바일_부성정책_ 2월 18일_ 3차 정책,hello,30000,130000,30000,110000,manual_fixed,/Users/jinwoo/Documents/Codex/2026-05-30/new-chat/policy-tracker/data/images/277/hello.jpg
2025-02-18 10:43:54,277,케이엘모바일_부성정책_ 2월 18일_ 3차 정책,ktm,40000,100000,40000,120000,manual_fixed,/Users/jinwoo/Documents/Codex/2026-05-30/new-chat/policy-tracker/data/images/277/ktm.jpg
2025-02-18 10:43:54,277,케이엘모바일_부성정책_ 2월 18일_ 3차 정책,sk7,40000,120000,40000,140000,needs_review,/Users/jinwoo/Documents/Codex/2026-05-30/new-chat/policy-tracker/data/images/277/sk7.jpg
2025-02-18 10:43:54,277,케이엘모바일_부성정책_ 2월 18일_ 3차 정책,skylife,,,45000,140000,needs_review,/Users/jinwoo/Documents/Codex/2026-05-30/new-chat/policy-tracker/data/images/277/skylife.jpg
2025-02-18 10:43:54,277,케이엘모바일_부성정책_ 2월 18일_ 3차 정책,umobile,,,44000,143000,needs_review,/Users/jinwoo/Documents/Codex/2026-05-30/new-chat/policy-tracker/data/images/277/umobile.jpg
2025-02-19 10:29:27,278,케이엘모바일_부성정책_ 2월 19일_ 3-1차 정책,hello,30000,130000,30000,110000,manual_fixed,/Users/jinwoo/Documents/Codex/2026-05-30/new-chat/policy-tracker/data/images/278/hello.jpg
2025-02-19 10:29:27,278,케이엘모바일_부성정책_ 2월 19일_ 3-1차 정책,ktm,40000,100000,40000,120000,manual_fixed,/Users/jinwoo/Documents/Codex/2026-05-30/new-chat/policy-tracker/data/images/278/ktm.jpg
2025-02-19 10:29:27,278,케이엘모바일_부성정책_ 2월 19일_ 3-1차 정책,sk7,40000,120000,40000,140000,needs_review,/Users/jinwoo/Documents/Codex/2026-05-30/new-chat/policy-tracker/data/images/278/sk7.jpg
2025-02-19 10:29:27,278,케이엘모바일_부성정책_ 2월 19일_ 3-1차 정책,skylife,,,45000,140000,needs_review,/Users/jinwoo/Documents/Codex/2026-05-30/new-chat/policy-tracker/data/images/278/skylife.jpg
2025-02-19 10:29:27,278,케이엘모바일_부성정책_ 2월 19일_ 3-1차 정책,umobile,,,44000,143000,needs_review,/Users/jinwoo/Documents/Codex/2026-05-30/new-chat/policy-tracker/data/images/278/umobile.jpg
2025-03-01 12:08:07,279,케이엘모바일_부성정책_ 3월 1일_1차 정책,hello,,,30000,110000,needs_review,/Users/jinwoo/Documents/Codex/2026-05-30/new-chat/policy-tracker/data/images/279/hello.jpg
2025-03-01 12:08:07,279,케이엘모바일_부성정책_ 3월 1일_1차 정책,ktm,40000,90000,40000,110000,manual_fixed,/Users/jinwoo/Documents/Codex/2026-05-30/new-chat/policy-tracker/data/images/279/ktm.jpg
2025-03-01 12:08:07,279,케이엘모바일_부성정책_ 3월 1일_1차 정책,sk7,50000,100000,50000,120000,needs_review,/Users/jinwoo/Documents/Codex/2026-05-30/new-chat/policy-tracker/data/images/279/sk7.jpg
2025-03-01 12:08:07,279,케이엘모바일_부성정책_ 3월 1일_1차 정책,umobile,44000,99000,55000,121000,needs_review,/Users/jinwoo/Documents/Codex/2026-05-30/new-chat/policy-tracker/data/images/279/umobile.jpg
2025-03-03 11:39:08,280,케이엘모바일_부성정책_ 3월 3일_1-1차 정책,hello,,,30000,110000,needs_review,/Users/jinwoo/Documents/Codex/2026-05-30/new-chat/policy-tracker/data/images/280/hello.jpg
2025-03-03 11:39:08,280,케이엘모바일_부성정책_ 3월 3일_1-1차 정책,ktm,40000,90000,40000,110000,manual_fixed,/Users/jinwoo/Documents/Codex/2026-05-30/new-chat/policy-tracker/data/images/280/ktm.jpg
2025-03-03 11:39:08,280,케이엘모바일_부성정책_ 3월 3일_1-1차 정책,skylife,45000,110000,45000,115000,needs_review,/Users/jinwoo/Documents/Codex/2026-05-30/new-chat/policy-tracker/data/images/280/skylife.jpg
2025-03-03 11:39:08,280,케이엘모바일_부성정책_ 3월 3일_1-1차 정책,umobile,44000,99000,55000,121000,needs_review,/Users/jinwoo/Documents/Codex/2026-05-30/new-chat/policy-tracker/data/images/280/umobile.jpg
2025-03-05 11:17:08,282,케이엘모바일_부성정책_ 3월 5일_1-2차 정책,hello,,,30000,110000,needs_review,/Users/jinwoo/Documents/Codex/2026-05-30/new-chat/policy-tracker/data/images/282/hello.jpg
2025-03-05 11:17:08,282,케이엘모바일_부성정책_ 3월 5일_1-2차 정책,ktm,40000,90000,40000,110000,manual_fixed,/Users/jinwoo/Documents/Codex/2026-05-30/new-chat/policy-tracker/data/images/282/ktm.jpg
2025-03-05 11:17:08,282,케이엘모바일_부성정책_ 3월 5일_1-2차 정책,skylife,45000,110000,45000,115000,needs_review,/Users/jinwoo/Documents/Codex/2026-05-30/new-chat/policy-tracker/data/images/282/skylife.jpg
2025-03-05 11:17:08,282,케이엘모바일_부성정책_ 3월 5일_1-2차 정책,umobile,44000,99000,55000,121000,needs_review,/Users/jinwoo/Documents/Codex/2026-05-30/new-chat/policy-tracker/data/images/282/umobile.jpg
2025-03-06 11:58:36,283,케이엘모바일_부성정책_ 3월 6일_1-3차 정책,hello,,,30000,110000,needs_review,/Users/jinwoo/Documents/Codex/2026-05-30/new-chat/policy-tracker/data/images/283/hello.jpg
2025-03-06 11:58:36,283,케이엘모바일_부성정책_ 3월 6일_1-3차 정책,ktm,40000,90000,40000,110000,manual_fixed,/Users/jinwoo/Documents/Codex/2026-05-30/new-chat/policy-tracker/data/images/283/ktm.jpg
2025-03-06 11:58:36,283,케이엘모바일_부성정책_ 3월 6일_1-3차 정책,skylife,45000,110000,45000,115000,needs_review,/Users/jinwoo/Documents/Codex/2026-05-30/new-chat/policy-tracker/data/images/283/skylife.jpg
2025-03-06 11:58:36,283,케이엘모바일_부성정책_ 3월 6일_1-3차 정책,umobile,44000,99000,55000,121000,needs_review,/Users/jinwoo/Documents/Codex/2026-05-30/new-chat/policy-tracker/data/images/283/umobile.jpg
2025-03-07 10:22:39,284,케이엘모바일_부성정책_ 3월 7일_1-4차 정책,hello,,,30000,110000,needs_review,/Users/jinwoo/Documents/Codex/2026-05-30/new-chat/policy-tracker/data/images/284/hello.jpg
2025-03-07 10:22:39,284,케이엘모바일_부성정책_ 3월 7일_1-4차 정책,ktm,,,33500,40000,needs_review,/Users/jinwoo/Documents/Codex/2026-05-30/new-chat/policy-tracker/data/images/284/ktm.jpg
2025-03-07 10:22:39,284,케이엘모바일_부성정책_ 3월 7일_1-4차 정책,skylife,45000,110000,45000,115000,needs_review,/Users/jinwoo/Documents/Codex/2026-05-30/new-chat/policy-tracker/data/images/284/skylife.jpg
2025-03-07 10:22:39,284,케이엘모바일_부성정책_ 3월 7일_1-4차 정책,umobile,44000,99000,55000,121000,needs_review,/Users/jinwoo/Documents/Codex/2026-05-30/new-chat/policy-tracker/data/images/284/umobile.jpg
2025-03-17 10:57:24,285,케이엘모바일_부성정책_ 3월 17일_1-5차 정책,hello,,,30000,110000,needs_review,/Users/jinwoo/Documents/Codex/2026-05-30/new-chat/policy-tracker/data/images/285/hello.jpg
2025-03-17 10:57:24,285,케이엘모바일_부성정책_ 3월 17일_1-5차 정책,ktm,,,33500,40000,needs_review,/Users/jinwoo/Documents/Codex/2026-05-30/new-chat/policy-tracker/data/images/285/ktm.jpg
2025-03-17 10:57:24,285,케이엘모바일_부성정책_ 3월 17일_1-5차 정책,skylife,45000,110000,45000,115000,needs_review,/Users/jinwoo/Documents/Codex/2026-05-30/new-chat/policy-tracker/data/images/285/skylife.jpg
2025-03-17 10:57:24,285,케이엘모바일_부성정책_ 3월 17일_1-5차 정책,umobile,44000,99000,55000,121000,needs_review,/Users/jinwoo/Documents/Codex/2026-05-30/new-chat/policy-tracker/data/images/285/umobile.jpg
2025-03-21 10:27:31,286,케이엘모바일_부성정책_ 3월 21일_1-6차 정책,hello,,,30000,110000,needs_review,/Users/jinwoo/Documents/Codex/2026-05-30/new-chat/policy-tracker/data/images/286/hello.jpg
2025-03-21 10:27:31,286,케이엘모바일_부성정책_ 3월 21일_1-6차 정책,ktm,,,33500,40000,needs_review,/Users/jinwoo/Documents/Codex/2026-05-30/new-chat/policy-tracker/data/images/286/ktm.jpg
2025-03-21 10:27:31,286,케이엘모바일_부성정책_ 3월 21일_1-6차 정책,sk7,50000,80000,50000,100000,manual_fixed,/Users/jinwoo/Documents/Codex/2026-05-30/new-chat/policy-tracker/data/images/286/sk7.jpg
2025-03-21 10:27:31,286,케이엘모바일_부성정책_ 3월 21일_1-6차 정책,skylife,45000,110000,45000,115000,needs_review,/Users/jinwoo/Documents/Codex/2026-05-30/new-chat/policy-tracker/data/images/286/skylife.jpg
2025-03-21 10:27:31,286,케이엘모바일_부성정책_ 3월 21일_1-6차 정책,umobile,44000,99000,55000,121000,needs_review,/Users/jinwoo/Documents/Codex/2026-05-30/new-chat/policy-tracker/data/images/286/umobile.jpg
2025-03-22 11:04:04,287,케이엘모바일_부성정책_ 3월 22일_1-7차 정책,hello,30000,110000,30000,110000,manual_fixed,/Users/jinwoo/Documents/Codex/2026-05-30/new-chat/policy-tracker/data/images/287/hello.png
2025-03-22 11:04:04,287,케이엘모바일_부성정책_ 3월 22일_1-7차 정책,ktm,,,33500,40000,needs_review,/Users/jinwoo/Documents/Codex/2026-05-30/new-chat/policy-tracker/data/images/287/ktm.jpg
2025-03-22 11:04:04,287,케이엘모바일_부성정책_ 3월 22일_1-7차 정책,sk7,50000,80000,50000,100000,manual_fixed,/Users/jinwoo/Documents/Codex/2026-05-30/new-chat/policy-tracker/data/images/287/sk7.jpg
2025-03-22 11:04:04,287,케이엘모바일_부성정책_ 3월 22일_1-7차 정책,skylife,45000,110000,45000,115000,needs_review,/Users/jinwoo/Documents/Codex/2026-05-30/new-chat/policy-tracker/data/images/287/skylife.jpg
2025-03-22 11:04:04,287,케이엘모바일_부성정책_ 3월 22일_1-7차 정책,umobile,44000,99000,55000,121000,needs_review,/Users/jinwoo/Documents/Codex/2026-05-30/new-chat/policy-tracker/data/images/287/umobile.jpg
2025-03-28 10:18:04,288,케이엘모바일_부성정책_ 3월 28일_1-8차 정책,hello,30000,110000,30000,110000,manual_fixed,/Users/jinwoo/Documents/Codex/2026-05-30/new-chat/policy-tracker/data/images/288/hello.png
2025-03-28 10:18:04,288,케이엘모바일_부성정책_ 3월 28일_1-8차 정책,ktm,,,33500,40000,needs_review,/Users/jinwoo/Documents/Codex/2026-05-30/new-chat/policy-tracker/data/images/288/ktm.jpg
2025-03-28 10:18:04,288,케이엘모바일_부성정책_ 3월 28일_1-8차 정책,sk7,50000,50000,50000,50000,needs_review,/Users/jinwoo/Documents/Codex/2026-05-30/new-chat/policy-tracker/data/images/288/sk7.jpg
2025-03-28 10:18:04,288,케이엘모바일_부성정책_ 3월 28일_1-8차 정책,skylife,45000,110000,45000,115000,needs_review,/Users/jinwoo/Documents/Codex/2026-05-30/new-chat/policy-tracker/data/images/288/skylife.jpg
2025-03-28 10:18:04,288,케이엘모바일_부성정책_ 3월 28일_1-8차 정책,umobile,44000,99000,55000,121000,needs_review,/Users/jinwoo/Documents/Codex/2026-05-30/new-chat/policy-tracker/data/images/288/umobile.jpg
2025-04-01 11:14:16,289,케이엘모바일_부성정책_ 4월 1일_ 1차 정책,hello,,,30000,100000,needs_review,/Users/jinwoo/Documents/Codex/2026-05-30/new-chat/policy-tracker/data/images/289/hello.jpg
2025-04-01 11:14:16,289,케이엘모바일_부성정책_ 4월 1일_ 1차 정책,ktm,40000,80000,40000,90000,manual_fixed,/Users/jinwoo/Documents/Codex/2026-05-30/new-chat/policy-tracker/data/images/289/ktm.jpg
2025-04-01 11:14:16,289,케이엘모바일_부성정책_ 4월 1일_ 1차 정책,sk7,50000,90000,50000,110000,needs_review,/Users/jinwoo/Documents/Codex/2026-05-30/new-chat/policy-tracker/data/images/289/sk7.jpg
2025-04-01 11:14:16,289,케이엘모바일_부성정책_ 4월 1일_ 1차 정책,skylife,45000,90000,45000,115000,needs_review,/Users/jinwoo/Documents/Codex/2026-05-30/new-chat/policy-tracker/data/images/289/skylife.jpg
2025-04-01 11:14:16,289,케이엘모바일_부성정책_ 4월 1일_ 1차 정책,umobile,55000,77000,55000,99000,needs_review,/Users/jinwoo/Documents/Codex/2026-05-30/new-chat/policy-tracker/data/images/289/umobile.jpg
2025-04-03 11:00:43,292,케이엘모바일_부성정책_ 4월 3일_ 2차 정책,hello,,,30000,110000,needs_review,/Users/jinwoo/Documents/Codex/2026-05-30/new-chat/policy-tracker/data/images/292/hello.jpg
2025-04-03 11:00:43,292,케이엘모바일_부성정책_ 4월 3일_ 2차 정책,ktm,40000,80000,40000,90000,manual_fixed,/Users/jinwoo/Documents/Codex/2026-05-30/new-chat/policy-tracker/data/images/292/ktm.jpg
2025-04-03 11:00:43,292,케이엘모바일_부성정책_ 4월 3일_ 2차 정책,sk7,50000,90000,,,needs_review,/Users/jinwoo/Documents/Codex/2026-05-30/new-chat/policy-tracker/data/images/292/sk7.jpg
2025-04-03 11:00:43,292,케이엘모바일_부성정책_ 4월 3일_ 2차 정책,skylife,,,45000,115000,needs_review,/Users/jinwoo/Documents/Codex/2026-05-30/new-chat/policy-tracker/data/images/292/skylife.jpg
2025-04-03 11:00:43,292,케이엘모바일_부성정책_ 4월 3일_ 2차 정책,umobile,55000,77000,55000,99000,needs_review,/Users/jinwoo/Documents/Codex/2026-05-30/new-chat/policy-tracker/data/images/292/umobile.jpg
2025-04-04 10:16:37,293,케이엘모바일_부성정책_ 4월 4일_ 2-1차 정책,hello,,,30000,110000,needs_review,/Users/jinwoo/Documents/Codex/2026-05-30/new-chat/policy-tracker/data/images/293/hello.jpg
2025-04-04 10:16:37,293,케이엘모바일_부성정책_ 4월 4일_ 2-1차 정책,ktm,40000,80000,40000,90000,manual_fixed,/Users/jinwoo/Documents/Codex/2026-05-30/new-chat/policy-tracker/data/images/293/ktm.jpg
2025-04-04 10:16:37,293,케이엘모바일_부성정책_ 4월 4일_ 2-1차 정책,sk7,50000,90000,,,needs_review,/Users/jinwoo/Documents/Codex/2026-05-30/new-chat/policy-tracker/data/images/293/sk7.jpg
2025-04-04 10:16:37,293,케이엘모바일_부성정책_ 4월 4일_ 2-1차 정책,skylife,45000,90000,45000,115000,needs_review,/Users/jinwoo/Documents/Codex/2026-05-30/new-chat/policy-tracker/data/images/293/skylife.jpg
2025-04-04 10:16:37,293,케이엘모바일_부성정책_ 4월 4일_ 2-1차 정책,umobile,55000,100000,55000,120000,manual_fixed,/Users/jinwoo/Documents/Codex/2026-05-30/new-chat/policy-tracker/data/images/293/umobile.jpg
2025-04-08 10:26:10,299,케이엘모바일_부성정책_ 4월 8일_ 2-2차 정책_수정(유모비추가),hello,,,30000,110000,needs_review,/Users/jinwoo/Documents/Codex/2026-05-30/new-chat/policy-tracker/data/images/299/hello.jpg
2025-04-08 10:26:10,299,케이엘모바일_부성정책_ 4월 8일_ 2-2차 정책_수정(유모비추가),ktm,40000,80000,40000,90000,manual_fixed,/Users/jinwoo/Documents/Codex/2026-05-30/new-chat/policy-tracker/data/images/299/ktm.jpg
2025-04-08 10:26:10,299,케이엘모바일_부성정책_ 4월 8일_ 2-2차 정책_수정(유모비추가),skylife,45000,90000,45000,115000,needs_review,/Users/jinwoo/Documents/Codex/2026-05-30/new-chat/policy-tracker/data/images/299/skylife.jpg
2025-04-08 10:26:10,299,케이엘모바일_부성정책_ 4월 8일_ 2-2차 정책_수정(유모비추가),umobile,55000,100000,55000,110000,manual_fixed,/Users/jinwoo/Documents/Codex/2026-05-30/new-chat/policy-tracker/data/images/299/umobile.jpg
2025-04-09 14:22:58,300,케이엘모바일_부성정책_ 4월 9일_ 2-3차 정책,hello,,,30000,110000,needs_review,/Users/jinwoo/Documents/Codex/2026-05-30/new-chat/policy-tracker/data/images/300/hello.jpg
2025-04-09 14:22:58,300,케이엘모바일_부성정책_ 4월 9일_ 2-3차 정책,ktm,40000,80000,40000,90000,manual_fixed,/Users/jinwoo/Documents/Codex/2026-05-30/new-chat/policy-tracker/data/images/300/ktm.jpg
2025-04-09 14:22:58,300,케이엘모바일_부성정책_ 4월 9일_ 2-3차 정책,sk7,60000,100000,60000,120000,needs_review,/Users/jinwoo/Documents/Codex/2026-05-30/new-chat/policy-tracker/data/images/300/sk7.jpg
2025-04-09 14:22:58,300,케이엘모바일_부성정책_ 4월 9일_ 2-3차 정책,skylife,45000,90000,45000,115000,needs_review,/Users/jinwoo/Documents/Codex/2026-05-30/new-chat/policy-tracker/data/images/300/skylife.jpg
2025-04-09 14:22:58,300,케이엘모바일_부성정책_ 4월 9일_ 2-3차 정책,umobile,55000,100000,55000,110000,manual_fixed,/Users/jinwoo/Documents/Codex/2026-05-30/new-chat/policy-tracker/data/images/300/umobile.jpg
2025-04-12 10:43:23,301,케이엘모바일_부성정책_ 4월 12일_ 2-4차 정책,hello,,,30000,110000,needs_review,/Users/jinwoo/Documents/Codex/2026-05-30/new-chat/policy-tracker/data/images/301/hello.jpg
2025-04-12 10:43:23,301,케이엘모바일_부성정책_ 4월 12일_ 2-4차 정책,ktm,40000,80000,40000,90000,manual_fixed,/Users/jinwoo/Documents/Codex/2026-05-30/new-chat/policy-tracker/data/images/301/ktm.jpg
2025-04-12 10:43:23,301,케이엘모바일_부성정책_ 4월 12일_ 2-4차 정책,sk7,60000,100000,60000,120000,needs_review,/Users/jinwoo/Documents/Codex/2026-05-30/new-chat/policy-tracker/data/images/301/sk7.jpg
2025-04-12 10:43:23,301,케이엘모바일_부성정책_ 4월 12일_ 2-4차 정책,skylife,45000,90000,45000,115000,needs_review,/Users/jinwoo/Documents/Codex/2026-05-30/new-chat/policy-tracker/data/images/301/skylife.jpg
2025-04-12 10:43:23,301,케이엘모바일_부성정책_ 4월 12일_ 2-4차 정책,umobile,55000,100000,55000,110000,manual_fixed,/Users/jinwoo/Documents/Codex/2026-05-30/new-chat/policy-tracker/data/images/301/umobile.jpg
2025-04-15 11:57:22,302,케이엘모바일_부성정책_ 4월 15일_ 2-5차 정책,hello,,,30000,110000,needs_review,/Users/jinwoo/Documents/Codex/2026-05-30/new-chat/policy-tracker/data/images/302/hello.jpg
2025-04-15 11:57:22,302,케이엘모바일_부성정책_ 4월 15일_ 2-5차 정책,ktm,40000,80000,40000,90000,manual_fixed,/Users/jinwoo/Documents/Codex/2026-05-30/new-chat/policy-tracker/data/images/302/ktm.jpg
2025-04-15 11:57:22,302,케이엘모바일_부성정책_ 4월 15일_ 2-5차 정책,sk7,,,60000,110000,needs_review,/Users/jinwoo/Documents/Codex/2026-05-30/new-chat/policy-tracker/data/images/302/sk7.png
2025-04-15 11:57:22,302,케이엘모바일_부성정책_ 4월 15일_ 2-5차 정책,skylife,45000,90000,45000,115000,needs_review,/Users/jinwoo/Documents/Codex/2026-05-30/new-chat/policy-tracker/data/images/302/skylife.jpg
2025-04-15 11:57:22,302,케이엘모바일_부성정책_ 4월 15일_ 2-5차 정책,umobile,55000,100000,55000,110000,manual_fixed,/Users/jinwoo/Documents/Codex/2026-05-30/new-chat/policy-tracker/data/images/302/umobile.jpg
2025-04-18 12:23:15,303,케이엘모바일_부성정책_ 4월 18일_ 2-6차 정책,hello,,,30000,110000,needs_review,/Users/jinwoo/Documents/Codex/2026-05-30/new-chat/policy-tracker/data/images/303/hello.jpg
2025-04-18 12:23:15,303,케이엘모바일_부성정책_ 4월 18일_ 2-6차 정책,ktm,40000,80000,40000,90000,manual_fixed,/Users/jinwoo/Documents/Codex/2026-05-30/new-chat/policy-tracker/data/images/303/ktm.jpg
2025-04-18 12:23:15,303,케이엘모바일_부성정책_ 4월 18일_ 2-6차 정책,skylife,45000,90000,45000,115000,needs_review,/Users/jinwoo/Documents/Codex/2026-05-30/new-chat/policy-tracker/data/images/303/skylife.jpg
2025-04-18 12:23:15,303,케이엘모바일_부성정책_ 4월 18일_ 2-6차 정책,umobile,55000,100000,55000,110000,needs_review,/Users/jinwoo/Documents/Codex/2026-05-30/new-chat/policy-tracker/data/images/303/umobile.jpg
2025-04-23 10:34:01,304,케이엘모바일_부성정책_ 4월 23일_ 2-7차 정책,hello,,,30000,110000,needs_review,/Users/jinwoo/Documents/Codex/2026-05-30/new-chat/policy-tracker/data/images/304/hello.jpg
2025-04-23 10:34:01,304,케이엘모바일_부성정책_ 4월 23일_ 2-7차 정책,ktm,40000,80000,40000,90000,manual_fixed,/Users/jinwoo/Documents/Codex/2026-05-30/new-chat/policy-tracker/data/images/304/ktm.jpg
2025-04-23 10:34:01,304,케이엘모바일_부성정책_ 4월 23일_ 2-7차 정책,sk7,60000,100000,60000,110000,needs_review,/Users/jinwoo/Documents/Codex/2026-05-30/new-chat/policy-tracker/data/images/304/sk7.jpg
2025-04-23 10:34:01,304,케이엘모바일_부성정책_ 4월 23일_ 2-7차 정책,skylife,45000,90000,45000,115000,needs_review,/Users/jinwoo/Documents/Codex/2026-05-30/new-chat/policy-tracker/data/images/304/skylife.jpg
2025-04-23 10:34:01,304,케이엘모바일_부성정책_ 4월 23일_ 2-7차 정책,umobile,55000,100000,55000,110000,needs_review,/Users/jinwoo/Documents/Codex/2026-05-30/new-chat/policy-tracker/data/images/304/umobile.jpg
2025-04-26 11:02:51,305,케이엘모바일_부성정책_ 4월 26일_ 2-8차 정책,hello,,,30000,110000,needs_review,/Users/jinwoo/Documents/Codex/2026-05-30/new-chat/policy-tracker/data/images/305/hello.jpg
2025-04-26 11:02:51,305,케이엘모바일_부성정책_ 4월 26일_ 2-8차 정책,ktm,40000,80000,40000,90000,manual_fixed,/Users/jinwoo/Documents/Codex/2026-05-30/new-chat/policy-tracker/data/images/305/ktm.jpg
2025-04-26 11:02:51,305,케이엘모바일_부성정책_ 4월 26일_ 2-8차 정책,skylife,45000,90000,45000,115000,needs_review,/Users/jinwoo/Documents/Codex/2026-05-30/new-chat/policy-tracker/data/images/305/skylife.jpg
2025-04-26 11:02:51,305,케이엘모바일_부성정책_ 4월 26일_ 2-8차 정책,umobile,55000,100000,55000,110000,needs_review,/Users/jinwoo/Documents/Codex/2026-05-30/new-chat/policy-tracker/data/images/305/umobile.jpg
2025-05-01 11:27:28,306,케이엘모바일_부성정책_ 5월 1일_ 1차 정책,hello,,,30000,100000,needs_review,/Users/jinwoo/Documents/Codex/2026-05-30/new-chat/policy-tracker/data/images/306/hello.jpg
2025-05-01 11:27:28,306,케이엘모바일_부성정책_ 5월 1일_ 1차 정책,ktm,40000,60000,40000,80000,manual_fixed,/Users/jinwoo/Documents/Codex/2026-05-30/new-chat/policy-tracker/data/images/306/ktm.jpg
2025-05-01 11:27:28,306,케이엘모바일_부성정책_ 5월 1일_ 1차 정책,sk7,70000,130000,70000,140000,needs_review,/Users/jinwoo/Documents/Codex/2026-05-30/new-chat/policy-tracker/data/images/306/sk7.jpg
2025-05-01 11:27:28,306,케이엘모바일_부성정책_ 5월 1일_ 1차 정책,skylife,45000,60000,45000,105000,needs_review,/Users/jinwoo/Documents/Codex/2026-05-30/new-chat/policy-tracker/data/images/306/skylife.jpg
2025-05-01 11:27:28,306,케이엘모바일_부성정책_ 5월 1일_ 1차 정책,umobile,55000,100000,55000,110000,needs_review,/Users/jinwoo/Documents/Codex/2026-05-30/new-chat/policy-tracker/data/images/306/umobile.jpg
2025-05-03 10:47:53,307,케이엘모바일_부성정책_ 5월 3일_ 1-1차 정책,hello,,,30000,100000,needs_review,/Users/jinwoo/Documents/Codex/2026-05-30/new-chat/policy-tracker/data/images/307/hello.jpg
2025-05-03 10:47:53,307,케이엘모바일_부성정책_ 5월 3일_ 1-1차 정책,ktm,40000,60000,40000,80000,manual_fixed,/Users/jinwoo/Documents/Codex/2026-05-30/new-chat/policy-tracker/data/images/307/ktm.jpg
2025-05-03 10:47:53,307,케이엘모바일_부성정책_ 5월 3일_ 1-1차 정책,sk7,70000,130000,70000,140000,needs_review,/Users/jinwoo/Documents/Codex/2026-05-30/new-chat/policy-tracker/data/images/307/sk7.jpg
2025-05-03 10:47:53,307,케이엘모바일_부성정책_ 5월 3일_ 1-1차 정책,skylife,45000,60000,45000,105000,needs_review,/Users/jinwoo/Documents/Codex/2026-05-30/new-chat/policy-tracker/data/images/307/skylife.jpg
2025-05-03 10:47:53,307,케이엘모바일_부성정책_ 5월 3일_ 1-1차 정책,umobile,55000,90000,55000,100000,manual_fixed,/Users/jinwoo/Documents/Codex/2026-05-30/new-chat/policy-tracker/data/images/307/umobile.jpg
2025-06-01 12:50:40,311,케이엘모바일_부성정책_ 6월 1일_ 1차 정책,hello,,,30000,90000,needs_review,/Users/jinwoo/Documents/Codex/2026-05-30/new-chat/policy-tracker/data/images/311/hello.jpg
2025-06-01 12:50:40,311,케이엘모바일_부성정책_ 6월 1일_ 1차 정책,ktm,70000,90000,70000,100000,needs_review,/Users/jinwoo/Documents/Codex/2026-05-30/new-chat/policy-tracker/data/images/311/ktm.jpg
2025-06-01 12:50:40,311,케이엘모바일_부성정책_ 6월 1일_ 1차 정책,sk7,70000,120000,70000,130000,needs_review,/Users/jinwoo/Documents/Codex/2026-05-30/new-chat/policy-tracker/data/images/311/sk7.jpg
2025-06-01 12:50:40,311,케이엘모바일_부성정책_ 6월 1일_ 1차 정책,skylife,45000,80000,45000,95000,needs_review,/Users/jinwoo/Documents/Codex/2026-05-30/new-chat/policy-tracker/data/images/311/skylife.jpg
2025-06-01 12:50:40,311,케이엘모바일_부성정책_ 6월 1일_ 1차 정책,umobile,55000,90000,55000,100000,needs_review,/Users/jinwoo/Documents/Codex/2026-05-30/new-chat/policy-tracker/data/images/311/umobile.jpg
2025-06-02 15:16:54,312,케이엘모바일_부성정책_ 6월 2일_ 1-1차 정책,hello,,,30000,90000,needs_review,/Users/jinwoo/Documents/Codex/2026-05-30/new-chat/policy-tracker/data/images/312/hello.jpg
2025-06-02 15:16:54,312,케이엘모바일_부성정책_ 6월 2일_ 1-1차 정책,ktm,90000,90000,50000,100000,needs_review,/Users/jinwoo/Documents/Codex/2026-05-30/new-chat/policy-tracker/data/images/312/ktm.jpg
2025-06-02 15:16:54,312,케이엘모바일_부성정책_ 6월 2일_ 1-1차 정책,sk7,,,70000,70000,needs_review,/Users/jinwoo/Documents/Codex/2026-05-30/new-chat/policy-tracker/data/images/312/sk7.jpg
2025-06-02 15:16:54,312,케이엘모바일_부성정책_ 6월 2일_ 1-1차 정책,skylife,45000,80000,45000,95000,needs_review,/Users/jinwoo/Documents/Codex/2026-05-30/new-chat/policy-tracker/data/images/312/skylife.jpg
2025-06-02 15:16:54,312,케이엘모바일_부성정책_ 6월 2일_ 1-1차 정책,umobile,55000,90000,55000,100000,needs_review,/Users/jinwoo/Documents/Codex/2026-05-30/new-chat/policy-tracker/data/images/312/umobile.jpg
2025-06-05 10:20:56,313,케이엘모바일_부성정책_ 6월 5일_ 1-2차 정책,hello,,,30000,90000,needs_review,/Users/jinwoo/Documents/Codex/2026-05-30/new-chat/policy-tracker/data/images/313/hello.jpg
2025-06-05 10:20:56,313,케이엘모바일_부성정책_ 6월 5일_ 1-2차 정책,ktm,,,70000,100000,needs_review,/Users/jinwoo/Documents/Codex/2026-05-30/new-chat/policy-tracker/data/images/313/ktm.jpg
2025-06-05 10:20:56,313,케이엘모바일_부성정책_ 6월 5일_ 1-2차 정책,sk7,,,70000,70000,needs_review,/Users/jinwoo/Documents/Codex/2026-05-30/new-chat/policy-tracker/data/images/313/sk7.jpg
2025-06-05 10:20:56,313,케이엘모바일_부성정책_ 6월 5일_ 1-2차 정책,skylife,45000,80000,45000,95000,needs_review,/Users/jinwoo/Documents/Codex/2026-05-30/new-chat/policy-tracker/data/images/313/skylife.jpg
2025-06-05 10:20:56,313,케이엘모바일_부성정책_ 6월 5일_ 1-2차 정책,umobile,55000,90000,55000,100000,needs_review,/Users/jinwoo/Documents/Codex/2026-05-30/new-chat/policy-tracker/data/images/313/umobile.jpg
2025-06-12 10:33:11,314,케이엘모바일_부성정책_ 6월 12일_ 1-3차 정책,hello,,,30000,90000,needs_review,/Users/jinwoo/Documents/Codex/2026-05-30/new-chat/policy-tracker/data/images/314/hello.jpg
2025-06-12 10:33:11,314,케이엘모바일_부성정책_ 6월 12일_ 1-3차 정책,ktm,70000,70000,70000,70000,needs_review,/Users/jinwoo/Documents/Codex/2026-05-30/new-chat/policy-tracker/data/images/314/ktm.jpg
2025-06-12 10:33:11,314,케이엘모바일_부성정책_ 6월 12일_ 1-3차 정책,sk7,,,70000,70000,needs_review,/Users/jinwoo/Documents/Codex/2026-05-30/new-chat/policy-tracker/data/images/314/sk7.jpg
2025-06-12 10:33:11,314,케이엘모바일_부성정책_ 6월 12일_ 1-3차 정책,skylife,45000,80000,45000,95000,needs_review,/Users/jinwoo/Documents/Codex/2026-05-30/new-chat/policy-tracker/data/images/314/skylife.jpg
2025-06-12 10:33:11,314,케이엘모바일_부성정책_ 6월 12일_ 1-3차 정책,umobile,55000,90000,55000,100000,needs_review,/Users/jinwoo/Documents/Codex/2026-05-30/new-chat/policy-tracker/data/images/314/umobile.jpg
2025-06-13 12:07:49,315,케이엘모바일_부성정책_ 6월 13일_ 1-4차 정책,hello,30000,120000,30000,100000,manual_fixed,/Users/jinwoo/Documents/Codex/2026-05-30/new-chat/policy-tracker/data/images/315/hello.jpg
2025-06-13 12:07:49,315,케이엘모바일_부성정책_ 6월 13일_ 1-4차 정책,ktm,70000,70000,70000,70000,needs_review,/Users/jinwoo/Documents/Codex/2026-05-30/new-chat/policy-tracker/data/images/315/ktm.jpg
2025-06-13 12:07:49,315,케이엘모바일_부성정책_ 6월 13일_ 1-4차 정책,sk7,,,70000,70000,needs_review,/Users/jinwoo/Documents/Codex/2026-05-30/new-chat/policy-tracker/data/images/315/sk7.jpg
2025-06-13 12:07:49,315,케이엘모바일_부성정책_ 6월 13일_ 1-4차 정책,skylife,45000,80000,45000,95000,needs_review,/Users/jinwoo/Documents/Codex/2026-05-30/new-chat/policy-tracker/data/images/315/skylife.jpg
2025-06-13 12:07:49,315,케이엘모바일_부성정책_ 6월 13일_ 1-4차 정책,umobile,55000,90000,55000,100000,needs_review,/Users/jinwoo/Documents/Codex/2026-05-30/new-chat/policy-tracker/data/images/315/umobile.jpg
2025-06-13 16:34:29,316,케이엘모바일_부성정책_ 6월 13일_ 1-4차 정책(수정),hello,30000,120000,30000,100000,manual_fixed,/Users/jinwoo/Documents/Codex/2026-05-30/new-chat/policy-tracker/data/images/316/hello.jpg
2025-06-13 16:34:29,316,케이엘모바일_부성정책_ 6월 13일_ 1-4차 정책(수정),ktm,70000,70000,70000,70000,needs_review,/Users/jinwoo/Documents/Codex/2026-05-30/new-chat/policy-tracker/data/images/316/ktm.jpg
2025-06-13 16:34:29,316,케이엘모바일_부성정책_ 6월 13일_ 1-4차 정책(수정),sk7,,,70000,70000,needs_review,/Users/jinwoo/Documents/Codex/2026-05-30/new-chat/policy-tracker/data/images/316/sk7.jpg
2025-06-13 16:34:29,316,케이엘모바일_부성정책_ 6월 13일_ 1-4차 정책(수정),skylife,45000,80000,45000,95000,needs_review,/Users/jinwoo/Documents/Codex/2026-05-30/new-chat/policy-tracker/data/images/316/skylife.jpg
2025-06-13 16:34:29,316,케이엘모바일_부성정책_ 6월 13일_ 1-4차 정책(수정),umobile,55000,110000,55000,110000,manual_fixed,/Users/jinwoo/Documents/Codex/2026-05-30/new-chat/policy-tracker/data/images/316/umobile.jpg
2025-06-18 11:05:20,317,케이엘모바일_부성정책_ 6월 18일_ 1-5차 정책,hello,30000,120000,30000,100000,manual_fixed,/Users/jinwoo/Documents/Codex/2026-05-30/new-chat/policy-tracker/data/images/317/hello.jpg
2025-06-18 11:05:20,317,케이엘모바일_부성정책_ 6월 18일_ 1-5차 정책,ktm,70000,70000,70000,70000,needs_review,/Users/jinwoo/Documents/Codex/2026-05-30/new-chat/policy-tracker/data/images/317/ktm.jpg
2025-06-18 11:05:20,317,케이엘모바일_부성정책_ 6월 18일_ 1-5차 정책,sk7,,,70000,70000,needs_review,/Users/jinwoo/Documents/Codex/2026-05-30/new-chat/policy-tracker/data/images/317/sk7.jpg
2025-06-18 11:05:20,317,케이엘모바일_부성정책_ 6월 18일_ 1-5차 정책,skylife,45000,80000,45000,95000,needs_review,/Users/jinwoo/Documents/Codex/2026-05-30/new-chat/policy-tracker/data/images/317/skylife.jpg
2025-06-18 11:05:20,317,케이엘모바일_부성정책_ 6월 18일_ 1-5차 정책,umobile,55000,55000,55000,55000,needs_review,/Users/jinwoo/Documents/Codex/2026-05-30/new-chat/policy-tracker/data/images/317/umobile.jpg
2025-06-19 11:26:09,318,케이엘모바일_부성정책_ 6월 19일_ 2차 정책,hello,,,30000,100000,needs_review,/Users/jinwoo/Documents/Codex/2026-05-30/new-chat/policy-tracker/data/images/318/hello.jpg
2025-06-19 11:26:09,318,케이엘모바일_부성정책_ 6월 19일_ 2차 정책,ktm,70000,70000,70000,70000,needs_review,/Users/jinwoo/Documents/Codex/2026-05-30/new-chat/policy-tracker/data/images/318/ktm.jpg
2025-06-19 11:26:09,318,케이엘모바일_부성정책_ 6월 19일_ 2차 정책,sk7,,,70000,70000,needs_review,/Users/jinwoo/Documents/Codex/2026-05-30/new-chat/policy-tracker/data/images/318/sk7.jpg
2025-06-19 11:26:09,318,케이엘모바일_부성정책_ 6월 19일_ 2차 정책,skylife,45000,80000,45000,95000,needs_review,/Users/jinwoo/Documents/Codex/2026-05-30/new-chat/policy-tracker/data/images/318/skylife.jpg
2025-06-19 11:26:09,318,케이엘모바일_부성정책_ 6월 19일_ 2차 정책,umobile,55000,55000,55000,55000,needs_review,/Users/jinwoo/Documents/Codex/2026-05-30/new-chat/policy-tracker/data/images/318/umobile.jpg
2025-06-24 10:13:02,319,케이엘모바일_부성정책_ 6월 24일_ 2-1차 정책,hello,,,30000,100000,needs_review,/Users/jinwoo/Documents/Codex/2026-05-30/new-chat/policy-tracker/data/images/319/hello.jpg
2025-06-24 10:13:02,319,케이엘모바일_부성정책_ 6월 24일_ 2-1차 정책,ktm,70000,70000,70000,70000,needs_review,/Users/jinwoo/Documents/Codex/2026-05-30/new-chat/policy-tracker/data/images/319/ktm.jpg
2025-06-24 10:13:02,319,케이엘모바일_부성정책_ 6월 24일_ 2-1차 정책,sk7,,,70000,70000,needs_review,/Users/jinwoo/Documents/Codex/2026-05-30/new-chat/policy-tracker/data/images/319/sk7.jpg
2025-06-24 10:13:02,319,케이엘모바일_부성정책_ 6월 24일_ 2-1차 정책,skylife,45000,80000,45000,95000,needs_review,/Users/jinwoo/Documents/Codex/2026-05-30/new-chat/policy-tracker/data/images/319/skylife.jpg
2025-06-24 10:13:02,319,케이엘모바일_부성정책_ 6월 24일_ 2-1차 정책,umobile,55000,55000,55000,55000,needs_review,/Users/jinwoo/Documents/Codex/2026-05-30/new-chat/policy-tracker/data/images/319/umobile.jpg
2025-06-28 10:34:31,320,케이엘모바일_부성정책_ 6월 28일_ 3차 정책,hello,,,30000,100000,needs_review,/Users/jinwoo/Documents/Codex/2026-05-30/new-chat/policy-tracker/data/images/320/hello.jpg
2025-06-28 10:34:31,320,케이엘모바일_부성정책_ 6월 28일_ 3차 정책,ktm,70000,70000,70000,70000,needs_review,/Users/jinwoo/Documents/Codex/2026-05-30/new-chat/policy-tracker/data/images/320/ktm.jpg
2025-06-28 10:34:31,320,케이엘모바일_부성정책_ 6월 28일_ 3차 정책,sk7,,,70000,70000,needs_review,/Users/jinwoo/Documents/Codex/2026-05-30/new-chat/policy-tracker/data/images/320/sk7.jpg
2025-06-28 10:34:31,320,케이엘모바일_부성정책_ 6월 28일_ 3차 정책,skylife,45000,80000,45000,95000,needs_review,/Users/jinwoo/Documents/Codex/2026-05-30/new-chat/policy-tracker/data/images/320/skylife.jpg
2025-06-28 10:34:31,320,케이엘모바일_부성정책_ 6월 28일_ 3차 정책,umobile,55000,55000,,,needs_review,/Users/jinwoo/Documents/Codex/2026-05-30/new-chat/policy-tracker/data/images/320/umobile.jpg
2025-07-01 13:29:25,321,케이엘모바일_부성정책_ 7월 1일_ 1차 정책,hello,30000,120000,30000,120000,manual_fixed,/Users/jinwoo/Documents/Codex/2026-05-30/new-chat/policy-tracker/data/images/321/hello.jpg
2025-07-01 13:29:25,321,케이엘모바일_부성정책_ 7월 1일_ 1차 정책,ktm,50000,100000,50000,110000,manual_fixed,/Users/jinwoo/Documents/Codex/2026-05-30/new-chat/policy-tracker/data/images/321/ktm.jpg
2025-07-01 13:29:25,321,케이엘모바일_부성정책_ 7월 1일_ 1차 정책,skylife,55000,90000,50000,120000,needs_review,/Users/jinwoo/Documents/Codex/2026-05-30/new-chat/policy-tracker/data/images/321/skylife.jpg
2025-07-01 13:29:25,321,케이엘모바일_부성정책_ 7월 1일_ 1차 정책,umobile,55000,110000,55000,120000,needs_review,/Users/jinwoo/Documents/Codex/2026-05-30/new-chat/policy-tracker/data/images/321/umobile.jpg
2025-07-02 11:17:19,323,케이엘모바일_부성정책_ 7월 2일_ 1-1차 정책_최종,hello,30000,120000,30000,120000,manual_fixed,/Users/jinwoo/Documents/Codex/2026-05-30/new-chat/policy-tracker/data/images/323/hello.jpg
2025-07-02 11:17:19,323,케이엘모바일_부성정책_ 7월 2일_ 1-1차 정책_최종,ktm,50000,100000,50000,110000,manual_fixed,/Users/jinwoo/Documents/Codex/2026-05-30/new-chat/policy-tracker/data/images/323/ktm.jpg
2025-07-02 11:17:19,323,케이엘모바일_부성정책_ 7월 2일_ 1-1차 정책_최종,skylife,55000,90000,50000,120000,needs_review,/Users/jinwoo/Documents/Codex/2026-05-30/new-chat/policy-tracker/data/images/323/skylife.jpg
2025-07-02 11:17:19,323,케이엘모바일_부성정책_ 7월 2일_ 1-1차 정책_최종,umobile,55000,55000,55000,55000,needs_review,/Users/jinwoo/Documents/Codex/2026-05-30/new-chat/policy-tracker/data/images/323/umobile.jpg
2025-07-03 11:31:53,324,케이엘모바일_부성정책_ 7월 3일_ 1-2차 정책,hello,30000,120000,30000,120000,manual_fixed,/Users/jinwoo/Documents/Codex/2026-05-30/new-chat/policy-tracker/data/images/324/hello.jpg
2025-07-03 11:31:53,324,케이엘모바일_부성정책_ 7월 3일_ 1-2차 정책,ktm,50000,100000,50000,110000,manual_fixed,/Users/jinwoo/Documents/Codex/2026-05-30/new-chat/policy-tracker/data/images/324/ktm.jpg
2025-07-03 11:31:53,324,케이엘모바일_부성정책_ 7월 3일_ 1-2차 정책,skylife,55000,90000,50000,120000,needs_review,/Users/jinwoo/Documents/Codex/2026-05-30/new-chat/policy-tracker/data/images/324/skylife.jpg
2025-07-03 11:31:53,324,케이엘모바일_부성정책_ 7월 3일_ 1-2차 정책,umobile,55000,55000,55000,55000,needs_review,/Users/jinwoo/Documents/Codex/2026-05-30/new-chat/policy-tracker/data/images/324/umobile.jpg
2025-07-03 14:48:20,326,케이엘모바일_부성정책_ 7월 3일_ 2차 정책(금일 소급적용),hello,30000,120000,30000,120000,manual_fixed,/Users/jinwoo/Documents/Codex/2026-05-30/new-chat/policy-tracker/data/images/326/hello.jpg
2025-07-03 14:48:20,326,케이엘모바일_부성정책_ 7월 3일_ 2차 정책(금일 소급적용),ktm,50000,100000,50000,110000,manual_fixed,/Users/jinwoo/Documents/Codex/2026-05-30/new-chat/policy-tracker/data/images/326/ktm.jpg
2025-07-03 14:48:20,326,케이엘모바일_부성정책_ 7월 3일_ 2차 정책(금일 소급적용),skylife,55000,90000,50000,120000,needs_review,/Users/jinwoo/Documents/Codex/2026-05-30/new-chat/policy-tracker/data/images/326/skylife.jpg
2025-07-03 14:48:20,326,케이엘모바일_부성정책_ 7월 3일_ 2차 정책(금일 소급적용),umobile,55000,55000,55000,55000,needs_review,/Users/jinwoo/Documents/Codex/2026-05-30/new-chat/policy-tracker/data/images/326/umobile.jpg
2025-07-04 12:06:53,327,케이엘모바일_부성정책_ 7월 4일_ 3차 정책,hello,30000,120000,30000,120000,manual_fixed,/Users/jinwoo/Documents/Codex/2026-05-30/new-chat/policy-tracker/data/images/327/hello.jpg
2025-07-04 12:06:53,327,케이엘모바일_부성정책_ 7월 4일_ 3차 정책,ktm,90000,150000,,,needs_review,/Users/jinwoo/Documents/Codex/2026-05-30/new-chat/policy-tracker/data/images/327/ktm.jpg
2025-07-04 12:06:53,327,케이엘모바일_부성정책_ 7월 4일_ 3차 정책,skylife,55000,90000,50000,100000,needs_review,/Users/jinwoo/Documents/Codex/2026-05-30/new-chat/policy-tracker/data/images/327/skylife.jpg
2025-07-04 12:06:53,327,케이엘모바일_부성정책_ 7월 4일_ 3차 정책,umobile,55000,55000,55000,55000,needs_review,/Users/jinwoo/Documents/Codex/2026-05-30/new-chat/policy-tracker/data/images/327/umobile.jpg
2025-07-05 10:14:23,328,케이엘모바일_부성정책_ 7월 5일_ 4차 정책,hello,30000,120000,30000,120000,needs_review,/Users/jinwoo/Documents/Codex/2026-05-30/new-chat/policy-tracker/data/images/328/hello.png
2025-07-05 10:14:23,328,케이엘모바일_부성정책_ 7월 5일_ 4차 정책,ktm,90000,150000,,,needs_review,/Users/jinwoo/Documents/Codex/2026-05-30/new-chat/policy-tracker/data/images/328/ktm.jpg
2025-07-05 10:14:23,328,케이엘모바일_부성정책_ 7월 5일_ 4차 정책,skylife,55000,90000,50000,100000,needs_review,/Users/jinwoo/Documents/Codex/2026-05-30/new-chat/policy-tracker/data/images/328/skylife.jpg
2025-07-05 10:14:23,328,케이엘모바일_부성정책_ 7월 5일_ 4차 정책,umobile,77000,162000,77000,172000,needs_review,/Users/jinwoo/Documents/Codex/2026-05-30/new-chat/policy-tracker/data/images/328/umobile.png
2025-07-08 10:11:15,330,케이엘모바일_부성정책_ 7월 8일_ 5차 정책,hello,30000,120000,30000,120000,needs_review,/Users/jinwoo/Documents/Codex/2026-05-30/new-chat/policy-tracker/data/images/330/hello.png
2025-07-08 10:11:15,330,케이엘모바일_부성정책_ 7월 8일_ 5차 정책,ktm,,,90000,160000,needs_review,/Users/jinwoo/Documents/Codex/2026-05-30/new-chat/policy-tracker/data/images/330/ktm.png
2025-07-08 10:11:15,330,케이엘모바일_부성정책_ 7월 8일_ 5차 정책,sk7,70000,70000,70000,70000,needs_review,/Users/jinwoo/Documents/Codex/2026-05-30/new-chat/policy-tracker/data/images/330/sk7.png
2025-07-08 10:11:15,330,케이엘모바일_부성정책_ 7월 8일_ 5차 정책,skylife,55000,90000,50000,100000,needs_review,/Users/jinwoo/Documents/Codex/2026-05-30/new-chat/policy-tracker/data/images/330/skylife.jpg
2025-07-08 10:11:15,330,케이엘모바일_부성정책_ 7월 8일_ 5차 정책,umobile,77000,162000,77000,172000,needs_review,/Users/jinwoo/Documents/Codex/2026-05-30/new-chat/policy-tracker/data/images/330/umobile.png
2025-07-11 11:02:15,331,케이엘모바일_부성정책_ 7월 11일_ 6차 정책,hello,30000,120000,30000,120000,needs_review,/Users/jinwoo/Documents/Codex/2026-05-30/new-chat/policy-tracker/data/images/331/hello.png
2025-07-11 11:02:15,331,케이엘모바일_부성정책_ 7월 11일_ 6차 정책,ktm,,,90000,160000,needs_review,/Users/jinwoo/Documents/Codex/2026-05-30/new-chat/policy-tracker/data/images/331/ktm.png
2025-07-11 11:02:15,331,케이엘모바일_부성정책_ 7월 11일_ 6차 정책,sk7,70000,70000,70000,70000,needs_review,/Users/jinwoo/Documents/Codex/2026-05-30/new-chat/policy-tracker/data/images/331/sk7.png
2025-07-11 11:02:15,331,케이엘모바일_부성정책_ 7월 11일_ 6차 정책,skylife,55000,55000,50000,50000,needs_review,/Users/jinwoo/Documents/Codex/2026-05-30/new-chat/policy-tracker/data/images/331/skylife.png
2025-07-11 11:02:15,331,케이엘모바일_부성정책_ 7월 11일_ 6차 정책,umobile,,,66000,66000,needs_review,/Users/jinwoo/Documents/Codex/2026-05-30/new-chat/policy-tracker/data/images/331/umobile.png
2025-07-15 10:17:48,332,케이엘모바일_부성정책_ 7월 15일_ 7차 정책,hello,30000,120000,30000,120000,needs_review,/Users/jinwoo/Documents/Codex/2026-05-30/new-chat/policy-tracker/data/images/332/hello.png
2025-07-15 10:17:48,332,케이엘모바일_부성정책_ 7월 15일_ 7차 정책,ktm,90000,150000,90000,160000,needs_review,/Users/jinwoo/Documents/Codex/2026-05-30/new-chat/policy-tracker/data/images/332/ktm.png
2025-07-15 10:17:48,332,케이엘모바일_부성정책_ 7월 15일_ 7차 정책,skylife,,,45000,95000,needs_review,/Users/jinwoo/Documents/Codex/2026-05-30/new-chat/policy-tracker/data/images/332/skylife.png
2025-07-15 10:17:48,332,케이엘모바일_부성정책_ 7월 15일_ 7차 정책,umobile,,,66000,66000,needs_review,/Users/jinwoo/Documents/Codex/2026-05-30/new-chat/policy-tracker/data/images/332/umobile.png
2025-07-17 10:10:18,333,케이엘모바일_부성정책_ 7월 17일_ 8차 정책,hello,30000,120000,30000,120000,needs_review,/Users/jinwoo/Documents/Codex/2026-05-30/new-chat/policy-tracker/data/images/333/hello.png
2025-07-17 10:10:18,333,케이엘모바일_부성정책_ 7월 17일_ 8차 정책,ktm,,,90000,160000,needs_review,/Users/jinwoo/Documents/Codex/2026-05-30/new-chat/policy-tracker/data/images/333/ktm.png
2025-07-17 10:10:18,333,케이엘모바일_부성정책_ 7월 17일_ 8차 정책,skylife,,,45000,95000,needs_review,/Users/jinwoo/Documents/Codex/2026-05-30/new-chat/policy-tracker/data/images/333/skylife.png
2025-07-17 10:10:18,333,케이엘모바일_부성정책_ 7월 17일_ 8차 정책,umobile,,,66000,66000,needs_review,/Users/jinwoo/Documents/Codex/2026-05-30/new-chat/policy-tracker/data/images/333/umobile.png
2025-07-23 12:09:52,334,케이엘모바일_부성정책_ 7월 23일_ 9차 정책,hello,30000,120000,30000,120000,needs_review,/Users/jinwoo/Documents/Codex/2026-05-30/new-chat/policy-tracker/data/images/334/hello.png
2025-07-23 12:09:52,334,케이엘모바일_부성정책_ 7월 23일_ 9차 정책,ktm,,,90000,160000,needs_review,/Users/jinwoo/Documents/Codex/2026-05-30/new-chat/policy-tracker/data/images/334/ktm.png
2025-07-23 12:09:52,334,케이엘모바일_부성정책_ 7월 23일_ 9차 정책,skylife,,,45000,95000,needs_review,/Users/jinwoo/Documents/Codex/2026-05-30/new-chat/policy-tracker/data/images/334/skylife.png
2025-07-23 12:09:52,334,케이엘모바일_부성정책_ 7월 23일_ 9차 정책,umobile,,,66000,66000,needs_review,/Users/jinwoo/Documents/Codex/2026-05-30/new-chat/policy-tracker/data/images/334/umobile.png
2025-08-01 12:00:59,335,케이엘모바일_부성정책_ 8월 1일_ 1차 정책,hello,30000,120000,30000,120000,needs_review,/Users/jinwoo/Documents/Codex/2026-05-30/new-chat/policy-tracker/data/images/335/hello.jpg
2025-08-01 12:00:59,335,케이엘모바일_부성정책_ 8월 1일_ 1차 정책,ktm,70000,120000,70000,130000,manual_fixed,/Users/jinwoo/Documents/Codex/2026-05-30/new-chat/policy-tracker/data/images/335/ktm.jpg
2025-08-01 12:00:59,335,케이엘모바일_부성정책_ 8월 1일_ 1차 정책,sk7,70000,100000,70000,110000,needs_review,/Users/jinwoo/Documents/Codex/2026-05-30/new-chat/policy-tracker/data/images/335/sk7.jpg
2025-08-01 12:00:59,335,케이엘모바일_부성정책_ 8월 1일_ 1차 정책,skylife,,,90000,110000,needs_review,/Users/jinwoo/Documents/Codex/2026-05-30/new-chat/policy-tracker/data/images/335/skylife.jpg
2025-08-01 12:00:59,335,케이엘모바일_부성정책_ 8월 1일_ 1차 정책,umobile,60000,90000,,,needs_review,/Users/jinwoo/Documents/Codex/2026-05-30/new-chat/policy-tracker/data/images/335/umobile.jpg
2025-08-02 10:47:18,336,케이엘모바일_부성정책_ 8월 2일_ 2차 정책,hello,30000,120000,30000,120000,needs_review,/Users/jinwoo/Documents/Codex/2026-05-30/new-chat/policy-tracker/data/images/336/hello.jpg
2025-08-02 10:47:18,336,케이엘모바일_부성정책_ 8월 2일_ 2차 정책,ktm,70000,120000,70000,130000,manual_fixed,/Users/jinwoo/Documents/Codex/2026-05-30/new-chat/policy-tracker/data/images/336/ktm.jpg
2025-08-02 10:47:18,336,케이엘모바일_부성정책_ 8월 2일_ 2차 정책,skylife,50000,80000,,,needs_review,/Users/jinwoo/Documents/Codex/2026-05-30/new-chat/policy-tracker/data/images/336/skylife.png
2025-08-02 10:47:18,336,케이엘모바일_부성정책_ 8월 2일_ 2차 정책,umobile,60000,60000,60000,60000,needs_review,/Users/jinwoo/Documents/Codex/2026-05-30/new-chat/policy-tracker/data/images/336/umobile.png
2025-08-07 13:50:25,339,케이엘모바일_부성정책_ 8월 7일_ 3차 정책,hello,30000,120000,30000,120000,needs_review,/Users/jinwoo/Documents/Codex/2026-05-30/new-chat/policy-tracker/data/images/339/hello.jpg
2025-08-07 13:50:25,339,케이엘모바일_부성정책_ 8월 7일_ 3차 정책,ktm,70000,120000,70000,130000,manual_fixed,/Users/jinwoo/Documents/Codex/2026-05-30/new-chat/policy-tracker/data/images/339/ktm.jpg
2025-08-07 13:50:25,339,케이엘모바일_부성정책_ 8월 7일_ 3차 정책,sk7,70000,130000,70000,140000,needs_review,/Users/jinwoo/Documents/Codex/2026-05-30/new-chat/policy-tracker/data/images/339/sk7.jpg
2025-08-07 13:50:25,339,케이엘모바일_부성정책_ 8월 7일_ 3차 정책,skylife,50000,80000,,,needs_review,/Users/jinwoo/Documents/Codex/2026-05-30/new-chat/policy-tracker/data/images/339/skylife.png
2025-08-07 13:50:25,339,케이엘모바일_부성정책_ 8월 7일_ 3차 정책,umobile,60000,60000,60000,60000,needs_review,/Users/jinwoo/Documents/Codex/2026-05-30/new-chat/policy-tracker/data/images/339/umobile.png
2025-08-13 12:50:24,340,케이엘모바일_부성정책_ 8월 13일_ 4차 정책,hello,30000,120000,30000,120000,needs_review,/Users/jinwoo/Documents/Codex/2026-05-30/new-chat/policy-tracker/data/images/340/hello.jpg
2025-08-13 12:50:24,340,케이엘모바일_부성정책_ 8월 13일_ 4차 정책,ktm,70000,120000,70000,130000,manual_fixed,/Users/jinwoo/Documents/Codex/2026-05-30/new-chat/policy-tracker/data/images/340/ktm.jpg
2025-08-13 12:50:24,340,케이엘모바일_부성정책_ 8월 13일_ 4차 정책,sk7,70000,130000,70000,140000,needs_review,/Users/jinwoo/Documents/Codex/2026-05-30/new-chat/policy-tracker/data/images/340/sk7.jpg
2025-08-13 12:50:24,340,케이엘모바일_부성정책_ 8월 13일_ 4차 정책,skylife,50000,80000,,,needs_review,/Users/jinwoo/Documents/Codex/2026-05-30/new-chat/policy-tracker/data/images/340/skylife.png
2025-08-13 12:50:24,340,케이엘모바일_부성정책_ 8월 13일_ 4차 정책,umobile,60000,60000,60000,60000,needs_review,/Users/jinwoo/Documents/Codex/2026-05-30/new-chat/policy-tracker/data/images/340/umobile.png
2025-08-14 12:14:56,341,케이엘모바일_부성정책_ 8월 14일_ 5차 정책,hello,30000,120000,30000,120000,needs_review,/Users/jinwoo/Documents/Codex/2026-05-30/new-chat/policy-tracker/data/images/341/hello.jpg
2025-08-14 12:14:56,341,케이엘모바일_부성정책_ 8월 14일_ 5차 정책,ktm,70000,120000,70000,130000,manual_fixed,/Users/jinwoo/Documents/Codex/2026-05-30/new-chat/policy-tracker/data/images/341/ktm.jpg
2025-08-14 12:14:56,341,케이엘모바일_부성정책_ 8월 14일_ 5차 정책,sk7,70000,130000,70000,140000,needs_review,/Users/jinwoo/Documents/Codex/2026-05-30/new-chat/policy-tracker/data/images/341/sk7.jpg
2025-08-14 12:14:56,341,케이엘모바일_부성정책_ 8월 14일_ 5차 정책,skylife,50000,80000,,,needs_review,/Users/jinwoo/Documents/Codex/2026-05-30/new-chat/policy-tracker/data/images/341/skylife.png
2025-08-14 12:14:56,341,케이엘모바일_부성정책_ 8월 14일_ 5차 정책,umobile,60000,60000,60000,60000,needs_review,/Users/jinwoo/Documents/Codex/2026-05-30/new-chat/policy-tracker/data/images/341/umobile.jpg
2025-08-15 10:35:18,342,케이엘모바일_부성정책_ 8월 15일_ 6차 정책,hello,30000,120000,30000,120000,needs_review,/Users/jinwoo/Documents/Codex/2026-05-30/new-chat/policy-tracker/data/images/342/hello.jpg
2025-08-15 10:35:18,342,케이엘모바일_부성정책_ 8월 15일_ 6차 정책,ktm,130000,130000,,,needs_review,/Users/jinwoo/Documents/Codex/2026-05-30/new-chat/policy-tracker/data/images/342/ktm.jpg
2025-08-15 10:35:18,342,케이엘모바일_부성정책_ 8월 15일_ 6차 정책,sk7,70000,130000,70000,140000,needs_review,/Users/jinwoo/Documents/Codex/2026-05-30/new-chat/policy-tracker/data/images/342/sk7.jpg
2025-08-15 10:35:18,342,케이엘모바일_부성정책_ 8월 15일_ 6차 정책,skylife,50000,80000,,,needs_review,/Users/jinwoo/Documents/Codex/2026-05-30/new-chat/policy-tracker/data/images/342/skylife.png
2025-08-15 10:35:18,342,케이엘모바일_부성정책_ 8월 15일_ 6차 정책,umobile,60000,60000,60000,60000,needs_review,/Users/jinwoo/Documents/Codex/2026-05-30/new-chat/policy-tracker/data/images/342/umobile.jpg
2025-08-21 10:06:16,343,케이엘모바일_부성정책_ 8월 21일_ 7차 정책,hello,30000,120000,30000,120000,needs_review,/Users/jinwoo/Documents/Codex/2026-05-30/new-chat/policy-tracker/data/images/343/hello.jpg
2025-08-21 10:06:16,343,케이엘모바일_부성정책_ 8월 21일_ 7차 정책,ktm,130000,130000,,,needs_review,/Users/jinwoo/Documents/Codex/2026-05-30/new-chat/policy-tracker/data/images/343/ktm.jpg
2025-08-21 10:06:16,343,케이엘모바일_부성정책_ 8월 21일_ 7차 정책,sk7,70000,70000,70000,70000,needs_review,/Users/jinwoo/Documents/Codex/2026-05-30/new-chat/policy-tracker/data/images/343/sk7.jpg
2025-08-21 10:06:16,343,케이엘모바일_부성정책_ 8월 21일_ 7차 정책,skylife,50000,80000,,,needs_review,/Users/jinwoo/Documents/Codex/2026-05-30/new-chat/policy-tracker/data/images/343/skylife.png
2025-08-21 10:06:16,343,케이엘모바일_부성정책_ 8월 21일_ 7차 정책,umobile,60000,60000,60000,60000,needs_review,/Users/jinwoo/Documents/Codex/2026-05-30/new-chat/policy-tracker/data/images/343/umobile.jpg
2025-08-21 12:27:28,344,케이엘모바일_부성정책_ 8월 21일_ 7차 정책(수정),hello,30000,120000,30000,120000,needs_review,/Users/jinwoo/Documents/Codex/2026-05-30/new-chat/policy-tracker/data/images/344/hello.jpg
2025-08-21 12:27:28,344,케이엘모바일_부성정책_ 8월 21일_ 7차 정책(수정),ktm,130000,130000,,,needs_review,/Users/jinwoo/Documents/Codex/2026-05-30/new-chat/policy-tracker/data/images/344/ktm.jpg
2025-08-21 12:27:28,344,케이엘모바일_부성정책_ 8월 21일_ 7차 정책(수정),sk7,80000,150000,80000,160000,manual_fixed,/Users/jinwoo/Documents/Codex/2026-05-30/new-chat/policy-tracker/data/images/344/sk7.jpg
2025-08-21 12:27:28,344,케이엘모바일_부성정책_ 8월 21일_ 7차 정책(수정),skylife,50000,80000,,,needs_review,/Users/jinwoo/Documents/Codex/2026-05-30/new-chat/policy-tracker/data/images/344/skylife.png
2025-08-21 12:27:28,344,케이엘모바일_부성정책_ 8월 21일_ 7차 정책(수정),umobile,60000,60000,60000,60000,needs_review,/Users/jinwoo/Documents/Codex/2026-05-30/new-chat/policy-tracker/data/images/344/umobile.jpg
2025-08-22 11:01:52,345,케이엘모바일_부성정책_ 8월 22일_ 8차 정책,hello,30000,120000,30000,120000,needs_review,/Users/jinwoo/Documents/Codex/2026-05-30/new-chat/policy-tracker/data/images/345/hello.jpg
2025-08-22 11:01:52,345,케이엘모바일_부성정책_ 8월 22일_ 8차 정책,ktm,130000,130000,,,needs_review,/Users/jinwoo/Documents/Codex/2026-05-30/new-chat/policy-tracker/data/images/345/ktm.jpg
2025-08-22 11:01:52,345,케이엘모바일_부성정책_ 8월 22일_ 8차 정책,sk7,80000,150000,80000,160000,manual_fixed,/Users/jinwoo/Documents/Codex/2026-05-30/new-chat/policy-tracker/data/images/345/sk7.jpg
2025-08-22 11:01:52,345,케이엘모바일_부성정책_ 8월 22일_ 8차 정책,skylife,50000,80000,,,needs_review,/Users/jinwoo/Documents/Codex/2026-05-30/new-chat/policy-tracker/data/images/345/skylife.png
2025-08-22 11:01:52,345,케이엘모바일_부성정책_ 8월 22일_ 8차 정책,umobile,60000,60000,60000,60000,needs_review,/Users/jinwoo/Documents/Codex/2026-05-30/new-chat/policy-tracker/data/images/345/umobile.jpg
2025-08-27 12:22:56,346,케이엘모바일_부성정책_ 8월 27일_ 9차 정책,hello,30000,120000,30000,120000,needs_review,/Users/jinwoo/Documents/Codex/2026-05-30/new-chat/policy-tracker/data/images/346/hello.jpg
2025-08-27 12:22:56,346,케이엘모바일_부성정책_ 8월 27일_ 9차 정책,ktm,130000,130000,,,needs_review,/Users/jinwoo/Documents/Codex/2026-05-30/new-chat/policy-tracker/data/images/346/ktm.jpg
2025-08-27 12:22:56,346,케이엘모바일_부성정책_ 8월 27일_ 9차 정책,sk7,,,160000,160000,needs_review,/Users/jinwoo/Documents/Codex/2026-05-30/new-chat/policy-tracker/data/images/346/sk7.jpg
2025-08-27 12:22:56,346,케이엘모바일_부성정책_ 8월 27일_ 9차 정책,skylife,50000,80000,,,needs_review,/Users/jinwoo/Documents/Codex/2026-05-30/new-chat/policy-tracker/data/images/346/skylife.png
2025-08-27 12:22:56,346,케이엘모바일_부성정책_ 8월 27일_ 9차 정책,umobile,60000,60000,60000,60000,needs_review,/Users/jinwoo/Documents/Codex/2026-05-30/new-chat/policy-tracker/data/images/346/umobile.jpg
2025-08-28 13:06:30,347,케이엘모바일_부성정책_ 8월 28일_ 10차 정책,hello,30000,120000,30000,120000,needs_review,/Users/jinwoo/Documents/Codex/2026-05-30/new-chat/policy-tracker/data/images/347/hello.jpg
2025-08-28 13:06:30,347,케이엘모바일_부성정책_ 8월 28일_ 10차 정책,ktm,130000,130000,,,needs_review,/Users/jinwoo/Documents/Codex/2026-05-30/new-chat/policy-tracker/data/images/347/ktm.jpg
2025-08-28 13:06:30,347,케이엘모바일_부성정책_ 8월 28일_ 10차 정책,sk7,,,160000,160000,needs_review,/Users/jinwoo/Documents/Codex/2026-05-30/new-chat/policy-tracker/data/images/347/sk7.jpg
2025-08-28 13:06:30,347,케이엘모바일_부성정책_ 8월 28일_ 10차 정책,skylife,50000,80000,,,needs_review,/Users/jinwoo/Documents/Codex/2026-05-30/new-chat/policy-tracker/data/images/347/skylife.png
2025-08-28 13:06:30,347,케이엘모바일_부성정책_ 8월 28일_ 10차 정책,umobile,60000,142000,,,needs_review,/Users/jinwoo/Documents/Codex/2026-05-30/new-chat/policy-tracker/data/images/347/umobile.jpg
2025-09-01 12:11:21,348,케이엘모바일_부성정책_ 9월 1일_ 1차 정책,hello,30000,130000,30000,120000,needs_review,/Users/jinwoo/Documents/Codex/2026-05-30/new-chat/policy-tracker/data/images/348/hello.png
2025-09-01 12:11:21,348,케이엘모바일_부성정책_ 9월 1일_ 1차 정책,ktm,65000,95000,75000,115000,needs_review,/Users/jinwoo/Documents/Codex/2026-05-30/new-chat/policy-tracker/data/images/348/ktm.png
2025-09-01 12:11:21,348,케이엘모바일_부성정책_ 9월 1일_ 1차 정책,sk7,100000,100000,,,needs_review,/Users/jinwoo/Documents/Codex/2026-05-30/new-chat/policy-tracker/data/images/348/sk7.png
2025-09-01 12:11:21,348,케이엘모바일_부성정책_ 9월 1일_ 1차 정책,skylife,55000,100000,65000,110000,needs_review,/Users/jinwoo/Documents/Codex/2026-05-30/new-chat/policy-tracker/data/images/348/skylife.png
2025-09-01 12:11:21,348,케이엘모바일_부성정책_ 9월 1일_ 1차 정책,umobile,70000,120000,,,needs_review,/Users/jinwoo/Documents/Codex/2026-05-30/new-chat/policy-tracker/data/images/348/umobile.png
2025-09-01 18:26:33,349,케이엘모바일_부성정책_ 9월 1일_ 1차 정책(수정),hello,30000,130000,30000,120000,needs_review,/Users/jinwoo/Documents/Codex/2026-05-30/new-chat/policy-tracker/data/images/349/hello.png
2025-09-01 18:26:33,349,케이엘모바일_부성정책_ 9월 1일_ 1차 정책(수정),ktm,,,90000,90000,needs_review,/Users/jinwoo/Documents/Codex/2026-05-30/new-chat/policy-tracker/data/images/349/ktm.png
2025-09-01 18:26:33,349,케이엘모바일_부성정책_ 9월 1일_ 1차 정책(수정),sk7,100000,100000,,,needs_review,/Users/jinwoo/Documents/Codex/2026-05-30/new-chat/policy-tracker/data/images/349/sk7.png
2025-09-01 18:26:33,349,케이엘모바일_부성정책_ 9월 1일_ 1차 정책(수정),skylife,55000,55000,,,needs_review,/Users/jinwoo/Documents/Codex/2026-05-30/new-chat/policy-tracker/data/images/349/skylife.png
2025-09-01 18:26:33,349,케이엘모바일_부성정책_ 9월 1일_ 1차 정책(수정),umobile,,,70000,132000,needs_review,/Users/jinwoo/Documents/Codex/2026-05-30/new-chat/policy-tracker/data/images/349/umobile.png
2025-09-03 11:03:13,350,케이엘모바일_부성정책_ 9월 3일_ 2차 정책,hello,30000,130000,30000,120000,needs_review,/Users/jinwoo/Documents/Codex/2026-05-30/new-chat/policy-tracker/data/images/350/hello.png
2025-09-03 11:03:13,350,케이엘모바일_부성정책_ 9월 3일_ 2차 정책,ktm,,,90000,90000,needs_review,/Users/jinwoo/Documents/Codex/2026-05-30/new-chat/policy-tracker/data/images/350/ktm.png
2025-09-03 11:03:13,350,케이엘모바일_부성정책_ 9월 3일_ 2차 정책,sk7,80000,80000,80000,80000,needs_review,/Users/jinwoo/Documents/Codex/2026-05-30/new-chat/policy-tracker/data/images/350/sk7.png
2025-09-03 11:03:13,350,케이엘모바일_부성정책_ 9월 3일_ 2차 정책,skylife,55000,55000,,,needs_review,/Users/jinwoo/Documents/Codex/2026-05-30/new-chat/policy-tracker/data/images/350/skylife.png
2025-09-03 11:03:13,350,케이엘모바일_부성정책_ 9월 3일_ 2차 정책,umobile,,,70000,70000,needs_review,/Users/jinwoo/Documents/Codex/2026-05-30/new-chat/policy-tracker/data/images/350/umobile.png
2025-09-03 14:35:04,351,케이엘모바일_부성정책_ 9월 3일_ 2-1차 정책,hello,30000,130000,30000,120000,needs_review,/Users/jinwoo/Documents/Codex/2026-05-30/new-chat/policy-tracker/data/images/351/hello.png
2025-09-03 14:35:04,351,케이엘모바일_부성정책_ 9월 3일_ 2-1차 정책,ktm,,,90000,90000,needs_review,/Users/jinwoo/Documents/Codex/2026-05-30/new-chat/policy-tracker/data/images/351/ktm.png
2025-09-03 14:35:04,351,케이엘모바일_부성정책_ 9월 3일_ 2-1차 정책,sk7,80000,80000,80000,80000,needs_review,/Users/jinwoo/Documents/Codex/2026-05-30/new-chat/policy-tracker/data/images/351/sk7.png
2025-09-03 14:35:04,351,케이엘모바일_부성정책_ 9월 3일_ 2-1차 정책,skylife,55000,55000,,,needs_review,/Users/jinwoo/Documents/Codex/2026-05-30/new-chat/policy-tracker/data/images/351/skylife.png
2025-09-03 14:35:04,351,케이엘모바일_부성정책_ 9월 3일_ 2-1차 정책,umobile,70000,70000,,,needs_review,/Users/jinwoo/Documents/Codex/2026-05-30/new-chat/policy-tracker/data/images/351/umobile.png
2025-09-04 10:09:25,352,케이엘모바일_부성정책_ 9월 4일_ 3차 정책,hello,30000,130000,30000,120000,needs_review,/Users/jinwoo/Documents/Codex/2026-05-30/new-chat/policy-tracker/data/images/352/hello.png
2025-09-04 10:09:25,352,케이엘모바일_부성정책_ 9월 4일_ 3차 정책,ktm,,,90000,90000,needs_review,/Users/jinwoo/Documents/Codex/2026-05-30/new-chat/policy-tracker/data/images/352/ktm.png
2025-09-04 10:09:25,352,케이엘모바일_부성정책_ 9월 4일_ 3차 정책,sk7,80000,80000,80000,80000,needs_review,/Users/jinwoo/Documents/Codex/2026-05-30/new-chat/policy-tracker/data/images/352/sk7.png
2025-09-04 10:09:25,352,케이엘모바일_부성정책_ 9월 4일_ 3차 정책,skylife,55000,55000,,,needs_review,/Users/jinwoo/Documents/Codex/2026-05-30/new-chat/policy-tracker/data/images/352/skylife.png
2025-09-04 10:09:25,352,케이엘모바일_부성정책_ 9월 4일_ 3차 정책,umobile,70000,100000,70000,110000,manual_fixed,/Users/jinwoo/Documents/Codex/2026-05-30/new-chat/policy-tracker/data/images/352/umobile.png
2025-09-06 11:02:27,353,케이엘모바일_부성정책_ 9월 6일_ 4차 정책,hello,30000,120000,30000,120000,needs_review,/Users/jinwoo/Documents/Codex/2026-05-30/new-chat/policy-tracker/data/images/353/hello.png
2025-09-06 11:02:27,353,케이엘모바일_부성정책_ 9월 6일_ 4차 정책,ktm,90000,90000,90000,90000,needs_review,/Users/jinwoo/Documents/Codex/2026-05-30/new-chat/policy-tracker/data/images/353/ktm.png
2025-09-06 11:02:27,353,케이엘모바일_부성정책_ 9월 6일_ 4차 정책,sk7,100000,100000,,,needs_review,/Users/jinwoo/Documents/Codex/2026-05-30/new-chat/policy-tracker/data/images/353/sk7.png
2025-09-06 11:02:27,353,케이엘모바일_부성정책_ 9월 6일_ 4차 정책,skylife,55000,55000,55000,90000,needs_review,/Users/jinwoo/Documents/Codex/2026-05-30/new-chat/policy-tracker/data/images/353/skylife.png
2025-09-06 11:02:27,353,케이엘모바일_부성정책_ 9월 6일_ 4차 정책,umobile,,,70000,70000,needs_review,/Users/jinwoo/Documents/Codex/2026-05-30/new-chat/policy-tracker/data/images/353/umobile.png
2025-09-17 11:15:27,355,케이엘모바일_부성정책_ 9월 17일_ 5차 정책,hello,30000,120000,30000,120000,needs_review,/Users/jinwoo/Documents/Codex/2026-05-30/new-chat/policy-tracker/data/images/355/hello.jpg
2025-09-17 11:15:27,355,케이엘모바일_부성정책_ 9월 17일_ 5차 정책,ktm,80000,125000,90000,90000,needs_review,/Users/jinwoo/Documents/Codex/2026-05-30/new-chat/policy-tracker/data/images/355/ktm.jpg
2025-09-17 11:15:27,355,케이엘모바일_부성정책_ 9월 17일_ 5차 정책,sk7,100000,130000,100000,140000,needs_review,/Users/jinwoo/Documents/Codex/2026-05-30/new-chat/policy-tracker/data/images/355/sk7.jpg
2025-09-17 11:15:27,355,케이엘모바일_부성정책_ 9월 17일_ 5차 정책,skylife,45000,80000,55000,90000,needs_review,/Users/jinwoo/Documents/Codex/2026-05-30/new-chat/policy-tracker/data/images/355/skylife.jpg
2025-09-17 11:15:27,355,케이엘모바일_부성정책_ 9월 17일_ 5차 정책,umobile,70000,162000,70000,173000,needs_review,/Users/jinwoo/Documents/Codex/2026-05-30/new-chat/policy-tracker/data/images/355/umobile.jpg
2025-09-17 16:34:22,356,케이엘모바일_부성정책_ 9월 17일_ 6차 정책,hello,30000,120000,30000,120000,needs_review,/Users/jinwoo/Documents/Codex/2026-05-30/new-chat/policy-tracker/data/images/356/hello.jpg
2025-09-17 16:34:22,356,케이엘모바일_부성정책_ 9월 17일_ 6차 정책,ktm,80000,125000,90000,90000,needs_review,/Users/jinwoo/Documents/Codex/2026-05-30/new-chat/policy-tracker/data/images/356/ktm.jpg
2025-09-17 16:34:22,356,케이엘모바일_부성정책_ 9월 17일_ 6차 정책,sk7,100000,130000,100000,140000,needs_review,/Users/jinwoo/Documents/Codex/2026-05-30/new-chat/policy-tracker/data/images/356/sk7.jpg
2025-09-17 16:34:22,356,케이엘모바일_부성정책_ 9월 17일_ 6차 정책,skylife,45000,80000,55000,90000,needs_review,/Users/jinwoo/Documents/Codex/2026-05-30/new-chat/policy-tracker/data/images/356/skylife.jpg
2025-09-17 16:34:22,356,케이엘모바일_부성정책_ 9월 17일_ 6차 정책,umobile,70000,70000,,,needs_review,/Users/jinwoo/Documents/Codex/2026-05-30/new-chat/policy-tracker/data/images/356/umobile.png
2025-09-18 10:45:40,359,케이엘모바일_부성정책_ 9월 18일_ 7차 정책,hello,30000,120000,30000,120000,needs_review,/Users/jinwoo/Documents/Codex/2026-05-30/new-chat/policy-tracker/data/images/359/hello.png
2025-09-18 10:45:40,359,케이엘모바일_부성정책_ 9월 18일_ 7차 정책,ktm,80000,125000,90000,90000,needs_review,/Users/jinwoo/Documents/Codex/2026-05-30/new-chat/policy-tracker/data/images/359/ktm.png
2025-09-18 10:45:40,359,케이엘모바일_부성정책_ 9월 18일_ 7차 정책,sk7,100000,130000,100000,140000,needs_review,/Users/jinwoo/Documents/Codex/2026-05-30/new-chat/policy-tracker/data/images/359/sk7.jpg
2025-09-18 10:45:40,359,케이엘모바일_부성정책_ 9월 18일_ 7차 정책,skylife,45000,80000,55000,90000,needs_review,/Users/jinwoo/Documents/Codex/2026-05-30/new-chat/policy-tracker/data/images/359/skylife.jpg
2025-09-18 10:45:40,359,케이엘모바일_부성정책_ 9월 18일_ 7차 정책,umobile,70000,70000,,,needs_review,/Users/jinwoo/Documents/Codex/2026-05-30/new-chat/policy-tracker/data/images/359/umobile.png
2025-09-19 13:15:00,360,케이엘모바일_부성정책_ 9월 19일_ 8차 정책,hello,30000,120000,30000,120000,needs_review,/Users/jinwoo/Documents/Codex/2026-05-30/new-chat/policy-tracker/data/images/360/hello.png
2025-09-19 13:15:00,360,케이엘모바일_부성정책_ 9월 19일_ 8차 정책,ktm,90000,160000,90000,170000,manual_fixed,/Users/jinwoo/Documents/Codex/2026-05-30/new-chat/policy-tracker/data/images/360/ktm.png
2025-09-19 13:15:00,360,케이엘모바일_부성정책_ 9월 19일_ 8차 정책,sk7,100000,130000,100000,140000,needs_review,/Users/jinwoo/Documents/Codex/2026-05-30/new-chat/policy-tracker/data/images/360/sk7.jpg
2025-09-19 13:15:00,360,케이엘모바일_부성정책_ 9월 19일_ 8차 정책,skylife,45000,80000,55000,90000,needs_review,/Users/jinwoo/Documents/Codex/2026-05-30/new-chat/policy-tracker/data/images/360/skylife.jpg
2025-09-19 13:15:00,360,케이엘모바일_부성정책_ 9월 19일_ 8차 정책,umobile,70000,70000,,,needs_review,/Users/jinwoo/Documents/Codex/2026-05-30/new-chat/policy-tracker/data/images/360/umobile.png
2025-09-19 15:20:01,361,케이엘모바일_부성정책_ 9월 19일_ 9차 정책,hello,30000,120000,30000,120000,needs_review,/Users/jinwoo/Documents/Codex/2026-05-30/new-chat/policy-tracker/data/images/361/hello.png
2025-09-19 15:20:01,361,케이엘모바일_부성정책_ 9월 19일_ 9차 정책,ktm,90000,160000,90000,170000,manual_fixed,/Users/jinwoo/Documents/Codex/2026-05-30/new-chat/policy-tracker/data/images/361/ktm.png
2025-09-19 15:20:01,361,케이엘모바일_부성정책_ 9월 19일_ 9차 정책,sk7,100000,100000,,,needs_review,/Users/jinwoo/Documents/Codex/2026-05-30/new-chat/policy-tracker/data/images/361/sk7.jpg
2025-09-19 15:20:01,361,케이엘모바일_부성정책_ 9월 19일_ 9차 정책,skylife,45000,80000,55000,90000,needs_review,/Users/jinwoo/Documents/Codex/2026-05-30/new-chat/policy-tracker/data/images/361/skylife.jpg
2025-09-19 15:20:01,361,케이엘모바일_부성정책_ 9월 19일_ 9차 정책,umobile,70000,70000,,,needs_review,/Users/jinwoo/Documents/Codex/2026-05-30/new-chat/policy-tracker/data/images/361/umobile.png
2025-09-20 10:11:04,362,케이엘모바일_부성정책_ 9월 20일_ 10차 정책,hello,30000,120000,30000,120000,needs_review,/Users/jinwoo/Documents/Codex/2026-05-30/new-chat/policy-tracker/data/images/362/hello.png
2025-09-20 10:11:04,362,케이엘모바일_부성정책_ 9월 20일_ 10차 정책,ktm,90000,90000,90000,90000,needs_review,/Users/jinwoo/Documents/Codex/2026-05-30/new-chat/policy-tracker/data/images/362/ktm.png
2025-09-20 10:11:04,362,케이엘모바일_부성정책_ 9월 20일_ 10차 정책,sk7,100000,100000,,,needs_review,/Users/jinwoo/Documents/Codex/2026-05-30/new-chat/policy-tracker/data/images/362/sk7.jpg
2025-09-20 10:11:04,362,케이엘모바일_부성정책_ 9월 20일_ 10차 정책,skylife,45000,80000,55000,90000,needs_review,/Users/jinwoo/Documents/Codex/2026-05-30/new-chat/policy-tracker/data/images/362/skylife.jpg
2025-09-20 10:11:04,362,케이엘모바일_부성정책_ 9월 20일_ 10차 정책,umobile,70000,70000,,,needs_review,/Users/jinwoo/Documents/Codex/2026-05-30/new-chat/policy-tracker/data/images/362/umobile.png
2025-09-23 12:18:22,363,케이엘모바일_부성정책_ 9월 23일_ 11차 정책,hello,30000,110000,30000,110000,manual_fixed,/Users/jinwoo/Documents/Codex/2026-05-30/new-chat/policy-tracker/data/images/363/hello.png
2025-09-23 12:18:22,363,케이엘모바일_부성정책_ 9월 23일_ 11차 정책,ktm,70000,140000,,,needs_review,/Users/jinwoo/Documents/Codex/2026-05-30/new-chat/policy-tracker/data/images/363/ktm.png
2025-09-23 12:18:22,363,케이엘모바일_부성정책_ 9월 23일_ 11차 정책,sk7,100000,100000,,,needs_review,/Users/jinwoo/Documents/Codex/2026-05-30/new-chat/policy-tracker/data/images/363/sk7.jpg
2025-09-23 12:18:22,363,케이엘모바일_부성정책_ 9월 23일_ 11차 정책,skylife,55000,55000,,,needs_review,/Users/jinwoo/Documents/Codex/2026-05-30/new-chat/policy-tracker/data/images/363/skylife.png
2025-09-23 12:18:22,363,케이엘모바일_부성정책_ 9월 23일_ 11차 정책,umobile,70000,70000,,,needs_review,/Users/jinwoo/Documents/Codex/2026-05-30/new-chat/policy-tracker/data/images/363/umobile.png
2025-09-25 10:45:13,364,케이엘모바일_부성정책_ 9월 25일_ 12차 정책,hello,30000,110000,30000,110000,needs_review,/Users/jinwoo/Documents/Codex/2026-05-30/new-chat/policy-tracker/data/images/364/hello.png
2025-09-25 10:45:13,364,케이엘모바일_부성정책_ 9월 25일_ 12차 정책,ktm,120000,190000,120000,200000,needs_review,/Users/jinwoo/Documents/Codex/2026-05-30/new-chat/policy-tracker/data/images/364/ktm.png
2025-09-25 10:45:13,364,케이엘모바일_부성정책_ 9월 25일_ 12차 정책,sk7,100000,100000,,,needs_review,/Users/jinwoo/Documents/Codex/2026-05-30/new-chat/policy-tracker/data/images/364/sk7.jpg
2025-09-25 10:45:13,364,케이엘모바일_부성정책_ 9월 25일_ 12차 정책,skylife,55000,55000,,,needs_review,/Users/jinwoo/Documents/Codex/2026-05-30/new-chat/policy-tracker/data/images/364/skylife.png
2025-09-25 10:45:13,364,케이엘모바일_부성정책_ 9월 25일_ 12차 정책,umobile,,,70000,70000,needs_review,/Users/jinwoo/Documents/Codex/2026-05-30/new-chat/policy-tracker/data/images/364/umobile.png
2025-09-26 10:16:51,365,케이엘모바일_부성정책_ 9월 26일_ 13차 정책,hello,30000,110000,30000,110000,needs_review,/Users/jinwoo/Documents/Codex/2026-05-30/new-chat/policy-tracker/data/images/365/hello.png
2025-09-26 10:16:51,365,케이엘모바일_부성정책_ 9월 26일_ 13차 정책,ktm,120000,190000,120000,200000,needs_review,/Users/jinwoo/Documents/Codex/2026-05-30/new-chat/policy-tracker/data/images/365/ktm.png
2025-09-26 10:16:51,365,케이엘모바일_부성정책_ 9월 26일_ 13차 정책,sk7,100000,100000,100000,130000,needs_review,/Users/jinwoo/Documents/Codex/2026-05-30/new-chat/policy-tracker/data/images/365/sk7.png
2025-09-26 10:16:51,365,케이엘모바일_부성정책_ 9월 26일_ 13차 정책,skylife,55000,55000,,,needs_review,/Users/jinwoo/Documents/Codex/2026-05-30/new-chat/policy-tracker/data/images/365/skylife.png
2025-09-26 10:16:51,365,케이엘모바일_부성정책_ 9월 26일_ 13차 정책,umobile,,,70000,70000,needs_review,/Users/jinwoo/Documents/Codex/2026-05-30/new-chat/policy-tracker/data/images/365/umobile.png
2025-09-30 10:21:31,366,케이엘모바일_부성정책_ 9월 30일_ 14차 정책,hello,30000,110000,30000,110000,needs_review,/Users/jinwoo/Documents/Codex/2026-05-30/new-chat/policy-tracker/data/images/366/hello.png
2025-09-30 10:21:31,366,케이엘모바일_부성정책_ 9월 30일_ 14차 정책,ktm,130000,210000,130000,220000,needs_review,/Users/jinwoo/Documents/Codex/2026-05-30/new-chat/policy-tracker/data/images/366/ktm.png
2025-09-30 10:21:31,366,케이엘모바일_부성정책_ 9월 30일_ 14차 정책,sk7,100000,100000,100000,130000,needs_review,/Users/jinwoo/Documents/Codex/2026-05-30/new-chat/policy-tracker/data/images/366/sk7.png
2025-09-30 10:21:31,366,케이엘모바일_부성정책_ 9월 30일_ 14차 정책,skylife,55000,55000,,,needs_review,/Users/jinwoo/Documents/Codex/2026-05-30/new-chat/policy-tracker/data/images/366/skylife.png
2025-09-30 10:21:31,366,케이엘모바일_부성정책_ 9월 30일_ 14차 정책,umobile,,,70000,70000,needs_review,/Users/jinwoo/Documents/Codex/2026-05-30/new-chat/policy-tracker/data/images/366/umobile.png
2025-09-30 16:54:56,367,케이엘모바일_부성정책_ 9월 30일 16시30분~15차 정책,hello,30000,110000,30000,110000,needs_review,/Users/jinwoo/Documents/Codex/2026-05-30/new-chat/policy-tracker/data/images/367/hello.png
2025-09-30 16:54:56,367,케이엘모바일_부성정책_ 9월 30일 16시30분~15차 정책,ktm,,,120000,200000,needs_review,/Users/jinwoo/Documents/Codex/2026-05-30/new-chat/policy-tracker/data/images/367/ktm.png
2025-09-30 16:54:56,367,케이엘모바일_부성정책_ 9월 30일 16시30분~15차 정책,skylife,65000,180000,75000,190000,manual_fixed,/Users/jinwoo/Documents/Codex/2026-05-30/new-chat/policy-tracker/data/images/367/skylife.png
2025-09-30 16:54:56,367,케이엘모바일_부성정책_ 9월 30일 16시30분~15차 정책,umobile,,,70000,70000,needs_review,/Users/jinwoo/Documents/Codex/2026-05-30/new-chat/policy-tracker/data/images/367/umobile.png
2025-10-01 11:30:51,368,케이엘모바일_부성정책_ 10월 1일_ 1차 정책,hello,30000,110000,30000,120000,needs_review,/Users/jinwoo/Documents/Codex/2026-05-30/new-chat/policy-tracker/data/images/368/hello.png
2025-10-01 11:30:51,368,케이엘모바일_부성정책_ 10월 1일_ 1차 정책,ktm,60000,110000,60000,120000,needs_review,/Users/jinwoo/Documents/Codex/2026-05-30/new-chat/policy-tracker/data/images/368/ktm.png
2025-10-01 11:30:51,368,케이엘모바일_부성정책_ 10월 1일_ 1차 정책,sk7,80000,110000,,,needs_review,/Users/jinwoo/Documents/Codex/2026-05-30/new-chat/policy-tracker/data/images/368/sk7.png
2025-10-01 11:30:51,368,케이엘모바일_부성정책_ 10월 1일_ 1차 정책,skylife,55000,80000,,,needs_review,/Users/jinwoo/Documents/Codex/2026-05-30/new-chat/policy-tracker/data/images/368/skylife.png
2025-10-01 11:30:51,368,케이엘모바일_부성정책_ 10월 1일_ 1차 정책,umobile,60000,121000,60000,132000,needs_review,/Users/jinwoo/Documents/Codex/2026-05-30/new-chat/policy-tracker/data/images/368/umobile.png
2025-10-02 11:57:01,369,케이엘모바일_부성정책_ 10월 2일_ 2차 정책,hello,30000,110000,30000,120000,needs_review,/Users/jinwoo/Documents/Codex/2026-05-30/new-chat/policy-tracker/data/images/369/hello.png
2025-10-02 11:57:01,369,케이엘모바일_부성정책_ 10월 2일_ 2차 정책,ktm,80000,80000,80000,80000,needs_review,/Users/jinwoo/Documents/Codex/2026-05-30/new-chat/policy-tracker/data/images/369/ktm.png
2025-10-02 11:57:01,369,케이엘모바일_부성정책_ 10월 2일_ 2차 정책,sk7,80000,110000,,,needs_review,/Users/jinwoo/Documents/Codex/2026-05-30/new-chat/policy-tracker/data/images/369/sk7.png
2025-10-02 11:57:01,369,케이엘모바일_부성정책_ 10월 2일_ 2차 정책,skylife,,,65000,65000,needs_review,/Users/jinwoo/Documents/Codex/2026-05-30/new-chat/policy-tracker/data/images/369/skylife.png
2025-10-02 11:57:01,369,케이엘모바일_부성정책_ 10월 2일_ 2차 정책,umobile,60000,121000,60000,132000,needs_review,/Users/jinwoo/Documents/Codex/2026-05-30/new-chat/policy-tracker/data/images/369/umobile.png
2025-10-02 16:57:34,370,케이엘모바일_부성정책_ 10월 2일_ 2-1차 정책,hello,30000,110000,30000,120000,needs_review,/Users/jinwoo/Documents/Codex/2026-05-30/new-chat/policy-tracker/data/images/370/hello.png
2025-10-02 16:57:34,370,케이엘모바일_부성정책_ 10월 2일_ 2-1차 정책,ktm,80000,80000,80000,80000,needs_review,/Users/jinwoo/Documents/Codex/2026-05-30/new-chat/policy-tracker/data/images/370/ktm.png
2025-10-02 16:57:34,370,케이엘모바일_부성정책_ 10월 2일_ 2-1차 정책,skylife,,,65000,65000,needs_review,/Users/jinwoo/Documents/Codex/2026-05-30/new-chat/policy-tracker/data/images/370/skylife.png
2025-10-02 16:57:34,370,케이엘모바일_부성정책_ 10월 2일_ 2-1차 정책,umobile,60000,121000,60000,132000,needs_review,/Users/jinwoo/Documents/Codex/2026-05-30/new-chat/policy-tracker/data/images/370/umobile.png
2025-10-03 10:38:12,371,케이엘모바일_부성정책_ 10월 3일_ 3차 정책,hello,,,30000,120000,needs_review,/Users/jinwoo/Documents/Codex/2026-05-30/new-chat/policy-tracker/data/images/371/hello.png
2025-10-03 10:38:12,371,케이엘모바일_부성정책_ 10월 3일_ 3차 정책,ktm,80000,80000,80000,80000,needs_review,/Users/jinwoo/Documents/Codex/2026-05-30/new-chat/policy-tracker/data/images/371/ktm.png
2025-10-03 10:38:12,371,케이엘모바일_부성정책_ 10월 3일_ 3차 정책,skylife,,,65000,65000,needs_review,/Users/jinwoo/Documents/Codex/2026-05-30/new-chat/policy-tracker/data/images/371/skylife.png
2025-10-03 10:38:12,371,케이엘모바일_부성정책_ 10월 3일_ 3차 정책,umobile,70000,110000,,,needs_review,/Users/jinwoo/Documents/Codex/2026-05-30/new-chat/policy-tracker/data/images/371/umobile.png
2025-10-10 10:17:36,372,케이엘모바일_부성정책_ 10월 10일_ 4차 정책,hello,,,30000,120000,needs_review,/Users/jinwoo/Documents/Codex/2026-05-30/new-chat/policy-tracker/data/images/372/hello.png
2025-10-10 10:17:36,372,케이엘모바일_부성정책_ 10월 10일_ 4차 정책,ktm,80000,80000,80000,80000,needs_review,/Users/jinwoo/Documents/Codex/2026-05-30/new-chat/policy-tracker/data/images/372/ktm.png
2025-10-10 10:17:36,372,케이엘모바일_부성정책_ 10월 10일_ 4차 정책,sk7,,,80000,120000,needs_review,/Users/jinwoo/Documents/Codex/2026-05-30/new-chat/policy-tracker/data/images/372/sk7.png
2025-10-10 10:17:36,372,케이엘모바일_부성정책_ 10월 10일_ 4차 정책,skylife,,,65000,65000,needs_review,/Users/jinwoo/Documents/Codex/2026-05-30/new-chat/policy-tracker/data/images/372/skylife.png
2025-10-10 10:17:36,372,케이엘모바일_부성정책_ 10월 10일_ 4차 정책,umobile,70000,110000,,,needs_review,/Users/jinwoo/Documents/Codex/2026-05-30/new-chat/policy-tracker/data/images/372/umobile.png
2025-10-15 10:06:29,373,케이엘모바일_부성정책_ 10월 15일_ 5차 정책,hello,30000,110000,30000,120000,needs_review,/Users/jinwoo/Documents/Codex/2026-05-30/new-chat/policy-tracker/data/images/373/hello.png
2025-10-15 10:06:29,373,케이엘모바일_부성정책_ 10월 15일_ 5차 정책,ktm,80000,80000,80000,80000,needs_review,/Users/jinwoo/Documents/Codex/2026-05-30/new-chat/policy-tracker/data/images/373/ktm.png
2025-10-15 10:06:29,373,케이엘모바일_부성정책_ 10월 15일_ 5차 정책,sk7,,,80000,120000,needs_review,/Users/jinwoo/Documents/Codex/2026-05-30/new-chat/policy-tracker/data/images/373/sk7.png
2025-10-15 10:06:29,373,케이엘모바일_부성정책_ 10월 15일_ 5차 정책,skylife,,,65000,90000,needs_review,/Users/jinwoo/Documents/Codex/2026-05-30/new-chat/policy-tracker/data/images/373/skylife.png
2025-10-15 10:06:29,373,케이엘모바일_부성정책_ 10월 15일_ 5차 정책,umobile,70000,110000,,,needs_review,/Users/jinwoo/Documents/Codex/2026-05-30/new-chat/policy-tracker/data/images/373/umobile.png
2025-10-18 10:22:01,374,케이엘모바일_부성정책_ 10월 18일_ 6차 정책,hello,30000,110000,30000,120000,needs_review,/Users/jinwoo/Documents/Codex/2026-05-30/new-chat/policy-tracker/data/images/374/hello.png
2025-10-18 10:22:01,374,케이엘모바일_부성정책_ 10월 18일_ 6차 정책,ktm,80000,110000,80000,120000,needs_review,/Users/jinwoo/Documents/Codex/2026-05-30/new-chat/policy-tracker/data/images/374/ktm.png
2025-10-18 10:22:01,374,케이엘모바일_부성정책_ 10월 18일_ 6차 정책,sk7,,,80000,120000,needs_review,/Users/jinwoo/Documents/Codex/2026-05-30/new-chat/policy-tracker/data/images/374/sk7.png
2025-10-18 10:22:01,374,케이엘모바일_부성정책_ 10월 18일_ 6차 정책,skylife,,,65000,90000,needs_review,/Users/jinwoo/Documents/Codex/2026-05-30/new-chat/policy-tracker/data/images/374/skylife.png
2025-10-18 10:22:01,374,케이엘모바일_부성정책_ 10월 18일_ 6차 정책,umobile,70000,110000,,,needs_review,/Users/jinwoo/Documents/Codex/2026-05-30/new-chat/policy-tracker/data/images/374/umobile.png
2025-10-18 18:27:43,375,케이엘모바일_부성정책_ 10월 18일부터_ 6차 추가 정책,hello,30000,110000,30000,120000,needs_review,/Users/jinwoo/Documents/Codex/2026-05-30/new-chat/policy-tracker/data/images/375/hello.png
2025-10-18 18:27:43,375,케이엘모바일_부성정책_ 10월 18일부터_ 6차 추가 정책,ktm,80000,110000,80000,120000,needs_review,/Users/jinwoo/Documents/Codex/2026-05-30/new-chat/policy-tracker/data/images/375/ktm.png
2025-10-18 18:27:43,375,케이엘모바일_부성정책_ 10월 18일부터_ 6차 추가 정책,sk7,80000,80000,,,needs_review,/Users/jinwoo/Documents/Codex/2026-05-30/new-chat/policy-tracker/data/images/375/sk7.png
2025-10-18 18:27:43,375,케이엘모바일_부성정책_ 10월 18일부터_ 6차 추가 정책,skylife,,,65000,90000,needs_review,/Users/jinwoo/Documents/Codex/2026-05-30/new-chat/policy-tracker/data/images/375/skylife.png
2025-10-18 18:27:43,375,케이엘모바일_부성정책_ 10월 18일부터_ 6차 추가 정책,umobile,70000,70000,,,needs_review,/Users/jinwoo/Documents/Codex/2026-05-30/new-chat/policy-tracker/data/images/375/umobile.png
2025-10-21 10:24:18,376,케이엘모바일_부성정책_ 10월 21일부터_ 7차 정책,hello,,,30000,120000,needs_review,/Users/jinwoo/Documents/Codex/2026-05-30/new-chat/policy-tracker/data/images/376/hello.png
2025-10-21 10:24:18,376,케이엘모바일_부성정책_ 10월 21일부터_ 7차 정책,ktm,80000,110000,80000,140000,needs_review,/Users/jinwoo/Documents/Codex/2026-05-30/new-chat/policy-tracker/data/images/376/ktm.png
2025-10-21 10:24:18,376,케이엘모바일_부성정책_ 10월 21일부터_ 7차 정책,sk7,80000,110000,80000,120000,needs_review,/Users/jinwoo/Documents/Codex/2026-05-30/new-chat/policy-tracker/data/images/376/sk7.png
2025-10-21 10:24:18,376,케이엘모바일_부성정책_ 10월 21일부터_ 7차 정책,skylife,55000,80000,65000,90000,needs_review,/Users/jinwoo/Documents/Codex/2026-05-30/new-chat/policy-tracker/data/images/376/skylife.png
2025-10-21 10:24:18,376,케이엘모바일_부성정책_ 10월 21일부터_ 7차 정책,umobile,70000,70000,,,needs_review,/Users/jinwoo/Documents/Codex/2026-05-30/new-chat/policy-tracker/data/images/376/umobile.png
2025-10-21 15:21:23,377,케이엘모바일_부성정책_ 10월 21일부터_ 7차 정책(수정),hello,30000,110000,30000,120000,needs_review,/Users/jinwoo/Documents/Codex/2026-05-30/new-chat/policy-tracker/data/images/377/hello.png
2025-10-21 15:21:23,377,케이엘모바일_부성정책_ 10월 21일부터_ 7차 정책(수정),ktm,80000,110000,80000,140000,needs_review,/Users/jinwoo/Documents/Codex/2026-05-30/new-chat/policy-tracker/data/images/377/ktm.png
2025-10-21 15:21:23,377,케이엘모바일_부성정책_ 10월 21일부터_ 7차 정책(수정),sk7,80000,110000,80000,120000,needs_review,/Users/jinwoo/Documents/Codex/2026-05-30/new-chat/policy-tracker/data/images/377/sk7.png
2025-10-21 15:21:23,377,케이엘모바일_부성정책_ 10월 21일부터_ 7차 정책(수정),skylife,55000,80000,65000,90000,needs_review,/Users/jinwoo/Documents/Codex/2026-05-30/new-chat/policy-tracker/data/images/377/skylife.png
2025-10-21 15:21:23,377,케이엘모바일_부성정책_ 10월 21일부터_ 7차 정책(수정),umobile,70000,70000,70000,70000,needs_review,/Users/jinwoo/Documents/Codex/2026-05-30/new-chat/policy-tracker/data/images/377/umobile.png
2025-10-22 10:08:10,378,케이엘모바일_부성정책_ 10월 22일_ 8차 정책,hello,30000,110000,30000,120000,needs_review,/Users/jinwoo/Documents/Codex/2026-05-30/new-chat/policy-tracker/data/images/378/hello.png
2025-10-22 10:08:10,378,케이엘모바일_부성정책_ 10월 22일_ 8차 정책,ktm,,,80000,120000,needs_review,/Users/jinwoo/Documents/Codex/2026-05-30/new-chat/policy-tracker/data/images/378/ktm.png
2025-10-22 10:08:10,378,케이엘모바일_부성정책_ 10월 22일_ 8차 정책,sk7,80000,80000,,,needs_review,/Users/jinwoo/Documents/Codex/2026-05-30/new-chat/policy-tracker/data/images/378/sk7.png
2025-10-22 10:08:10,378,케이엘모바일_부성정책_ 10월 22일_ 8차 정책,skylife,55000,80000,65000,90000,needs_review,/Users/jinwoo/Documents/Codex/2026-05-30/new-chat/policy-tracker/data/images/378/skylife.png
2025-10-22 10:08:10,378,케이엘모바일_부성정책_ 10월 22일_ 8차 정책,umobile,70000,70000,70000,70000,needs_review,/Users/jinwoo/Documents/Codex/2026-05-30/new-chat/policy-tracker/data/images/378/umobile.png
2025-10-24 12:29:37,379,케이엘모바일_부성정책_ 10월 24일_ 9차 정책,hello,30000,110000,30000,120000,needs_review,/Users/jinwoo/Documents/Codex/2026-05-30/new-chat/policy-tracker/data/images/379/hello.png
2025-10-24 12:29:37,379,케이엘모바일_부성정책_ 10월 24일_ 9차 정책,ktm,,,60000,120000,needs_review,/Users/jinwoo/Documents/Codex/2026-05-30/new-chat/policy-tracker/data/images/379/ktm.png
2025-10-24 12:29:37,379,케이엘모바일_부성정책_ 10월 24일_ 9차 정책,skylife,55000,80000,65000,90000,needs_review,/Users/jinwoo/Documents/Codex/2026-05-30/new-chat/policy-tracker/data/images/379/skylife.png
2025-10-24 12:29:37,379,케이엘모바일_부성정책_ 10월 24일_ 9차 정책,umobile,,,55000,121000,needs_review,/Users/jinwoo/Documents/Codex/2026-05-30/new-chat/policy-tracker/data/images/379/umobile.png
2025-10-30 10:01:50,380,케이엘모바일_부성정책_ 10월 30일_ 10차 정책,hello,30000,110000,30000,120000,needs_review,/Users/jinwoo/Documents/Codex/2026-05-30/new-chat/policy-tracker/data/images/380/hello.png
2025-10-30 10:01:50,380,케이엘모바일_부성정책_ 10월 30일_ 10차 정책,ktm,,,60000,120000,needs_review,/Users/jinwoo/Documents/Codex/2026-05-30/new-chat/policy-tracker/data/images/380/ktm.png
2025-10-30 10:01:50,380,케이엘모바일_부성정책_ 10월 30일_ 10차 정책,sk7,80000,90000,80000,100000,manual_fixed,/Users/jinwoo/Documents/Codex/2026-05-30/new-chat/policy-tracker/data/images/380/sk7.png
2025-10-30 10:01:50,380,케이엘모바일_부성정책_ 10월 30일_ 10차 정책,skylife,55000,80000,65000,90000,needs_review,/Users/jinwoo/Documents/Codex/2026-05-30/new-chat/policy-tracker/data/images/380/skylife.png
2025-10-30 10:01:50,380,케이엘모바일_부성정책_ 10월 30일_ 10차 정책,umobile,,,55000,121000,needs_review,/Users/jinwoo/Documents/Codex/2026-05-30/new-chat/policy-tracker/data/images/380/umobile.png
2025-11-01 11:44:47,381,케이엘모바일_부성정책_ 11월 1일_ 1차 정책,hello,,,30000,120000,needs_review,/Users/jinwoo/Documents/Codex/2026-05-30/new-chat/policy-tracker/data/images/381/hello.png
2025-11-01 11:44:47,381,케이엘모바일_부성정책_ 11월 1일_ 1차 정책,ktm,60000,110000,,,needs_review,/Users/jinwoo/Documents/Codex/2026-05-30/new-chat/policy-tracker/data/images/381/ktm.png
2025-11-01 11:44:47,381,케이엘모바일_부성정책_ 11월 1일_ 1차 정책,sk7,,,80000,120000,needs_review,/Users/jinwoo/Documents/Codex/2026-05-30/new-chat/policy-tracker/data/images/381/sk7.png
2025-11-01 11:44:47,381,케이엘모바일_부성정책_ 11월 1일_ 1차 정책,skylife,55000,90000,65000,120000,needs_review,/Users/jinwoo/Documents/Codex/2026-05-30/new-chat/policy-tracker/data/images/381/skylife.png
2025-11-01 11:44:47,381,케이엘모바일_부성정책_ 11월 1일_ 1차 정책,umobile,55000,110000,55000,121000,needs_review,/Users/jinwoo/Documents/Codex/2026-05-30/new-chat/policy-tracker/data/images/381/umobile.png
2025-11-03 13:37:32,382,케이엘모바일_부성정책_ 11월 3일_ 2차 정책,hello,,,30000,120000,needs_review,/Users/jinwoo/Documents/Codex/2026-05-30/new-chat/policy-tracker/data/images/382/hello.png
2025-11-03 13:37:32,382,케이엘모바일_부성정책_ 11월 3일_ 2차 정책,ktm,60000,110000,,,needs_review,/Users/jinwoo/Documents/Codex/2026-05-30/new-chat/policy-tracker/data/images/382/ktm.png
2025-11-03 13:37:32,382,케이엘모바일_부성정책_ 11월 3일_ 2차 정책,skylife,55000,90000,,,needs_review,/Users/jinwoo/Documents/Codex/2026-05-30/new-chat/policy-tracker/data/images/382/skylife.png
2025-11-03 13:37:32,382,케이엘모바일_부성정책_ 11월 3일_ 2차 정책,umobile,55000,110000,55000,121000,needs_review,/Users/jinwoo/Documents/Codex/2026-05-30/new-chat/policy-tracker/data/images/382/umobile.png
2025-11-11 11:31:13,386,케이엘모바일_부성정책_ 11월 11일_ 3차 정책,hello,,,30000,120000,needs_review,/Users/jinwoo/Documents/Codex/2026-05-30/new-chat/policy-tracker/data/images/386/hello.png
2025-11-11 11:31:13,386,케이엘모바일_부성정책_ 11월 11일_ 3차 정책,ktm,60000,110000,,,needs_review,/Users/jinwoo/Documents/Codex/2026-05-30/new-chat/policy-tracker/data/images/386/ktm.png
2025-11-11 11:31:13,386,케이엘모바일_부성정책_ 11월 11일_ 3차 정책,skylife,,,65000,120000,needs_review,/Users/jinwoo/Documents/Codex/2026-05-30/new-chat/policy-tracker/data/images/386/skylife.png
2025-11-11 11:31:13,386,케이엘모바일_부성정책_ 11월 11일_ 3차 정책,umobile,55000,110000,55000,121000,needs_review,/Users/jinwoo/Documents/Codex/2026-05-30/new-chat/policy-tracker/data/images/386/umobile.png
2025-11-12 12:13:06,387,케이엘모바일_부성정책_ 11월 12일_ 4차 정책,hello,30000,100000,30000,110000,needs_review,/Users/jinwoo/Documents/Codex/2026-05-30/new-chat/policy-tracker/data/images/387/hello.png
2025-11-12 12:13:06,387,케이엘모바일_부성정책_ 11월 12일_ 4차 정책,ktm,60000,110000,,,needs_review,/Users/jinwoo/Documents/Codex/2026-05-30/new-chat/policy-tracker/data/images/387/ktm.png
2025-11-12 12:13:06,387,케이엘모바일_부성정책_ 11월 12일_ 4차 정책,skylife,,,65000,120000,needs_review,/Users/jinwoo/Documents/Codex/2026-05-30/new-chat/policy-tracker/data/images/387/skylife.png
2025-11-12 12:13:06,387,케이엘모바일_부성정책_ 11월 12일_ 4차 정책,umobile,55000,110000,55000,121000,needs_review,/Users/jinwoo/Documents/Codex/2026-05-30/new-chat/policy-tracker/data/images/387/umobile.png
2025-11-19 10:06:12,388,케이엘모바일_부성정책_ 11월 19일_ 5차 정책,hello,30000,100000,30000,110000,needs_review,/Users/jinwoo/Documents/Codex/2026-05-30/new-chat/policy-tracker/data/images/388/hello.png
2025-11-19 10:06:12,388,케이엘모바일_부성정책_ 11월 19일_ 5차 정책,ktm,60000,110000,,,needs_review,/Users/jinwoo/Documents/Codex/2026-05-30/new-chat/policy-tracker/data/images/388/ktm.png
2025-11-19 10:06:12,388,케이엘모바일_부성정책_ 11월 19일_ 5차 정책,skylife,55000,90000,65000,100000,needs_review,/Users/jinwoo/Documents/Codex/2026-05-30/new-chat/policy-tracker/data/images/388/skylife.png
2025-11-19 10:06:12,388,케이엘모바일_부성정책_ 11월 19일_ 5차 정책,umobile,55000,110000,55000,121000,needs_review,/Users/jinwoo/Documents/Codex/2026-05-30/new-chat/policy-tracker/data/images/388/umobile.png
2025-11-20 09:56:27,389,케이엘모바일_부성정책_ 11월 20일_ 6차 정책,hello,30000,100000,30000,110000,needs_review,/Users/jinwoo/Documents/Codex/2026-05-30/new-chat/policy-tracker/data/images/389/hello.png
2025-11-20 09:56:27,389,케이엘모바일_부성정책_ 11월 20일_ 6차 정책,ktm,60000,110000,,,needs_review,/Users/jinwoo/Documents/Codex/2026-05-30/new-chat/policy-tracker/data/images/389/ktm.png
2025-11-20 09:56:27,389,케이엘모바일_부성정책_ 11월 20일_ 6차 정책,skylife,55000,90000,65000,100000,needs_review,/Users/jinwoo/Documents/Codex/2026-05-30/new-chat/policy-tracker/data/images/389/skylife.png
2025-11-20 09:56:27,389,케이엘모바일_부성정책_ 11월 20일_ 6차 정책,umobile,55000,110000,55000,121000,needs_review,/Users/jinwoo/Documents/Codex/2026-05-30/new-chat/policy-tracker/data/images/389/umobile.png
2025-11-25 10:16:55,390,케이엘모바일_부성정책_ 11월 25일_ 7차 정책,hello,30000,100000,30000,110000,needs_review,/Users/jinwoo/Documents/Codex/2026-05-30/new-chat/policy-tracker/data/images/390/hello.png
2025-11-25 10:16:55,390,케이엘모바일_부성정책_ 11월 25일_ 7차 정책,ktm,60000,110000,,,needs_review,/Users/jinwoo/Documents/Codex/2026-05-30/new-chat/policy-tracker/data/images/390/ktm.png
2025-11-25 10:16:55,390,케이엘모바일_부성정책_ 11월 25일_ 7차 정책,sk7,110000,110000,120000,120000,needs_review,/Users/jinwoo/Documents/Codex/2026-05-30/new-chat/policy-tracker/data/images/390/sk7.png
2025-11-25 10:16:55,390,케이엘모바일_부성정책_ 11월 25일_ 7차 정책,skylife,55000,90000,65000,100000,needs_review,/Users/jinwoo/Documents/Codex/2026-05-30/new-chat/policy-tracker/data/images/390/skylife.png
2025-11-25 10:16:55,390,케이엘모바일_부성정책_ 11월 25일_ 7차 정책,umobile,55000,110000,55000,121000,needs_review,/Users/jinwoo/Documents/Codex/2026-05-30/new-chat/policy-tracker/data/images/390/umobile.png
2025-11-27 10:38:34,391,케이엘모바일_부성정책_ 11월 27일_ 8차 정책,hello,30000,100000,30000,110000,needs_review,/Users/jinwoo/Documents/Codex/2026-05-30/new-chat/policy-tracker/data/images/391/hello.png
2025-11-27 10:38:34,391,케이엘모바일_부성정책_ 11월 27일_ 8차 정책,ktm,60000,110000,,,needs_review,/Users/jinwoo/Documents/Codex/2026-05-30/new-chat/policy-tracker/data/images/391/ktm.png
2025-11-27 10:38:34,391,케이엘모바일_부성정책_ 11월 27일_ 8차 정책,sk7,110000,110000,120000,120000,needs_review,/Users/jinwoo/Documents/Codex/2026-05-30/new-chat/policy-tracker/data/images/391/sk7.png
2025-11-27 10:38:34,391,케이엘모바일_부성정책_ 11월 27일_ 8차 정책,skylife,55000,90000,65000,100000,needs_review,/Users/jinwoo/Documents/Codex/2026-05-30/new-chat/policy-tracker/data/images/391/skylife.png
2025-11-27 10:38:34,391,케이엘모바일_부성정책_ 11월 27일_ 8차 정책,umobile,55000,110000,55000,121000,needs_review,/Users/jinwoo/Documents/Codex/2026-05-30/new-chat/policy-tracker/data/images/391/umobile.png
2025-12-01 09:54:30,392,케이엘모바일_부성정책_ 12월 1일_ 1차 정책,hello,,,30000,110000,needs_review,/Users/jinwoo/Documents/Codex/2026-05-30/new-chat/policy-tracker/data/images/392/hello.png
2025-12-01 09:54:30,392,케이엘모바일_부성정책_ 12월 1일_ 1차 정책,ktm,60000,110000,60000,120000,needs_review,/Users/jinwoo/Documents/Codex/2026-05-30/new-chat/policy-tracker/data/images/392/ktm.png
2025-12-01 09:54:30,392,케이엘모바일_부성정책_ 12월 1일_ 1차 정책,sk7,80000,110000,80000,120000,needs_review,/Users/jinwoo/Documents/Codex/2026-05-30/new-chat/policy-tracker/data/images/392/sk7.png
2025-12-01 09:54:30,392,케이엘모바일_부성정책_ 12월 1일_ 1차 정책,skylife,55000,90000,,,needs_review,/Users/jinwoo/Documents/Codex/2026-05-30/new-chat/policy-tracker/data/images/392/skylife.png
2025-12-01 09:54:30,392,케이엘모바일_부성정책_ 12월 1일_ 1차 정책,umobile,55000,110000,55000,121000,needs_review,/Users/jinwoo/Documents/Codex/2026-05-30/new-chat/policy-tracker/data/images/392/umobile.png
2025-12-03 10:28:55,393,케이엘모바일_부성정책_ 12월 3일_ 2차 정책,hello,30000,100000,30000,110000,needs_review,/Users/jinwoo/Documents/Codex/2026-05-30/new-chat/policy-tracker/data/images/393/hello.png
2025-12-03 10:28:55,393,케이엘모바일_부성정책_ 12월 3일_ 2차 정책,ktm,60000,110000,60000,120000,needs_review,/Users/jinwoo/Documents/Codex/2026-05-30/new-chat/policy-tracker/data/images/393/ktm.png
2025-12-03 10:28:55,393,케이엘모바일_부성정책_ 12월 3일_ 2차 정책,skylife,55000,90000,,,needs_review,/Users/jinwoo/Documents/Codex/2026-05-30/new-chat/policy-tracker/data/images/393/skylife.png
2025-12-03 10:28:55,393,케이엘모바일_부성정책_ 12월 3일_ 2차 정책,umobile,55000,110000,55000,121000,needs_review,/Users/jinwoo/Documents/Codex/2026-05-30/new-chat/policy-tracker/data/images/393/umobile.png
2025-12-04 13:54:36,395,케이엘모바일_부성정책_ 12월 4일_ 3차 정책,hello,30000,100000,30000,110000,needs_review,/Users/jinwoo/Documents/Codex/2026-05-30/new-chat/policy-tracker/data/images/395/hello.png
2025-12-04 13:54:36,395,케이엘모바일_부성정책_ 12월 4일_ 3차 정책,ktm,60000,110000,60000,120000,needs_review,/Users/jinwoo/Documents/Codex/2026-05-30/new-chat/policy-tracker/data/images/395/ktm.png
2025-12-04 13:54:36,395,케이엘모바일_부성정책_ 12월 4일_ 3차 정책,skylife,55000,90000,,,needs_review,/Users/jinwoo/Documents/Codex/2026-05-30/new-chat/policy-tracker/data/images/395/skylife.png
2025-12-04 13:54:36,395,케이엘모바일_부성정책_ 12월 4일_ 3차 정책,umobile,55000,110000,55000,121000,needs_review,/Users/jinwoo/Documents/Codex/2026-05-30/new-chat/policy-tracker/data/images/395/umobile.png
2025-12-05 10:41:52,396,케이엘모바일_부성정책_ 12월 5일_ 4차 정책,hello,,,30000,110000,needs_review,/Users/jinwoo/Documents/Codex/2026-05-30/new-chat/policy-tracker/data/images/396/hello.png
2025-12-05 10:41:52,396,케이엘모바일_부성정책_ 12월 5일_ 4차 정책,ktm,70000,70000,,,needs_review,/Users/jinwoo/Documents/Codex/2026-05-30/new-chat/policy-tracker/data/images/396/ktm.png
2025-12-05 10:41:52,396,케이엘모바일_부성정책_ 12월 5일_ 4차 정책,sk7,,,80000,120000,needs_review,/Users/jinwoo/Documents/Codex/2026-05-30/new-chat/policy-tracker/data/images/396/sk7.png
2025-12-05 10:41:52,396,케이엘모바일_부성정책_ 12월 5일_ 4차 정책,skylife,55000,90000,,,needs_review,/Users/jinwoo/Documents/Codex/2026-05-30/new-chat/policy-tracker/data/images/396/skylife.png
2025-12-05 10:41:52,396,케이엘모바일_부성정책_ 12월 5일_ 4차 정책,umobile,55000,110000,55000,121000,needs_review,/Users/jinwoo/Documents/Codex/2026-05-30/new-chat/policy-tracker/data/images/396/umobile.png
2025-12-10 10:38:42,397,케이엘모바일_부성정책_ 12월 10일_ 5차 정책,hello,,,30000,110000,needs_review,/Users/jinwoo/Documents/Codex/2026-05-30/new-chat/policy-tracker/data/images/397/hello.png
2025-12-10 10:38:42,397,케이엘모바일_부성정책_ 12월 10일_ 5차 정책,ktm,70000,100000,70000,110000,manual_fixed,/Users/jinwoo/Documents/Codex/2026-05-30/new-chat/policy-tracker/data/images/397/ktm.png
2025-12-10 10:38:42,397,케이엘모바일_부성정책_ 12월 10일_ 5차 정책,sk7,,,80000,120000,needs_review,/Users/jinwoo/Documents/Codex/2026-05-30/new-chat/policy-tracker/data/images/397/sk7.png
2025-12-10 10:38:42,397,케이엘모바일_부성정책_ 12월 10일_ 5차 정책,skylife,55000,90000,,,needs_review,/Users/jinwoo/Documents/Codex/2026-05-30/new-chat/policy-tracker/data/images/397/skylife.png
2025-12-10 10:38:42,397,케이엘모바일_부성정책_ 12월 10일_ 5차 정책,umobile,55000,110000,,,needs_review,/Users/jinwoo/Documents/Codex/2026-05-30/new-chat/policy-tracker/data/images/397/umobile.png
2025-12-13 10:19:21,398,케이엘모바일_부성정책_ 12월 13일_ 6차 정책,hello,,,30000,110000,needs_review,/Users/jinwoo/Documents/Codex/2026-05-30/new-chat/policy-tracker/data/images/398/hello.png
2025-12-13 10:19:21,398,케이엘모바일_부성정책_ 12월 13일_ 6차 정책,ktm,70000,100000,70000,110000,manual_fixed,/Users/jinwoo/Documents/Codex/2026-05-30/new-chat/policy-tracker/data/images/398/ktm.png
2025-12-13 10:19:21,398,케이엘모바일_부성정책_ 12월 13일_ 6차 정책,sk7,,,80000,120000,needs_review,/Users/jinwoo/Documents/Codex/2026-05-30/new-chat/policy-tracker/data/images/398/sk7.png
2025-12-13 10:19:21,398,케이엘모바일_부성정책_ 12월 13일_ 6차 정책,skylife,55000,90000,,,needs_review,/Users/jinwoo/Documents/Codex/2026-05-30/new-chat/policy-tracker/data/images/398/skylife.png
2025-12-13 10:19:21,398,케이엘모바일_부성정책_ 12월 13일_ 6차 정책,umobile,55000,110000,55000,121000,needs_review,/Users/jinwoo/Documents/Codex/2026-05-30/new-chat/policy-tracker/data/images/398/umobile.png
2025-12-16 10:14:59,399,케이엘모바일_부성정책_ 12월 16일_ 7차 정책,hello,30000,100000,30000,110000,needs_review,/Users/jinwoo/Documents/Codex/2026-05-30/new-chat/policy-tracker/data/images/399/hello.png
2025-12-16 10:14:59,399,케이엘모바일_부성정책_ 12월 16일_ 7차 정책,ktm,70000,100000,70000,110000,manual_fixed,/Users/jinwoo/Documents/Codex/2026-05-30/new-chat/policy-tracker/data/images/399/ktm.png
2025-12-16 10:14:59,399,케이엘모바일_부성정책_ 12월 16일_ 7차 정책,sk7,,,80000,120000,needs_review,/Users/jinwoo/Documents/Codex/2026-05-30/new-chat/policy-tracker/data/images/399/sk7.png
2025-12-16 10:14:59,399,케이엘모바일_부성정책_ 12월 16일_ 7차 정책,skylife,55000,90000,,,needs_review,/Users/jinwoo/Documents/Codex/2026-05-30/new-chat/policy-tracker/data/images/399/skylife.png
2025-12-16 10:14:59,399,케이엘모바일_부성정책_ 12월 16일_ 7차 정책,umobile,55000,110000,55000,121000,needs_review,/Users/jinwoo/Documents/Codex/2026-05-30/new-chat/policy-tracker/data/images/399/umobile.png
2025-12-17 10:59:14,400,케이엘모바일_부성정책_ 12월 17일_ 8차 정책,hello,30000,100000,30000,110000,needs_review,/Users/jinwoo/Documents/Codex/2026-05-30/new-chat/policy-tracker/data/images/400/hello.png
2025-12-17 10:59:14,400,케이엘모바일_부성정책_ 12월 17일_ 8차 정책,ktm,70000,100000,70000,110000,manual_fixed,/Users/jinwoo/Documents/Codex/2026-05-30/new-chat/policy-tracker/data/images/400/ktm.png
2025-12-17 10:59:14,400,케이엘모바일_부성정책_ 12월 17일_ 8차 정책,sk7,,,80000,120000,needs_review,/Users/jinwoo/Documents/Codex/2026-05-30/new-chat/policy-tracker/data/images/400/sk7.png
2025-12-17 10:59:14,400,케이엘모바일_부성정책_ 12월 17일_ 8차 정책,skylife,55000,90000,,,needs_review,/Users/jinwoo/Documents/Codex/2026-05-30/new-chat/policy-tracker/data/images/400/skylife.png
2025-12-17 10:59:14,400,케이엘모바일_부성정책_ 12월 17일_ 8차 정책,umobile,55000,55000,55000,55000,needs_review,/Users/jinwoo/Documents/Codex/2026-05-30/new-chat/policy-tracker/data/images/400/umobile.png
2025-12-18 09:56:00,401,케이엘모바일_부성정책_ 12월 18일_ 9차 정책,hello,30000,100000,30000,110000,needs_review,/Users/jinwoo/Documents/Codex/2026-05-30/new-chat/policy-tracker/data/images/401/hello.png
2025-12-18 09:56:00,401,케이엘모바일_부성정책_ 12월 18일_ 9차 정책,ktm,70000,100000,70000,110000,manual_fixed,/Users/jinwoo/Documents/Codex/2026-05-30/new-chat/policy-tracker/data/images/401/ktm.png
2025-12-18 09:56:00,401,케이엘모바일_부성정책_ 12월 18일_ 9차 정책,sk7,80000,110000,80000,120000,needs_review,/Users/jinwoo/Documents/Codex/2026-05-30/new-chat/policy-tracker/data/images/401/sk7.png
2025-12-18 09:56:00,401,케이엘모바일_부성정책_ 12월 18일_ 9차 정책,skylife,55000,90000,,,needs_review,/Users/jinwoo/Documents/Codex/2026-05-30/new-chat/policy-tracker/data/images/401/skylife.png
2025-12-18 09:56:00,401,케이엘모바일_부성정책_ 12월 18일_ 9차 정책,umobile,55000,55000,55000,55000,needs_review,/Users/jinwoo/Documents/Codex/2026-05-30/new-chat/policy-tracker/data/images/401/umobile.png
2025-12-22 15:47:34,402,케이엘모바일_부성정책_ 12월 22일_ 10차 정책,hello,30000,100000,30000,110000,needs_review,/Users/jinwoo/Documents/Codex/2026-05-30/new-chat/policy-tracker/data/images/402/hello.png
2025-12-22 15:47:34,402,케이엘모바일_부성정책_ 12월 22일_ 10차 정책,ktm,70000,100000,70000,110000,manual_fixed,/Users/jinwoo/Documents/Codex/2026-05-30/new-chat/policy-tracker/data/images/402/ktm.png
2025-12-22 15:47:34,402,케이엘모바일_부성정책_ 12월 22일_ 10차 정책,sk7,80000,110000,80000,120000,needs_review,/Users/jinwoo/Documents/Codex/2026-05-30/new-chat/policy-tracker/data/images/402/sk7.jpg
2025-12-22 15:47:34,402,케이엘모바일_부성정책_ 12월 22일_ 10차 정책,skylife,55000,90000,,,needs_review,/Users/jinwoo/Documents/Codex/2026-05-30/new-chat/policy-tracker/data/images/402/skylife.png
2025-12-22 15:47:34,402,케이엘모바일_부성정책_ 12월 22일_ 10차 정책,umobile,55000,55000,55000,55000,needs_review,/Users/jinwoo/Documents/Codex/2026-05-30/new-chat/policy-tracker/data/images/402/umobile.png
2025-12-23 10:58:59,403,케이엘모바일_부성정책_ 12월 23일_ 11차 정책,hello,30000,100000,30000,110000,needs_review,/Users/jinwoo/Documents/Codex/2026-05-30/new-chat/policy-tracker/data/images/403/hello.png
2025-12-23 10:58:59,403,케이엘모바일_부성정책_ 12월 23일_ 11차 정책,ktm,70000,100000,70000,110000,manual_fixed,/Users/jinwoo/Documents/Codex/2026-05-30/new-chat/policy-tracker/data/images/403/ktm.png
2025-12-23 10:58:59,403,케이엘모바일_부성정책_ 12월 23일_ 11차 정책,sk7,80000,110000,80000,120000,needs_review,/Users/jinwoo/Documents/Codex/2026-05-30/new-chat/policy-tracker/data/images/403/sk7.png
2025-12-23 10:58:59,403,케이엘모바일_부성정책_ 12월 23일_ 11차 정책,skylife,,,75000,130000,needs_review,/Users/jinwoo/Documents/Codex/2026-05-30/new-chat/policy-tracker/data/images/403/skylife.png
2025-12-23 10:58:59,403,케이엘모바일_부성정책_ 12월 23일_ 11차 정책,umobile,55000,55000,55000,55000,needs_review,/Users/jinwoo/Documents/Codex/2026-05-30/new-chat/policy-tracker/data/images/403/umobile.png
2025-12-24 11:35:28,404,케이엘모바일_부성정책_ 12월 24일_ 12차 정책,hello,,,30000,110000,needs_review,/Users/jinwoo/Documents/Codex/2026-05-30/new-chat/policy-tracker/data/images/404/hello.jpg
2025-12-24 11:35:28,404,케이엘모바일_부성정책_ 12월 24일_ 12차 정책,ktm,70000,100000,70000,110000,manual_fixed,/Users/jinwoo/Documents/Codex/2026-05-30/new-chat/policy-tracker/data/images/404/ktm.png
2025-12-24 11:35:28,404,케이엘모바일_부성정책_ 12월 24일_ 12차 정책,sk7,80000,110000,80000,120000,needs_review,/Users/jinwoo/Documents/Codex/2026-05-30/new-chat/policy-tracker/data/images/404/sk7.png
2025-12-24 11:35:28,404,케이엘모바일_부성정책_ 12월 24일_ 12차 정책,skylife,,,75000,130000,needs_review,/Users/jinwoo/Documents/Codex/2026-05-30/new-chat/policy-tracker/data/images/404/skylife.png
2025-12-24 11:35:28,404,케이엘모바일_부성정책_ 12월 24일_ 12차 정책,umobile,55000,55000,55000,55000,needs_review,/Users/jinwoo/Documents/Codex/2026-05-30/new-chat/policy-tracker/data/images/404/umobile.png
2025-12-25 10:06:19,405,케이엘모바일_부성정책_ 12월 25일_ 13차 정책,hello,,,30000,110000,needs_review,/Users/jinwoo/Documents/Codex/2026-05-30/new-chat/policy-tracker/data/images/405/hello.jpg
2025-12-25 10:06:19,405,케이엘모바일_부성정책_ 12월 25일_ 13차 정책,ktm,70000,110000,70000,120000,needs_review,/Users/jinwoo/Documents/Codex/2026-05-30/new-chat/policy-tracker/data/images/405/ktm.png
2025-12-25 10:06:19,405,케이엘모바일_부성정책_ 12월 25일_ 13차 정책,sk7,,,80000,120000,needs_review,/Users/jinwoo/Documents/Codex/2026-05-30/new-chat/policy-tracker/data/images/405/sk7.png
2025-12-25 10:06:19,405,케이엘모바일_부성정책_ 12월 25일_ 13차 정책,skylife,,,75000,130000,needs_review,/Users/jinwoo/Documents/Codex/2026-05-30/new-chat/policy-tracker/data/images/405/skylife.png
2025-12-25 10:06:19,405,케이엘모바일_부성정책_ 12월 25일_ 13차 정책,umobile,55000,55000,55000,55000,needs_review,/Users/jinwoo/Documents/Codex/2026-05-30/new-chat/policy-tracker/data/images/405/umobile.png
2025-12-27 10:41:42,406,케이엘모바일_부성정책_ 12월 27일_ 14차 정책,hello,,,30000,110000,needs_review,/Users/jinwoo/Documents/Codex/2026-05-30/new-chat/policy-tracker/data/images/406/hello.jpg
2025-12-27 10:41:42,406,케이엘모바일_부성정책_ 12월 27일_ 14차 정책,ktm,70000,110000,70000,120000,needs_review,/Users/jinwoo/Documents/Codex/2026-05-30/new-chat/policy-tracker/data/images/406/ktm.png
2025-12-27 10:41:42,406,케이엘모바일_부성정책_ 12월 27일_ 14차 정책,sk7,,,80000,120000,needs_review,/Users/jinwoo/Documents/Codex/2026-05-30/new-chat/policy-tracker/data/images/406/sk7.png
2025-12-27 10:41:42,406,케이엘모바일_부성정책_ 12월 27일_ 14차 정책,skylife,,,75000,130000,needs_review,/Users/jinwoo/Documents/Codex/2026-05-30/new-chat/policy-tracker/data/images/406/skylife.png
2025-12-27 10:41:42,406,케이엘모바일_부성정책_ 12월 27일_ 14차 정책,umobile,55000,55000,55000,55000,needs_review,/Users/jinwoo/Documents/Codex/2026-05-30/new-chat/policy-tracker/data/images/406/umobile.png
2025-12-28 15:06:32,407,케이엘모바일_부성정책_ 12월 28일_ 15차 정책,hello,,,30000,110000,needs_review,/Users/jinwoo/Documents/Codex/2026-05-30/new-chat/policy-tracker/data/images/407/hello.jpg
2025-12-28 15:06:32,407,케이엘모바일_부성정책_ 12월 28일_ 15차 정책,ktm,70000,110000,70000,120000,needs_review,/Users/jinwoo/Documents/Codex/2026-05-30/new-chat/policy-tracker/data/images/407/ktm.png
2025-12-28 15:06:32,407,케이엘모바일_부성정책_ 12월 28일_ 15차 정책,sk7,80000,80000,80000,80000,needs_review,/Users/jinwoo/Documents/Codex/2026-05-30/new-chat/policy-tracker/data/images/407/sk7.png
2025-12-28 15:06:32,407,케이엘모바일_부성정책_ 12월 28일_ 15차 정책,skylife,,,75000,130000,needs_review,/Users/jinwoo/Documents/Codex/2026-05-30/new-chat/policy-tracker/data/images/407/skylife.png
2025-12-28 15:06:32,407,케이엘모바일_부성정책_ 12월 28일_ 15차 정책,umobile,55000,55000,55000,55000,needs_review,/Users/jinwoo/Documents/Codex/2026-05-30/new-chat/policy-tracker/data/images/407/umobile.png
2025-12-30 09:56:24,408,케이엘모바일_부성정책_ 12월 30일_ 16차 정책(수정),hello,,,30000,110000,needs_review,/Users/jinwoo/Documents/Codex/2026-05-30/new-chat/policy-tracker/data/images/408/hello.jpg
2025-12-30 09:56:24,408,케이엘모바일_부성정책_ 12월 30일_ 16차 정책(수정),ktm,70000,110000,70000,120000,needs_review,/Users/jinwoo/Documents/Codex/2026-05-30/new-chat/policy-tracker/data/images/408/ktm.png
2025-12-30 09:56:24,408,케이엘모바일_부성정책_ 12월 30일_ 16차 정책(수정),sk7,80000,110000,80000,120000,needs_review,/Users/jinwoo/Documents/Codex/2026-05-30/new-chat/policy-tracker/data/images/408/sk7.png
2025-12-30 09:56:24,408,케이엘모바일_부성정책_ 12월 30일_ 16차 정책(수정),skylife,55000,110000,65000,120000,needs_review,/Users/jinwoo/Documents/Codex/2026-05-30/new-chat/policy-tracker/data/images/408/skylife.png
2025-12-30 09:56:24,408,케이엘모바일_부성정책_ 12월 30일_ 16차 정책(수정),umobile,55000,55000,,,needs_review,/Users/jinwoo/Documents/Codex/2026-05-30/new-chat/policy-tracker/data/images/408/umobile.png
2026-01-01 14:28:20,409,케이엘모바일_부성정책_ 1월 1일_ 1차 정책,hello,30000,90000,30000,100000,needs_review,/Users/jinwoo/Documents/Codex/2026-05-30/new-chat/policy-tracker/data/images/409/hello.png
2026-01-01 14:28:20,409,케이엘모바일_부성정책_ 1월 1일_ 1차 정책,ktm,60000,110000,,,needs_review,/Users/jinwoo/Documents/Codex/2026-05-30/new-chat/policy-tracker/data/images/409/ktm.png
2026-01-01 14:28:20,409,케이엘모바일_부성정책_ 1월 1일_ 1차 정책,sk7,,,80000,120000,needs_review,/Users/jinwoo/Documents/Codex/2026-05-30/new-chat/policy-tracker/data/images/409/sk7.png
2026-01-01 14:28:20,409,케이엘모바일_부성정책_ 1월 1일_ 1차 정책,skylife,75000,110000,85000,120000,needs_review,/Users/jinwoo/Documents/Codex/2026-05-30/new-chat/policy-tracker/data/images/409/skylife.png
2026-01-01 14:28:20,409,케이엘모바일_부성정책_ 1월 1일_ 1차 정책,umobile,55000,99000,,,needs_review,/Users/jinwoo/Documents/Codex/2026-05-30/new-chat/policy-tracker/data/images/409/umobile.png
2026-01-03 10:23:09,410,케이엘모바일_부성정책_ 1월 3일_ 2차 정책,hello,30000,90000,30000,100000,needs_review,/Users/jinwoo/Documents/Codex/2026-05-30/new-chat/policy-tracker/data/images/410/hello.png
2026-01-03 10:23:09,410,케이엘모바일_부성정책_ 1월 3일_ 2차 정책,ktm,60000,110000,,,needs_review,/Users/jinwoo/Documents/Codex/2026-05-30/new-chat/policy-tracker/data/images/410/ktm.png
2026-01-03 10:23:09,410,케이엘모바일_부성정책_ 1월 3일_ 2차 정책,sk7,,,80000,120000,needs_review,/Users/jinwoo/Documents/Codex/2026-05-30/new-chat/policy-tracker/data/images/410/sk7.png
2026-01-03 10:23:09,410,케이엘모바일_부성정책_ 1월 3일_ 2차 정책,skylife,75000,110000,85000,120000,needs_review,/Users/jinwoo/Documents/Codex/2026-05-30/new-chat/policy-tracker/data/images/410/skylife.png
2026-01-03 10:23:09,410,케이엘모바일_부성정책_ 1월 3일_ 2차 정책,umobile,55000,99000,,,needs_review,/Users/jinwoo/Documents/Codex/2026-05-30/new-chat/policy-tracker/data/images/410/umobile.png
2026-01-09 10:53:30,411,케이엘모바일_부성정책_ 1월 9일_ 3차 정책,hello,30000,90000,30000,100000,needs_review,/Users/jinwoo/Documents/Codex/2026-05-30/new-chat/policy-tracker/data/images/411/hello.png
2026-01-09 10:53:30,411,케이엘모바일_부성정책_ 1월 9일_ 3차 정책,ktm,60000,110000,,,needs_review,/Users/jinwoo/Documents/Codex/2026-05-30/new-chat/policy-tracker/data/images/411/ktm.png
2026-01-09 10:53:30,411,케이엘모바일_부성정책_ 1월 9일_ 3차 정책,sk7,,,80000,120000,needs_review,/Users/jinwoo/Documents/Codex/2026-05-30/new-chat/policy-tracker/data/images/411/sk7.png
2026-01-09 10:53:30,411,케이엘모바일_부성정책_ 1월 9일_ 3차 정책,skylife,75000,110000,85000,120000,needs_review,/Users/jinwoo/Documents/Codex/2026-05-30/new-chat/policy-tracker/data/images/411/skylife.png
2026-01-09 10:53:30,411,케이엘모바일_부성정책_ 1월 9일_ 3차 정책,umobile,55000,99000,,,needs_review,/Users/jinwoo/Documents/Codex/2026-05-30/new-chat/policy-tracker/data/images/411/umobile.png
2026-01-10 11:52:40,412,케이엘모바일_부성정책_ 1월 10일_ 4차 정책,hello,30000,90000,30000,100000,needs_review,/Users/jinwoo/Documents/Codex/2026-05-30/new-chat/policy-tracker/data/images/412/hello.png
2026-01-10 11:52:40,412,케이엘모바일_부성정책_ 1월 10일_ 4차 정책,ktm,60000,110000,,,needs_review,/Users/jinwoo/Documents/Codex/2026-05-30/new-chat/policy-tracker/data/images/412/ktm.png
2026-01-10 11:52:40,412,케이엘모바일_부성정책_ 1월 10일_ 4차 정책,sk7,,,80000,120000,needs_review,/Users/jinwoo/Documents/Codex/2026-05-30/new-chat/policy-tracker/data/images/412/sk7.png
2026-01-10 11:52:40,412,케이엘모바일_부성정책_ 1월 10일_ 4차 정책,skylife,75000,110000,85000,120000,needs_review,/Users/jinwoo/Documents/Codex/2026-05-30/new-chat/policy-tracker/data/images/412/skylife.png
2026-01-10 11:52:40,412,케이엘모바일_부성정책_ 1월 10일_ 4차 정책,umobile,55000,99000,,,needs_review,/Users/jinwoo/Documents/Codex/2026-05-30/new-chat/policy-tracker/data/images/412/umobile.png
2026-01-12 10:15:54,413,케이엘모바일_부성정책_ 1월 12일_ 5차 정책,hello,30000,80000,30000,100000,needs_review,/Users/jinwoo/Documents/Codex/2026-05-30/new-chat/policy-tracker/data/images/413/hello.png
2026-01-12 10:15:54,413,케이엘모바일_부성정책_ 1월 12일_ 5차 정책,ktm,60000,110000,60000,120000,needs_review,/Users/jinwoo/Documents/Codex/2026-05-30/new-chat/policy-tracker/data/images/413/ktm.png
2026-01-12 10:15:54,413,케이엘모바일_부성정책_ 1월 12일_ 5차 정책,sk7,80000,110000,,,needs_review,/Users/jinwoo/Documents/Codex/2026-05-30/new-chat/policy-tracker/data/images/413/sk7.png
2026-01-12 10:15:54,413,케이엘모바일_부성정책_ 1월 12일_ 5차 정책,skylife,,,85000,120000,needs_review,/Users/jinwoo/Documents/Codex/2026-05-30/new-chat/policy-tracker/data/images/413/skylife.png
2026-01-12 10:15:54,413,케이엘모바일_부성정책_ 1월 12일_ 5차 정책,umobile,55000,99000,55000,110000,needs_review,/Users/jinwoo/Documents/Codex/2026-05-30/new-chat/policy-tracker/data/images/413/umobile.png
2026-01-14 10:16:02,414,케이엘모바일_부성정책_ 1월 14일_ 6차 정책,hello,30000,80000,30000,100000,needs_review,/Users/jinwoo/Documents/Codex/2026-05-30/new-chat/policy-tracker/data/images/414/hello.png
2026-01-14 10:16:02,414,케이엘모바일_부성정책_ 1월 14일_ 6차 정책,ktm,60000,110000,,,needs_review,/Users/jinwoo/Documents/Codex/2026-05-30/new-chat/policy-tracker/data/images/414/ktm.png
2026-01-14 10:16:02,414,케이엘모바일_부성정책_ 1월 14일_ 6차 정책,sk7,80000,110000,80000,120000,needs_review,/Users/jinwoo/Documents/Codex/2026-05-30/new-chat/policy-tracker/data/images/414/sk7.png
2026-01-14 10:16:02,414,케이엘모바일_부성정책_ 1월 14일_ 6차 정책,skylife,,,75000,120000,needs_review,/Users/jinwoo/Documents/Codex/2026-05-30/new-chat/policy-tracker/data/images/414/skylife.png
2026-01-14 10:16:02,414,케이엘모바일_부성정책_ 1월 14일_ 6차 정책,umobile,55000,121000,55000,132000,manual_fixed,/Users/jinwoo/Documents/Codex/2026-05-30/new-chat/policy-tracker/data/images/414/umobile.png
2026-01-15 10:05:58,415,케이엘모바일_부성정책_ 1월 15일_ 7차 정책,hello,30000,80000,30000,100000,needs_review,/Users/jinwoo/Documents/Codex/2026-05-30/new-chat/policy-tracker/data/images/415/hello.png
2026-01-15 10:05:58,415,케이엘모바일_부성정책_ 1월 15일_ 7차 정책,ktm,60000,110000,,,needs_review,/Users/jinwoo/Documents/Codex/2026-05-30/new-chat/policy-tracker/data/images/415/ktm.png
2026-01-15 10:05:58,415,케이엘모바일_부성정책_ 1월 15일_ 7차 정책,sk7,80000,110000,80000,120000,needs_review,/Users/jinwoo/Documents/Codex/2026-05-30/new-chat/policy-tracker/data/images/415/sk7.png
2026-01-15 10:05:58,415,케이엘모바일_부성정책_ 1월 15일_ 7차 정책,skylife,65000,110000,75000,120000,needs_review,/Users/jinwoo/Documents/Codex/2026-05-30/new-chat/policy-tracker/data/images/415/skylife.png
2026-01-15 10:05:58,415,케이엘모바일_부성정책_ 1월 15일_ 7차 정책,umobile,55000,121000,55000,132000,manual_fixed,/Users/jinwoo/Documents/Codex/2026-05-30/new-chat/policy-tracker/data/images/415/umobile.png
2026-01-23 11:02:47,416,케이엘모바일_부성정책_ 1월 23일_ 8차 정책,hello,30000,80000,30000,100000,needs_review,/Users/jinwoo/Documents/Codex/2026-05-30/new-chat/policy-tracker/data/images/416/hello.png
2026-01-23 11:02:47,416,케이엘모바일_부성정책_ 1월 23일_ 8차 정책,ktm,60000,110000,60000,120000,needs_review,/Users/jinwoo/Documents/Codex/2026-05-30/new-chat/policy-tracker/data/images/416/ktm.png
2026-01-23 11:02:47,416,케이엘모바일_부성정책_ 1월 23일_ 8차 정책,skylife,65000,110000,75000,120000,needs_review,/Users/jinwoo/Documents/Codex/2026-05-30/new-chat/policy-tracker/data/images/416/skylife.png
2026-01-23 11:02:47,416,케이엘모바일_부성정책_ 1월 23일_ 8차 정책,umobile,55000,121000,55000,132000,manual_fixed,/Users/jinwoo/Documents/Codex/2026-05-30/new-chat/policy-tracker/data/images/416/umobile.png
2026-01-24 10:25:16,420,케이엘모바일_부성정책_ 1월 24일_ 9차 정책,hello,30000,90000,30000,100000,needs_review,/Users/jinwoo/Documents/Codex/2026-05-30/new-chat/policy-tracker/data/images/420/hello.png
2026-01-24 10:25:16,420,케이엘모바일_부성정책_ 1월 24일_ 9차 정책,ktm,60000,110000,60000,120000,needs_review,/Users/jinwoo/Documents/Codex/2026-05-30/new-chat/policy-tracker/data/images/420/ktm.png
2026-01-24 10:25:16,420,케이엘모바일_부성정책_ 1월 24일_ 9차 정책,skylife,65000,110000,75000,120000,needs_review,/Users/jinwoo/Documents/Codex/2026-05-30/new-chat/policy-tracker/data/images/420/skylife.png
2026-01-24 10:25:16,420,케이엘모바일_부성정책_ 1월 24일_ 9차 정책,umobile,55000,121000,55000,154000,needs_review,/Users/jinwoo/Documents/Codex/2026-05-30/new-chat/policy-tracker/data/images/420/umobile.png
2026-01-27 10:37:02,421,케이엘모바일_부성정책_ 1월 27일_ 10차 정책,hello,30000,80000,30000,100000,needs_review,/Users/jinwoo/Documents/Codex/2026-05-30/new-chat/policy-tracker/data/images/421/hello.png
2026-01-27 10:37:02,421,케이엘모바일_부성정책_ 1월 27일_ 10차 정책,ktm,60000,110000,60000,120000,needs_review,/Users/jinwoo/Documents/Codex/2026-05-30/new-chat/policy-tracker/data/images/421/ktm.png
2026-01-27 10:37:02,421,케이엘모바일_부성정책_ 1월 27일_ 10차 정책,skylife,65000,110000,75000,120000,needs_review,/Users/jinwoo/Documents/Codex/2026-05-30/new-chat/policy-tracker/data/images/421/skylife.png
2026-01-27 10:37:02,421,케이엘모바일_부성정책_ 1월 27일_ 10차 정책,umobile,55000,121000,55000,132000,needs_review,/Users/jinwoo/Documents/Codex/2026-05-30/new-chat/policy-tracker/data/images/421/umobile.png
2026-01-27 12:18:55,422,케이엘모바일_부성정책_ 1월 27일_13시~ 10차_ 수정,hello,30000,70000,30000,100000,needs_review,/Users/jinwoo/Documents/Codex/2026-05-30/new-chat/policy-tracker/data/images/422/hello.png
2026-01-27 12:18:55,422,케이엘모바일_부성정책_ 1월 27일_13시~ 10차_ 수정,ktm,60000,110000,60000,120000,needs_review,/Users/jinwoo/Documents/Codex/2026-05-30/new-chat/policy-tracker/data/images/422/ktm.png
2026-01-27 12:18:55,422,케이엘모바일_부성정책_ 1월 27일_13시~ 10차_ 수정,skylife,65000,110000,75000,120000,needs_review,/Users/jinwoo/Documents/Codex/2026-05-30/new-chat/policy-tracker/data/images/422/skylife.png
2026-01-27 12:18:55,422,케이엘모바일_부성정책_ 1월 27일_13시~ 10차_ 수정,umobile,55000,121000,55000,132000,needs_review,/Users/jinwoo/Documents/Codex/2026-05-30/new-chat/policy-tracker/data/images/422/umobile.png
2026-01-29 10:17:53,423,케이엘모바일_부성정책_ 1월 29일~ 11차,hello,30000,70000,30000,100000,needs_review,/Users/jinwoo/Documents/Codex/2026-05-30/new-chat/policy-tracker/data/images/423/hello.png
2026-01-29 10:17:53,423,케이엘모바일_부성정책_ 1월 29일~ 11차,ktm,60000,110000,60000,120000,needs_review,/Users/jinwoo/Documents/Codex/2026-05-30/new-chat/policy-tracker/data/images/423/ktm.png
2026-01-29 10:17:53,423,케이엘모바일_부성정책_ 1월 29일~ 11차,skylife,65000,110000,75000,120000,needs_review,/Users/jinwoo/Documents/Codex/2026-05-30/new-chat/policy-tracker/data/images/423/skylife.png
2026-01-29 10:17:53,423,케이엘모바일_부성정책_ 1월 29일~ 11차,umobile,55000,121000,55000,132000,needs_review,/Users/jinwoo/Documents/Codex/2026-05-30/new-chat/policy-tracker/data/images/423/umobile.png
2026-01-30 10:12:31,424,케이엘모바일_부성정책_ 1월 30일~ 12차,hello,30000,80000,30000,100000,needs_review,/Users/jinwoo/Documents/Codex/2026-05-30/new-chat/policy-tracker/data/images/424/hello.png
2026-01-30 10:12:31,424,케이엘모바일_부성정책_ 1월 30일~ 12차,ktm,60000,110000,60000,120000,needs_review,/Users/jinwoo/Documents/Codex/2026-05-30/new-chat/policy-tracker/data/images/424/ktm.png
2026-01-30 10:12:31,424,케이엘모바일_부성정책_ 1월 30일~ 12차,skylife,65000,110000,75000,120000,needs_review,/Users/jinwoo/Documents/Codex/2026-05-30/new-chat/policy-tracker/data/images/424/skylife.png
2026-01-30 10:12:31,424,케이엘모바일_부성정책_ 1월 30일~ 12차,umobile,55000,121000,55000,132000,needs_review,/Users/jinwoo/Documents/Codex/2026-05-30/new-chat/policy-tracker/data/images/424/umobile.png
2026-02-01 13:15:57,425,케이엘모바일_부성정책_ 2월 1일_ 1차 정책,hello,30000,80000,30000,100000,needs_review,/Users/jinwoo/Documents/Codex/2026-05-30/new-chat/policy-tracker/data/images/425/hello.png
2026-02-01 13:15:57,425,케이엘모바일_부성정책_ 2월 1일_ 1차 정책,ktm,60000,110000,60000,120000,needs_review,/Users/jinwoo/Documents/Codex/2026-05-30/new-chat/policy-tracker/data/images/425/ktm.png
2026-02-01 13:15:57,425,케이엘모바일_부성정책_ 2월 1일_ 1차 정책,sk7,80000,110000,80000,120000,needs_review,/Users/jinwoo/Documents/Codex/2026-05-30/new-chat/policy-tracker/data/images/425/sk7.png
2026-02-01 13:15:57,425,케이엘모바일_부성정책_ 2월 1일_ 1차 정책,skylife,65000,130000,75000,140000,needs_review,/Users/jinwoo/Documents/Codex/2026-05-30/new-chat/policy-tracker/data/images/425/skylife.png
2026-02-01 13:15:57,425,케이엘모바일_부성정책_ 2월 1일_ 1차 정책,umobile,55000,120000,55000,131000,needs_review,/Users/jinwoo/Documents/Codex/2026-05-30/new-chat/policy-tracker/data/images/425/umobile.png
2026-02-02 10:57:59,426,케이엘모바일_부성정책_ 2월 2일_ 2차 정책,hello,30000,100000,30000,110000,needs_review,/Users/jinwoo/Documents/Codex/2026-05-30/new-chat/policy-tracker/data/images/426/hello.png
2026-02-02 10:57:59,426,케이엘모바일_부성정책_ 2월 2일_ 2차 정책,ktm,60000,110000,60000,120000,needs_review,/Users/jinwoo/Documents/Codex/2026-05-30/new-chat/policy-tracker/data/images/426/ktm.png
2026-02-02 10:57:59,426,케이엘모바일_부성정책_ 2월 2일_ 2차 정책,sk7,80000,120000,80000,130000,needs_review,/Users/jinwoo/Documents/Codex/2026-05-30/new-chat/policy-tracker/data/images/426/sk7.png
2026-02-02 10:57:59,426,케이엘모바일_부성정책_ 2월 2일_ 2차 정책,skylife,65000,130000,75000,140000,needs_review,/Users/jinwoo/Documents/Codex/2026-05-30/new-chat/policy-tracker/data/images/426/skylife.png
2026-02-02 10:57:59,426,케이엘모바일_부성정책_ 2월 2일_ 2차 정책,umobile,55000,140000,55000,151000,needs_review,/Users/jinwoo/Documents/Codex/2026-05-30/new-chat/policy-tracker/data/images/426/umobile.png
2026-02-02 14:01:52,427,케이엘모바일_부성정책_ 2월 2일_ 2차 정책_(수정),hello,30000,80000,30000,100000,needs_review,/Users/jinwoo/Documents/Codex/2026-05-30/new-chat/policy-tracker/data/images/427/hello.png
2026-02-02 14:01:52,427,케이엘모바일_부성정책_ 2월 2일_ 2차 정책_(수정),ktm,60000,110000,60000,120000,needs_review,/Users/jinwoo/Documents/Codex/2026-05-30/new-chat/policy-tracker/data/images/427/ktm.png
2026-02-02 14:01:52,427,케이엘모바일_부성정책_ 2월 2일_ 2차 정책_(수정),sk7,80000,120000,80000,130000,needs_review,/Users/jinwoo/Documents/Codex/2026-05-30/new-chat/policy-tracker/data/images/427/sk7.png
2026-02-02 14:01:52,427,케이엘모바일_부성정책_ 2월 2일_ 2차 정책_(수정),skylife,65000,140000,75000,150000,needs_review,/Users/jinwoo/Documents/Codex/2026-05-30/new-chat/policy-tracker/data/images/427/skylife.png
2026-02-02 14:01:52,427,케이엘모바일_부성정책_ 2월 2일_ 2차 정책_(수정),umobile,55000,140000,55000,151000,needs_review,/Users/jinwoo/Documents/Codex/2026-05-30/new-chat/policy-tracker/data/images/427/umobile.png
2026-02-04 11:04:47,430,케이엘모바일_부성정책_ 2월 4일_ 3차 정책,hello,30000,80000,30000,100000,needs_review,/Users/jinwoo/Documents/Codex/2026-05-30/new-chat/policy-tracker/data/images/430/hello.png
2026-02-04 11:04:47,430,케이엘모바일_부성정책_ 2월 4일_ 3차 정책,ktm,60000,110000,60000,120000,needs_review,/Users/jinwoo/Documents/Codex/2026-05-30/new-chat/policy-tracker/data/images/430/ktm.png
2026-02-04 11:04:47,430,케이엘모바일_부성정책_ 2월 4일_ 3차 정책,sk7,80000,100000,80000,110000,needs_review,/Users/jinwoo/Documents/Codex/2026-05-30/new-chat/policy-tracker/data/images/430/sk7.png
2026-02-04 11:04:47,430,케이엘모바일_부성정책_ 2월 4일_ 3차 정책,skylife,65000,110000,75000,120000,needs_review,/Users/jinwoo/Documents/Codex/2026-05-30/new-chat/policy-tracker/data/images/430/skylife.png
2026-02-04 11:04:47,430,케이엘모바일_부성정책_ 2월 4일_ 3차 정책,umobile,55000,120000,55000,131000,needs_review,/Users/jinwoo/Documents/Codex/2026-05-30/new-chat/policy-tracker/data/images/430/umobile.png
2026-02-04 13:05:00,431,케이엘모바일_부성정책_ 2월 4일_ 3차 정책_(수정),hello,30000,80000,30000,100000,needs_review,/Users/jinwoo/Documents/Codex/2026-05-30/new-chat/policy-tracker/data/images/431/hello.png
2026-02-04 13:05:00,431,케이엘모바일_부성정책_ 2월 4일_ 3차 정책_(수정),ktm,60000,100000,60000,110000,needs_review,/Users/jinwoo/Documents/Codex/2026-05-30/new-chat/policy-tracker/data/images/431/ktm.png
2026-02-04 13:05:00,431,케이엘모바일_부성정책_ 2월 4일_ 3차 정책_(수정),sk7,80000,100000,80000,110000,needs_review,/Users/jinwoo/Documents/Codex/2026-05-30/new-chat/policy-tracker/data/images/431/sk7.png
2026-02-04 13:05:00,431,케이엘모바일_부성정책_ 2월 4일_ 3차 정책_(수정),skylife,65000,110000,75000,120000,needs_review,/Users/jinwoo/Documents/Codex/2026-05-30/new-chat/policy-tracker/data/images/431/skylife.png
2026-02-04 13:05:00,431,케이엘모바일_부성정책_ 2월 4일_ 3차 정책_(수정),umobile,55000,120000,55000,131000,needs_review,/Users/jinwoo/Documents/Codex/2026-05-30/new-chat/policy-tracker/data/images/431/umobile.png
2026-02-04 16:03:13,432,케이엘모바일_부성정책_ 2월 4일_ 4차 정책,hello,30000,80000,30000,100000,needs_review,/Users/jinwoo/Documents/Codex/2026-05-30/new-chat/policy-tracker/data/images/432/hello.png
2026-02-04 16:03:13,432,케이엘모바일_부성정책_ 2월 4일_ 4차 정책,ktm,60000,100000,60000,110000,needs_review,/Users/jinwoo/Documents/Codex/2026-05-30/new-chat/policy-tracker/data/images/432/ktm.png
2026-02-04 16:03:13,432,케이엘모바일_부성정책_ 2월 4일_ 4차 정책,sk7,80000,100000,80000,110000,needs_review,/Users/jinwoo/Documents/Codex/2026-05-30/new-chat/policy-tracker/data/images/432/sk7.png
2026-02-04 16:03:13,432,케이엘모바일_부성정책_ 2월 4일_ 4차 정책,skylife,65000,100000,75000,110000,needs_review,/Users/jinwoo/Documents/Codex/2026-05-30/new-chat/policy-tracker/data/images/432/skylife.png
2026-02-04 16:03:13,432,케이엘모바일_부성정책_ 2월 4일_ 4차 정책,umobile,55000,120000,55000,131000,needs_review,/Users/jinwoo/Documents/Codex/2026-05-30/new-chat/policy-tracker/data/images/432/umobile.png
2026-02-05 10:46:16,433,케이엘모바일_부성정책_ 2월 5일_ 5차 정책,hello,30000,90000,30000,100000,needs_review,/Users/jinwoo/Documents/Codex/2026-05-30/new-chat/policy-tracker/data/images/433/hello.png
2026-02-05 10:46:16,433,케이엘모바일_부성정책_ 2월 5일_ 5차 정책,ktm,60000,100000,60000,110000,needs_review,/Users/jinwoo/Documents/Codex/2026-05-30/new-chat/policy-tracker/data/images/433/ktm.png
2026-02-05 10:46:16,433,케이엘모바일_부성정책_ 2월 5일_ 5차 정책,sk7,80000,100000,80000,110000,needs_review,/Users/jinwoo/Documents/Codex/2026-05-30/new-chat/policy-tracker/data/images/433/sk7.png
2026-02-05 10:46:16,433,케이엘모바일_부성정책_ 2월 5일_ 5차 정책,skylife,55000,100000,65000,110000,needs_review,/Users/jinwoo/Documents/Codex/2026-05-30/new-chat/policy-tracker/data/images/433/skylife.png
2026-02-05 10:46:16,433,케이엘모바일_부성정책_ 2월 5일_ 5차 정책,umobile,55000,100000,55000,101000,needs_review,/Users/jinwoo/Documents/Codex/2026-05-30/new-chat/policy-tracker/data/images/433/umobile.png
2026-02-05 13:48:22,434,케이엘모바일_부성정책_ 2월 5일_ 5차 정책_(수정),hello,30000,90000,30000,100000,needs_review,/Users/jinwoo/Documents/Codex/2026-05-30/new-chat/policy-tracker/data/images/434/hello.png
2026-02-05 13:48:22,434,케이엘모바일_부성정책_ 2월 5일_ 5차 정책_(수정),ktm,60000,100000,60000,110000,needs_review,/Users/jinwoo/Documents/Codex/2026-05-30/new-chat/policy-tracker/data/images/434/ktm.png
2026-02-05 13:48:22,434,케이엘모바일_부성정책_ 2월 5일_ 5차 정책_(수정),sk7,80000,100000,80000,110000,needs_review,/Users/jinwoo/Documents/Codex/2026-05-30/new-chat/policy-tracker/data/images/434/sk7.png
2026-02-05 13:48:22,434,케이엘모바일_부성정책_ 2월 5일_ 5차 정책_(수정),skylife,55000,100000,65000,110000,needs_review,/Users/jinwoo/Documents/Codex/2026-05-30/new-chat/policy-tracker/data/images/434/skylife.png
2026-02-05 13:48:22,434,케이엘모바일_부성정책_ 2월 5일_ 5차 정책_(수정),umobile,55000,100000,55000,111000,needs_review,/Users/jinwoo/Documents/Codex/2026-05-30/new-chat/policy-tracker/data/images/434/umobile.png
2026-02-06 11:26:39,435,케이엘모바일_부성정책_ 2월 6일_ 6차 정책_(수정),hello,30000,90000,30000,100000,needs_review,/Users/jinwoo/Documents/Codex/2026-05-30/new-chat/policy-tracker/data/images/435/hello.png
2026-02-06 11:26:39,435,케이엘모바일_부성정책_ 2월 6일_ 6차 정책_(수정),ktm,80000,100000,80000,110000,needs_review,/Users/jinwoo/Documents/Codex/2026-05-30/new-chat/policy-tracker/data/images/435/ktm.png
2026-02-06 11:26:39,435,케이엘모바일_부성정책_ 2월 6일_ 6차 정책_(수정),sk7,80000,100000,80000,110000,needs_review,/Users/jinwoo/Documents/Codex/2026-05-30/new-chat/policy-tracker/data/images/435/sk7.png
2026-02-06 11:26:39,435,케이엘모바일_부성정책_ 2월 6일_ 6차 정책_(수정),skylife,55000,100000,65000,110000,needs_review,/Users/jinwoo/Documents/Codex/2026-05-30/new-chat/policy-tracker/data/images/435/skylife.png
2026-02-06 11:26:39,435,케이엘모바일_부성정책_ 2월 6일_ 6차 정책_(수정),umobile,55000,100000,55000,111000,needs_review,/Users/jinwoo/Documents/Codex/2026-05-30/new-chat/policy-tracker/data/images/435/umobile.png
2026-02-10 10:37:54,436,케이엘모바일_부성정책_ 2월 10일_ 7차 정책,hello,30000,90000,30000,100000,needs_review,/Users/jinwoo/Documents/Codex/2026-05-30/new-chat/policy-tracker/data/images/436/hello.png
2026-02-10 10:37:54,436,케이엘모바일_부성정책_ 2월 10일_ 7차 정책,ktm,80000,100000,80000,110000,needs_review,/Users/jinwoo/Documents/Codex/2026-05-30/new-chat/policy-tracker/data/images/436/ktm.png
2026-02-10 10:37:54,436,케이엘모바일_부성정책_ 2월 10일_ 7차 정책,skylife,55000,100000,65000,110000,needs_review,/Users/jinwoo/Documents/Codex/2026-05-30/new-chat/policy-tracker/data/images/436/skylife.png
2026-02-10 10:37:54,436,케이엘모바일_부성정책_ 2월 10일_ 7차 정책,umobile,55000,100000,55000,111000,needs_review,/Users/jinwoo/Documents/Codex/2026-05-30/new-chat/policy-tracker/data/images/436/umobile.png
2026-02-10 16:01:39,437,케이엘모바일_부성정책_ 2월 10일_ 7차 정책_(수정),hello,30000,90000,30000,100000,needs_review,/Users/jinwoo/Documents/Codex/2026-05-30/new-chat/policy-tracker/data/images/437/hello.png
2026-02-10 16:01:39,437,케이엘모바일_부성정책_ 2월 10일_ 7차 정책_(수정),ktm,80000,100000,80000,110000,needs_review,/Users/jinwoo/Documents/Codex/2026-05-30/new-chat/policy-tracker/data/images/437/ktm.png
2026-02-10 16:01:39,437,케이엘모바일_부성정책_ 2월 10일_ 7차 정책_(수정),sk7,100000,100000,100000,110000,needs_review,/Users/jinwoo/Documents/Codex/2026-05-30/new-chat/policy-tracker/data/images/437/sk7.png
2026-02-10 16:01:39,437,케이엘모바일_부성정책_ 2월 10일_ 7차 정책_(수정),skylife,55000,100000,65000,110000,needs_review,/Users/jinwoo/Documents/Codex/2026-05-30/new-chat/policy-tracker/data/images/437/skylife.png
2026-02-10 16:01:39,437,케이엘모바일_부성정책_ 2월 10일_ 7차 정책_(수정),umobile,55000,100000,55000,111000,needs_review,/Users/jinwoo/Documents/Codex/2026-05-30/new-chat/policy-tracker/data/images/437/umobile.png
2026-02-11 11:30:08,438,케이엘모바일_부성정책_ 2월 11일_ 8차 정책,hello,30000,90000,30000,100000,needs_review,/Users/jinwoo/Documents/Codex/2026-05-30/new-chat/policy-tracker/data/images/438/hello.png
2026-02-11 11:30:08,438,케이엘모바일_부성정책_ 2월 11일_ 8차 정책,ktm,80000,100000,80000,110000,needs_review,/Users/jinwoo/Documents/Codex/2026-05-30/new-chat/policy-tracker/data/images/438/ktm.png
2026-02-11 11:30:08,438,케이엘모바일_부성정책_ 2월 11일_ 8차 정책,sk7,100000,100000,100000,110000,needs_review,/Users/jinwoo/Documents/Codex/2026-05-30/new-chat/policy-tracker/data/images/438/sk7.png
2026-02-11 11:30:08,438,케이엘모바일_부성정책_ 2월 11일_ 8차 정책,skylife,55000,100000,65000,110000,needs_review,/Users/jinwoo/Documents/Codex/2026-05-30/new-chat/policy-tracker/data/images/438/skylife.png
2026-02-11 11:30:08,438,케이엘모바일_부성정책_ 2월 11일_ 8차 정책,umobile,55000,100000,55000,110000,needs_review,/Users/jinwoo/Documents/Codex/2026-05-30/new-chat/policy-tracker/data/images/438/umobile.png
2026-02-12 10:19:04,439,케이엘모바일_부성정책_ 2월 12일_ 9차 정책,hello,30000,90000,30000,100000,needs_review,/Users/jinwoo/Documents/Codex/2026-05-30/new-chat/policy-tracker/data/images/439/hello.png
2026-02-12 10:19:04,439,케이엘모바일_부성정책_ 2월 12일_ 9차 정책,ktm,60000,100000,60000,110000,needs_review,/Users/jinwoo/Documents/Codex/2026-05-30/new-chat/policy-tracker/data/images/439/ktm.png
2026-02-12 10:19:04,439,케이엘모바일_부성정책_ 2월 12일_ 9차 정책,sk7,100000,100000,100000,110000,needs_review,/Users/jinwoo/Documents/Codex/2026-05-30/new-chat/policy-tracker/data/images/439/sk7.png
2026-02-12 10:19:04,439,케이엘모바일_부성정책_ 2월 12일_ 9차 정책,skylife,55000,100000,65000,110000,needs_review,/Users/jinwoo/Documents/Codex/2026-05-30/new-chat/policy-tracker/data/images/439/skylife.png
2026-02-12 10:19:04,439,케이엘모바일_부성정책_ 2월 12일_ 9차 정책,umobile,55000,100000,55000,110000,needs_review,/Users/jinwoo/Documents/Codex/2026-05-30/new-chat/policy-tracker/data/images/439/umobile.png
2026-02-13 11:51:11,440,케이엘모바일_부성정책_ 2월 13일_ 10차 정책,hello,30000,90000,30000,100000,needs_review,/Users/jinwoo/Documents/Codex/2026-05-30/new-chat/policy-tracker/data/images/440/hello.png
2026-02-13 11:51:11,440,케이엘모바일_부성정책_ 2월 13일_ 10차 정책,ktm,60000,100000,60000,110000,needs_review,/Users/jinwoo/Documents/Codex/2026-05-30/new-chat/policy-tracker/data/images/440/ktm.png
2026-02-13 11:51:11,440,케이엘모바일_부성정책_ 2월 13일_ 10차 정책,sk7,100000,100000,100000,110000,needs_review,/Users/jinwoo/Documents/Codex/2026-05-30/new-chat/policy-tracker/data/images/440/sk7.png
2026-02-13 11:51:11,440,케이엘모바일_부성정책_ 2월 13일_ 10차 정책,skylife,55000,100000,65000,110000,needs_review,/Users/jinwoo/Documents/Codex/2026-05-30/new-chat/policy-tracker/data/images/440/skylife.png
2026-02-13 11:51:11,440,케이엘모바일_부성정책_ 2월 13일_ 10차 정책,umobile,55000,100000,55000,110000,needs_review,/Users/jinwoo/Documents/Codex/2026-05-30/new-chat/policy-tracker/data/images/440/umobile.png
2026-02-20 10:43:05,441,케이엘모바일_부성정책_ 2월 20일_ 11차 정책,hello,30000,90000,30000,100000,needs_review,/Users/jinwoo/Documents/Codex/2026-05-30/new-chat/policy-tracker/data/images/441/hello.png
2026-02-20 10:43:05,441,케이엘모바일_부성정책_ 2월 20일_ 11차 정책,ktm,60000,100000,60000,110000,needs_review,/Users/jinwoo/Documents/Codex/2026-05-30/new-chat/policy-tracker/data/images/441/ktm.png
2026-02-20 10:43:05,441,케이엘모바일_부성정책_ 2월 20일_ 11차 정책,skylife,55000,100000,65000,110000,needs_review,/Users/jinwoo/Documents/Codex/2026-05-30/new-chat/policy-tracker/data/images/441/skylife.png
2026-02-20 10:43:05,441,케이엘모바일_부성정책_ 2월 20일_ 11차 정책,umobile,55000,100000,55000,110000,needs_review,/Users/jinwoo/Documents/Codex/2026-05-30/new-chat/policy-tracker/data/images/441/umobile.png
2026-02-20 12:54:54,442,케이엘모바일_부성정책_ 2월 20일_ 11차 정책_(수정),hello,30000,90000,30000,100000,needs_review,/Users/jinwoo/Documents/Codex/2026-05-30/new-chat/policy-tracker/data/images/442/hello.png
2026-02-20 12:54:54,442,케이엘모바일_부성정책_ 2월 20일_ 11차 정책_(수정),ktm,60000,100000,60000,110000,needs_review,/Users/jinwoo/Documents/Codex/2026-05-30/new-chat/policy-tracker/data/images/442/ktm.png
2026-02-20 12:54:54,442,케이엘모바일_부성정책_ 2월 20일_ 11차 정책_(수정),sk7,100000,140000,100000,150000,needs_review,/Users/jinwoo/Documents/Codex/2026-05-30/new-chat/policy-tracker/data/images/442/sk7.png
2026-02-20 12:54:54,442,케이엘모바일_부성정책_ 2월 20일_ 11차 정책_(수정),skylife,55000,100000,65000,110000,needs_review,/Users/jinwoo/Documents/Codex/2026-05-30/new-chat/policy-tracker/data/images/442/skylife.png
2026-02-20 12:54:54,442,케이엘모바일_부성정책_ 2월 20일_ 11차 정책_(수정),umobile,55000,130000,55000,140000,needs_review,/Users/jinwoo/Documents/Codex/2026-05-30/new-chat/policy-tracker/data/images/442/umobile.png
2026-02-21 10:15:50,443,케이엘모바일_부성정책_ 2월 21일_ 12차 정책,hello,30000,90000,30000,100000,needs_review,/Users/jinwoo/Documents/Codex/2026-05-30/new-chat/policy-tracker/data/images/443/hello.png
2026-02-21 10:15:50,443,케이엘모바일_부성정책_ 2월 21일_ 12차 정책,ktm,60000,130000,60000,140000,needs_review,/Users/jinwoo/Documents/Codex/2026-05-30/new-chat/policy-tracker/data/images/443/ktm.png
2026-02-21 10:15:50,443,케이엘모바일_부성정책_ 2월 21일_ 12차 정책,sk7,100000,140000,100000,150000,needs_review,/Users/jinwoo/Documents/Codex/2026-05-30/new-chat/policy-tracker/data/images/443/sk7.png
2026-02-21 10:15:50,443,케이엘모바일_부성정책_ 2월 21일_ 12차 정책,skylife,65000,130000,75000,140000,needs_review,/Users/jinwoo/Documents/Codex/2026-05-30/new-chat/policy-tracker/data/images/443/skylife.png
2026-02-21 10:15:50,443,케이엘모바일_부성정책_ 2월 21일_ 12차 정책,umobile,55000,150000,55000,160000,needs_review,/Users/jinwoo/Documents/Codex/2026-05-30/new-chat/policy-tracker/data/images/443/umobile.png
2026-02-25 09:56:16,444,케이엘모바일_부성정책_ 2월 25일_ 13차 정책,hello,30000,90000,30000,100000,needs_review,/Users/jinwoo/Documents/Codex/2026-05-30/new-chat/policy-tracker/data/images/444/hello.png
2026-02-25 09:56:16,444,케이엘모바일_부성정책_ 2월 25일_ 13차 정책,ktm,60000,130000,60000,140000,needs_review,/Users/jinwoo/Documents/Codex/2026-05-30/new-chat/policy-tracker/data/images/444/ktm.png
2026-02-25 09:56:16,444,케이엘모바일_부성정책_ 2월 25일_ 13차 정책,sk7,80000,140000,80000,150000,needs_review,/Users/jinwoo/Documents/Codex/2026-05-30/new-chat/policy-tracker/data/images/444/sk7.png
2026-02-25 09:56:16,444,케이엘모바일_부성정책_ 2월 25일_ 13차 정책,skylife,65000,130000,75000,140000,needs_review,/Users/jinwoo/Documents/Codex/2026-05-30/new-chat/policy-tracker/data/images/444/skylife.png
2026-02-25 09:56:16,444,케이엘모바일_부성정책_ 2월 25일_ 13차 정책,umobile,55000,150000,55000,160000,needs_review,/Users/jinwoo/Documents/Codex/2026-05-30/new-chat/policy-tracker/data/images/444/umobile.png
2026-02-26 11:16:02,445,케이엘모바일_부성정책_ 2월 26일_ 14차 정책_(수정),hello,30000,90000,30000,100000,needs_review,/Users/jinwoo/Documents/Codex/2026-05-30/new-chat/policy-tracker/data/images/445/hello.png
2026-02-26 11:16:02,445,케이엘모바일_부성정책_ 2월 26일_ 14차 정책_(수정),ktm,60000,130000,60000,140000,needs_review,/Users/jinwoo/Documents/Codex/2026-05-30/new-chat/policy-tracker/data/images/445/ktm.png
2026-02-26 11:16:02,445,케이엘모바일_부성정책_ 2월 26일_ 14차 정책_(수정),sk7,70000,140000,70000,150000,needs_review,/Users/jinwoo/Documents/Codex/2026-05-30/new-chat/policy-tracker/data/images/445/sk7.png
2026-02-26 11:16:02,445,케이엘모바일_부성정책_ 2월 26일_ 14차 정책_(수정),skylife,65000,130000,75000,160000,needs_review,/Users/jinwoo/Documents/Codex/2026-05-30/new-chat/policy-tracker/data/images/445/skylife.png
2026-02-26 11:16:02,445,케이엘모바일_부성정책_ 2월 26일_ 14차 정책_(수정),umobile,55000,150000,55000,160000,needs_review,/Users/jinwoo/Documents/Codex/2026-05-30/new-chat/policy-tracker/data/images/445/umobile.png
2026-02-27 15:49:37,446,케이엘모바일_부성정책_ 2월 27일_ 15차 정책,hello,30000,90000,30000,100000,needs_review,/Users/jinwoo/Documents/Codex/2026-05-30/new-chat/policy-tracker/data/images/446/hello.png
2026-02-27 15:49:37,446,케이엘모바일_부성정책_ 2월 27일_ 15차 정책,ktm,60000,110000,60000,120000,needs_review,/Users/jinwoo/Documents/Codex/2026-05-30/new-chat/policy-tracker/data/images/446/ktm.png
2026-02-27 15:49:37,446,케이엘모바일_부성정책_ 2월 27일_ 15차 정책,sk7,70000,110000,70000,110000,needs_review,/Users/jinwoo/Documents/Codex/2026-05-30/new-chat/policy-tracker/data/images/446/sk7.png
2026-02-27 15:49:37,446,케이엘모바일_부성정책_ 2월 27일_ 15차 정책,skylife,65000,130000,75000,160000,needs_review,/Users/jinwoo/Documents/Codex/2026-05-30/new-chat/policy-tracker/data/images/446/skylife.png
2026-02-27 15:49:37,446,케이엘모바일_부성정책_ 2월 27일_ 15차 정책,umobile,55000,150000,55000,160000,needs_review,/Users/jinwoo/Documents/Codex/2026-05-30/new-chat/policy-tracker/data/images/446/umobile.png
2026-02-28 11:39:53,447,케이엘모바일_부성정책_ 2월 28일_ 16차 정책,hello,30000,90000,30000,100000,needs_review,/Users/jinwoo/Documents/Codex/2026-05-30/new-chat/policy-tracker/data/images/447/hello.png
2026-02-28 11:39:53,447,케이엘모바일_부성정책_ 2월 28일_ 16차 정책,ktm,60000,110000,60000,120000,needs_review,/Users/jinwoo/Documents/Codex/2026-05-30/new-chat/policy-tracker/data/images/447/ktm.png
2026-02-28 11:39:53,447,케이엘모바일_부성정책_ 2월 28일_ 16차 정책,sk7,70000,110000,70000,110000,needs_review,/Users/jinwoo/Documents/Codex/2026-05-30/new-chat/policy-tracker/data/images/447/sk7.png
2026-02-28 11:39:53,447,케이엘모바일_부성정책_ 2월 28일_ 16차 정책,skylife,65000,130000,75000,160000,needs_review,/Users/jinwoo/Documents/Codex/2026-05-30/new-chat/policy-tracker/data/images/447/skylife.png
2026-02-28 11:39:53,447,케이엘모바일_부성정책_ 2월 28일_ 16차 정책,umobile,55000,130000,55000,140000,needs_review,/Users/jinwoo/Documents/Codex/2026-05-30/new-chat/policy-tracker/data/images/447/umobile.png
2026-03-02 11:15:25,448,케이엘모바일_부성정책_ 3월 1일_ 1차 정책,hello,30000,90000,30000,120000,needs_review,/Users/jinwoo/Documents/Codex/2026-05-30/new-chat/policy-tracker/data/images/448/hello.png
2026-03-02 11:15:25,448,케이엘모바일_부성정책_ 3월 1일_ 1차 정책,ktm,60000,110000,60000,120000,needs_review,/Users/jinwoo/Documents/Codex/2026-05-30/new-chat/policy-tracker/data/images/448/ktm.png
2026-03-02 11:15:25,448,케이엘모바일_부성정책_ 3월 1일_ 1차 정책,skylife,65000,110000,75000,120000,needs_review,/Users/jinwoo/Documents/Codex/2026-05-30/new-chat/policy-tracker/data/images/448/skylife.png
2026-03-02 11:15:25,448,케이엘모바일_부성정책_ 3월 1일_ 1차 정책,umobile,55000,110000,55000,120000,needs_review,/Users/jinwoo/Documents/Codex/2026-05-30/new-chat/policy-tracker/data/images/448/umobile.png
2026-03-03 10:30:01,449,케이엘모바일_부성정책_ 3월 3일_ 2차 정책,hello,30000,90000,30000,120000,needs_review,/Users/jinwoo/Documents/Codex/2026-05-30/new-chat/policy-tracker/data/images/449/hello.png
2026-03-03 10:30:01,449,케이엘모바일_부성정책_ 3월 3일_ 2차 정책,ktm,80000,110000,80000,120000,needs_review,/Users/jinwoo/Documents/Codex/2026-05-30/new-chat/policy-tracker/data/images/449/ktm.png
2026-03-03 10:30:01,449,케이엘모바일_부성정책_ 3월 3일_ 2차 정책,sk7,80000,110000,80000,120000,needs_review,/Users/jinwoo/Documents/Codex/2026-05-30/new-chat/policy-tracker/data/images/449/sk7.png
2026-03-03 10:30:01,449,케이엘모바일_부성정책_ 3월 3일_ 2차 정책,skylife,65000,110000,75000,120000,needs_review,/Users/jinwoo/Documents/Codex/2026-05-30/new-chat/policy-tracker/data/images/449/skylife.png
2026-03-03 10:30:01,449,케이엘모바일_부성정책_ 3월 3일_ 2차 정책,umobile,60000,110000,60000,120000,needs_review,/Users/jinwoo/Documents/Codex/2026-05-30/new-chat/policy-tracker/data/images/449/umobile.png
2026-03-05 10:25:51,450,케이엘모바일_부성정책_ 3월 5일_ 3차 정책,hello,30000,90000,30000,120000,needs_review,/Users/jinwoo/Documents/Codex/2026-05-30/new-chat/policy-tracker/data/images/450/hello.png
2026-03-05 10:25:51,450,케이엘모바일_부성정책_ 3월 5일_ 3차 정책,ktm,80000,110000,80000,120000,needs_review,/Users/jinwoo/Documents/Codex/2026-05-30/new-chat/policy-tracker/data/images/450/ktm.png
2026-03-05 10:25:51,450,케이엘모바일_부성정책_ 3월 5일_ 3차 정책,sk7,80000,110000,80000,120000,needs_review,/Users/jinwoo/Documents/Codex/2026-05-30/new-chat/policy-tracker/data/images/450/sk7.png
2026-03-05 10:25:51,450,케이엘모바일_부성정책_ 3월 5일_ 3차 정책,skylife,65000,110000,75000,120000,needs_review,/Users/jinwoo/Documents/Codex/2026-05-30/new-chat/policy-tracker/data/images/450/skylife.png
2026-03-05 10:25:51,450,케이엘모바일_부성정책_ 3월 5일_ 3차 정책,umobile,60000,110000,60000,120000,needs_review,/Users/jinwoo/Documents/Codex/2026-05-30/new-chat/policy-tracker/data/images/450/umobile.png
2026-03-06 11:16:17,451,케이엘모바일_부성정책_ 3월 6일_ 4차 정책,hello,30000,90000,30000,150000,needs_review,/Users/jinwoo/Documents/Codex/2026-05-30/new-chat/policy-tracker/data/images/451/hello.png
2026-03-06 11:16:17,451,케이엘모바일_부성정책_ 3월 6일_ 4차 정책,ktm,70000,110000,80000,120000,needs_review,/Users/jinwoo/Documents/Codex/2026-05-30/new-chat/policy-tracker/data/images/451/ktm.png
2026-03-06 11:16:17,451,케이엘모바일_부성정책_ 3월 6일_ 4차 정책,sk7,80000,120000,80000,130000,needs_review,/Users/jinwoo/Documents/Codex/2026-05-30/new-chat/policy-tracker/data/images/451/sk7.png
2026-03-06 11:16:17,451,케이엘모바일_부성정책_ 3월 6일_ 4차 정책,skylife,65000,110000,75000,120000,needs_review,/Users/jinwoo/Documents/Codex/2026-05-30/new-chat/policy-tracker/data/images/451/skylife.png
2026-03-06 11:16:17,451,케이엘모바일_부성정책_ 3월 6일_ 4차 정책,umobile,60000,120000,60000,150000,needs_review,/Users/jinwoo/Documents/Codex/2026-05-30/new-chat/policy-tracker/data/images/451/umobile.png
2026-03-07 11:26:39,452,케이엘모바일_부성정책_ 3월 7일_ 5차 정책,hello,30000,90000,30000,150000,needs_review,/Users/jinwoo/Documents/Codex/2026-05-30/new-chat/policy-tracker/data/images/452/hello.png
2026-03-07 11:26:39,452,케이엘모바일_부성정책_ 3월 7일_ 5차 정책,ktm,70000,130000,80000,140000,needs_review,/Users/jinwoo/Documents/Codex/2026-05-30/new-chat/policy-tracker/data/images/452/ktm.png
2026-03-07 11:26:39,452,케이엘모바일_부성정책_ 3월 7일_ 5차 정책,sk7,80000,130000,80000,140000,needs_review,/Users/jinwoo/Documents/Codex/2026-05-30/new-chat/policy-tracker/data/images/452/sk7.png
2026-03-07 11:26:39,452,케이엘모바일_부성정책_ 3월 7일_ 5차 정책,skylife,65000,120000,75000,130000,needs_review,/Users/jinwoo/Documents/Codex/2026-05-30/new-chat/policy-tracker/data/images/452/skylife.png
2026-03-07 11:26:39,452,케이엘모바일_부성정책_ 3월 7일_ 5차 정책,umobile,60000,120000,60000,150000,needs_review,/Users/jinwoo/Documents/Codex/2026-05-30/new-chat/policy-tracker/data/images/452/umobile.png
2026-03-10 10:21:01,453,케이엘모바일_부성정책_ 3월 10일_ 6차 정책,hello,30000,90000,30000,130000,needs_review,/Users/jinwoo/Documents/Codex/2026-05-30/new-chat/policy-tracker/data/images/453/hello.png
2026-03-10 10:21:01,453,케이엘모바일_부성정책_ 3월 10일_ 6차 정책,ktm,70000,120000,80000,130000,needs_review,/Users/jinwoo/Documents/Codex/2026-05-30/new-chat/policy-tracker/data/images/453/ktm.png
2026-03-10 10:21:01,453,케이엘모바일_부성정책_ 3월 10일_ 6차 정책,sk7,70000,120000,70000,130000,needs_review,/Users/jinwoo/Documents/Codex/2026-05-30/new-chat/policy-tracker/data/images/453/sk7.png
2026-03-10 10:21:01,453,케이엘모바일_부성정책_ 3월 10일_ 6차 정책,skylife,65000,120000,75000,130000,needs_review,/Users/jinwoo/Documents/Codex/2026-05-30/new-chat/policy-tracker/data/images/453/skylife.png
2026-03-10 10:21:01,453,케이엘모바일_부성정책_ 3월 10일_ 6차 정책,umobile,60000,110000,60000,130000,needs_review,/Users/jinwoo/Documents/Codex/2026-05-30/new-chat/policy-tracker/data/images/453/umobile.png
2026-03-11 13:05:47,454,케이엘모바일_부성정책_ 3월 11일_ 7차 정책,hello,30000,90000,30000,130000,needs_review,/Users/jinwoo/Documents/Codex/2026-05-30/new-chat/policy-tracker/data/images/454/hello.png
2026-03-11 13:05:47,454,케이엘모바일_부성정책_ 3월 11일_ 7차 정책,ktm,70000,120000,80000,130000,needs_review,/Users/jinwoo/Documents/Codex/2026-05-30/new-chat/policy-tracker/data/images/454/ktm.png
2026-03-11 13:05:47,454,케이엘모바일_부성정책_ 3월 11일_ 7차 정책,umobile,70000,120000,70000,130000,needs_review,/Users/jinwoo/Documents/Codex/2026-05-30/new-chat/policy-tracker/data/images/454/umobile.png
2026-03-13 10:00:33,455,케이엘모바일_부성정책_ 3월 13일_ 8차 정책,hello,30000,90000,30000,130000,needs_review,/Users/jinwoo/Documents/Codex/2026-05-30/new-chat/policy-tracker/data/images/455/hello.png
2026-03-13 10:00:33,455,케이엘모바일_부성정책_ 3월 13일_ 8차 정책,ktm,70000,120000,80000,130000,needs_review,/Users/jinwoo/Documents/Codex/2026-05-30/new-chat/policy-tracker/data/images/455/ktm.png
2026-03-13 10:00:33,455,케이엘모바일_부성정책_ 3월 13일_ 8차 정책,sk7,70000,120000,70000,130000,needs_review,/Users/jinwoo/Documents/Codex/2026-05-30/new-chat/policy-tracker/data/images/455/sk7.png
2026-03-13 10:00:33,455,케이엘모바일_부성정책_ 3월 13일_ 8차 정책,skylife,65000,120000,75000,130000,needs_review,/Users/jinwoo/Documents/Codex/2026-05-30/new-chat/policy-tracker/data/images/455/skylife.png
2026-03-13 10:00:33,455,케이엘모바일_부성정책_ 3월 13일_ 8차 정책,umobile,70000,120000,70000,130000,needs_review,/Users/jinwoo/Documents/Codex/2026-05-30/new-chat/policy-tracker/data/images/455/umobile.png
2026-03-18 09:53:26,456,케이엘모바일_부성정책_ 3월 18일_ 9차 정책,hello,30000,90000,30000,130000,needs_review,/Users/jinwoo/Documents/Codex/2026-05-30/new-chat/policy-tracker/data/images/456/hello.png
2026-03-18 09:53:26,456,케이엘모바일_부성정책_ 3월 18일_ 9차 정책,ktm,70000,120000,80000,130000,needs_review,/Users/jinwoo/Documents/Codex/2026-05-30/new-chat/policy-tracker/data/images/456/ktm.png
2026-03-18 09:53:26,456,케이엘모바일_부성정책_ 3월 18일_ 9차 정책,sk7,70000,120000,70000,130000,needs_review,/Users/jinwoo/Documents/Codex/2026-05-30/new-chat/policy-tracker/data/images/456/sk7.png
2026-03-18 09:53:26,456,케이엘모바일_부성정책_ 3월 18일_ 9차 정책,skylife,65000,120000,75000,130000,needs_review,/Users/jinwoo/Documents/Codex/2026-05-30/new-chat/policy-tracker/data/images/456/skylife.png
2026-03-18 09:53:26,456,케이엘모바일_부성정책_ 3월 18일_ 9차 정책,umobile,70000,120000,70000,130000,needs_review,/Users/jinwoo/Documents/Codex/2026-05-30/new-chat/policy-tracker/data/images/456/umobile.png
2026-03-19 10:16:50,458,케이엘모바일_부성정책_ 3월 19일_ 10차 정책,hello,30000,90000,30000,130000,needs_review,/Users/jinwoo/Documents/Codex/2026-05-30/new-chat/policy-tracker/data/images/458/hello.png
2026-03-19 10:16:50,458,케이엘모바일_부성정책_ 3월 19일_ 10차 정책,ktm,70000,120000,80000,130000,needs_review,/Users/jinwoo/Documents/Codex/2026-05-30/new-chat/policy-tracker/data/images/458/ktm.png
2026-03-19 10:16:50,458,케이엘모바일_부성정책_ 3월 19일_ 10차 정책,sk7,70000,100000,70000,110000,needs_review,/Users/jinwoo/Documents/Codex/2026-05-30/new-chat/policy-tracker/data/images/458/sk7.png
2026-03-19 10:16:50,458,케이엘모바일_부성정책_ 3월 19일_ 10차 정책,skylife,65000,120000,75000,130000,needs_review,/Users/jinwoo/Documents/Codex/2026-05-30/new-chat/policy-tracker/data/images/458/skylife.png
2026-03-19 10:16:50,458,케이엘모바일_부성정책_ 3월 19일_ 10차 정책,umobile,70000,120000,70000,130000,needs_review,/Users/jinwoo/Documents/Codex/2026-05-30/new-chat/policy-tracker/data/images/458/umobile.png
2026-03-19 14:10:22,459,케이엘모바일_부성정책_ 3월 19일_ 10차 정책_수정,hello,30000,90000,30000,130000,needs_review,/Users/jinwoo/Documents/Codex/2026-05-30/new-chat/policy-tracker/data/images/459/hello.png
2026-03-19 14:10:22,459,케이엘모바일_부성정책_ 3월 19일_ 10차 정책_수정,ktm,70000,100000,80000,110000,needs_review,/Users/jinwoo/Documents/Codex/2026-05-30/new-chat/policy-tracker/data/images/459/ktm.png
2026-03-19 14:10:22,459,케이엘모바일_부성정책_ 3월 19일_ 10차 정책_수정,sk7,70000,100000,70000,110000,needs_review,/Users/jinwoo/Documents/Codex/2026-05-30/new-chat/policy-tracker/data/images/459/sk7.png
2026-03-19 14:10:22,459,케이엘모바일_부성정책_ 3월 19일_ 10차 정책_수정,skylife,45000,100000,55000,110000,needs_review,/Users/jinwoo/Documents/Codex/2026-05-30/new-chat/policy-tracker/data/images/459/skylife.png
2026-03-19 14:10:22,459,케이엘모바일_부성정책_ 3월 19일_ 10차 정책_수정,umobile,70000,120000,70000,130000,needs_review,/Users/jinwoo/Documents/Codex/2026-05-30/new-chat/policy-tracker/data/images/459/umobile.png
2026-03-20 10:44:57,460,케이엘모바일_부성정책_ 3월 20일_ 11차 정책,hello,30000,90000,30000,110000,needs_review,/Users/jinwoo/Documents/Codex/2026-05-30/new-chat/policy-tracker/data/images/460/hello.png
2026-03-20 10:44:57,460,케이엘모바일_부성정책_ 3월 20일_ 11차 정책,ktm,70000,90000,80000,100000,needs_review,/Users/jinwoo/Documents/Codex/2026-05-30/new-chat/policy-tracker/data/images/460/ktm.png
2026-03-20 10:44:57,460,케이엘모바일_부성정책_ 3월 20일_ 11차 정책,sk7,70000,100000,70000,110000,needs_review,/Users/jinwoo/Documents/Codex/2026-05-30/new-chat/policy-tracker/data/images/460/sk7.png
2026-03-20 10:44:57,460,케이엘모바일_부성정책_ 3월 20일_ 11차 정책,skylife,45000,100000,55000,110000,needs_review,/Users/jinwoo/Documents/Codex/2026-05-30/new-chat/policy-tracker/data/images/460/skylife.png
2026-03-20 10:44:57,460,케이엘모바일_부성정책_ 3월 20일_ 11차 정책,umobile,60000,90000,60000,100000,needs_review,/Users/jinwoo/Documents/Codex/2026-05-30/new-chat/policy-tracker/data/images/460/umobile.png
2026-03-23 11:21:46,461,케이엘모바일_부성정책_ 3월 23일_ 12차 정책,hello,30000,90000,30000,110000,needs_review,/Users/jinwoo/Documents/Codex/2026-05-30/new-chat/policy-tracker/data/images/461/hello.png
2026-03-23 11:21:46,461,케이엘모바일_부성정책_ 3월 23일_ 12차 정책,ktm,70000,90000,80000,100000,needs_review,/Users/jinwoo/Documents/Codex/2026-05-30/new-chat/policy-tracker/data/images/461/ktm.png
2026-03-23 11:21:46,461,케이엘모바일_부성정책_ 3월 23일_ 12차 정책,sk7,70000,100000,70000,110000,needs_review,/Users/jinwoo/Documents/Codex/2026-05-30/new-chat/policy-tracker/data/images/461/sk7.png
2026-03-23 11:21:46,461,케이엘모바일_부성정책_ 3월 23일_ 12차 정책,skylife,45000,100000,55000,110000,needs_review,/Users/jinwoo/Documents/Codex/2026-05-30/new-chat/policy-tracker/data/images/461/skylife.png
2026-03-23 11:21:46,461,케이엘모바일_부성정책_ 3월 23일_ 12차 정책,umobile,60000,90000,60000,100000,needs_review,/Users/jinwoo/Documents/Codex/2026-05-30/new-chat/policy-tracker/data/images/461/umobile.png
2026-04-01 12:39:20,462,케이엘모바일_부성정책_ 4월 1일_ 1차 정책,hello,30000,100000,30000,100000,needs_review,/Users/jinwoo/Documents/Codex/2026-05-30/new-chat/policy-tracker/data/images/462/hello.png
2026-04-01 12:39:20,462,케이엘모바일_부성정책_ 4월 1일_ 1차 정책,ktm,105000,90000,105000,100000,manual_fixed,/Users/jinwoo/Documents/Codex/2026-05-30/new-chat/policy-tracker/data/images/462/ktm.png
2026-04-01 12:39:20,462,케이엘모바일_부성정책_ 4월 1일_ 1차 정책,sk7,70000,90000,70000,100000,needs_review,/Users/jinwoo/Documents/Codex/2026-05-30/new-chat/policy-tracker/data/images/462/sk7.png
2026-04-01 12:39:20,462,케이엘모바일_부성정책_ 4월 1일_ 1차 정책,skylife,55000,90000,65000,100000,needs_review,/Users/jinwoo/Documents/Codex/2026-05-30/new-chat/policy-tracker/data/images/462/skylife.png
2026-04-01 12:39:20,462,케이엘모바일_부성정책_ 4월 1일_ 1차 정책,umobile,60000,90000,60000,100000,needs_review,/Users/jinwoo/Documents/Codex/2026-05-30/new-chat/policy-tracker/data/images/462/umobile.png
2026-04-02 10:19:17,463,케이엘모바일_부성정책_ 4월 2일_ 2차 정책,hello,30000,100000,30000,100000,needs_review,/Users/jinwoo/Documents/Codex/2026-05-30/new-chat/policy-tracker/data/images/463/hello.png
2026-04-02 10:19:17,463,케이엘모바일_부성정책_ 4월 2일_ 2차 정책,ktm,90000,90000,90000,100000,needs_review,/Users/jinwoo/Documents/Codex/2026-05-30/new-chat/policy-tracker/data/images/463/ktm.png
2026-04-02 10:19:17,463,케이엘모바일_부성정책_ 4월 2일_ 2차 정책,sk7,80000,90000,80000,100000,needs_review,/Users/jinwoo/Documents/Codex/2026-05-30/new-chat/policy-tracker/data/images/463/sk7.png
2026-04-02 10:19:17,463,케이엘모바일_부성정책_ 4월 2일_ 2차 정책,skylife,55000,90000,65000,100000,needs_review,/Users/jinwoo/Documents/Codex/2026-05-30/new-chat/policy-tracker/data/images/463/skylife.png
2026-04-02 10:19:17,463,케이엘모바일_부성정책_ 4월 2일_ 2차 정책,umobile,60000,90000,60000,100000,needs_review,/Users/jinwoo/Documents/Codex/2026-05-30/new-chat/policy-tracker/data/images/463/umobile.png
2026-04-03 10:44:38,464,케이엘모바일_부성정책_ 4월 3일_ 3차 정책,hello,30000,100000,30000,130000,needs_review,/Users/jinwoo/Documents/Codex/2026-05-30/new-chat/policy-tracker/data/images/464/hello.png
2026-04-03 10:44:38,464,케이엘모바일_부성정책_ 4월 3일_ 3차 정책,ktm,90000,90000,90000,100000,needs_review,/Users/jinwoo/Documents/Codex/2026-05-30/new-chat/policy-tracker/data/images/464/ktm.png
2026-04-03 10:44:38,464,케이엘모바일_부성정책_ 4월 3일_ 3차 정책,sk7,80000,90000,80000,100000,needs_review,/Users/jinwoo/Documents/Codex/2026-05-30/new-chat/policy-tracker/data/images/464/sk7.png
2026-04-03 10:44:38,464,케이엘모바일_부성정책_ 4월 3일_ 3차 정책,skylife,55000,110000,65000,120000,needs_review,/Users/jinwoo/Documents/Codex/2026-05-30/new-chat/policy-tracker/data/images/464/skylife.png
2026-04-03 10:44:38,464,케이엘모바일_부성정책_ 4월 3일_ 3차 정책,umobile,60000,120000,60000,130000,needs_review,/Users/jinwoo/Documents/Codex/2026-05-30/new-chat/policy-tracker/data/images/464/umobile.png
2026-04-07 10:27:04,466,케이엘모바일_부성정책_ 4월 7일_ 4차 정책,hello,30000,100000,30000,130000,needs_review,/Users/jinwoo/Documents/Codex/2026-05-30/new-chat/policy-tracker/data/images/466/hello.png
2026-04-07 10:27:04,466,케이엘모바일_부성정책_ 4월 7일_ 4차 정책,ktm,105000,120000,105000,130000,needs_review,/Users/jinwoo/Documents/Codex/2026-05-30/new-chat/policy-tracker/data/images/466/ktm.png
2026-04-07 10:27:04,466,케이엘모바일_부성정책_ 4월 7일_ 4차 정책,skylife,55000,110000,65000,120000,needs_review,/Users/jinwoo/Documents/Codex/2026-05-30/new-chat/policy-tracker/data/images/466/skylife.png
2026-04-07 10:27:04,466,케이엘모바일_부성정책_ 4월 7일_ 4차 정책,umobile,60000,120000,60000,130000,needs_review,/Users/jinwoo/Documents/Codex/2026-05-30/new-chat/policy-tracker/data/images/466/umobile.png
2026-04-09 10:52:44,467,케이엘모바일_부성정책_ 4월 9일_ 5차 정책,hello,30000,100000,30000,100000,needs_review,/Users/jinwoo/Documents/Codex/2026-05-30/new-chat/policy-tracker/data/images/467/hello.png
2026-04-09 10:52:44,467,케이엘모바일_부성정책_ 4월 9일_ 5차 정책,ktm,90000,90000,90000,100000,needs_review,/Users/jinwoo/Documents/Codex/2026-05-30/new-chat/policy-tracker/data/images/467/ktm.png
2026-04-09 10:52:44,467,케이엘모바일_부성정책_ 4월 9일_ 5차 정책,skylife,55000,90000,65000,100000,needs_review,/Users/jinwoo/Documents/Codex/2026-05-30/new-chat/policy-tracker/data/images/467/skylife.png
2026-04-09 10:52:44,467,케이엘모바일_부성정책_ 4월 9일_ 5차 정책,umobile,60000,90000,60000,100000,needs_review,/Users/jinwoo/Documents/Codex/2026-05-30/new-chat/policy-tracker/data/images/467/umobile.png
2026-04-15 10:48:48,468,케이엘모바일_부성정책_ 4월 15일_ 6차 정책,hello,30000,100000,30000,100000,needs_review,/Users/jinwoo/Documents/Codex/2026-05-30/new-chat/policy-tracker/data/images/468/hello.png
2026-04-15 10:48:48,468,케이엘모바일_부성정책_ 4월 15일_ 6차 정책,ktm,90000,90000,90000,100000,needs_review,/Users/jinwoo/Documents/Codex/2026-05-30/new-chat/policy-tracker/data/images/468/ktm.png
2026-04-15 10:48:48,468,케이엘모바일_부성정책_ 4월 15일_ 6차 정책,sk7,80000,90000,80000,100000,needs_review,/Users/jinwoo/Documents/Codex/2026-05-30/new-chat/policy-tracker/data/images/468/sk7.png
2026-04-15 10:48:48,468,케이엘모바일_부성정책_ 4월 15일_ 6차 정책,skylife,45000,90000,55000,100000,needs_review,/Users/jinwoo/Documents/Codex/2026-05-30/new-chat/policy-tracker/data/images/468/skylife.png
2026-04-15 10:48:48,468,케이엘모바일_부성정책_ 4월 15일_ 6차 정책,umobile,60000,90000,60000,100000,needs_review,/Users/jinwoo/Documents/Codex/2026-05-30/new-chat/policy-tracker/data/images/468/umobile.png
2026-04-21 12:08:41,469,케이엘모바일_부성정책_ 4월 21일_ 7차 정책,hello,30000,100000,30000,100000,needs_review,/Users/jinwoo/Documents/Codex/2026-05-30/new-chat/policy-tracker/data/images/469/hello.png
2026-04-21 12:08:41,469,케이엘모바일_부성정책_ 4월 21일_ 7차 정책,ktm,90000,90000,100000,100000,needs_review,/Users/jinwoo/Documents/Codex/2026-05-30/new-chat/policy-tracker/data/images/469/ktm.png
2026-04-21 12:08:41,469,케이엘모바일_부성정책_ 4월 21일_ 7차 정책,skylife,45000,90000,55000,100000,needs_review,/Users/jinwoo/Documents/Codex/2026-05-30/new-chat/policy-tracker/data/images/469/skylife.png
2026-04-21 12:08:41,469,케이엘모바일_부성정책_ 4월 21일_ 7차 정책,umobile,60000,90000,60000,100000,needs_review,/Users/jinwoo/Documents/Codex/2026-05-30/new-chat/policy-tracker/data/images/469/umobile.png
2026-04-22 11:20:08,470,케이엘모바일_부성정책_ 4월 22일_ 8차 정책,hello,30000,100000,30000,100000,needs_review,/Users/jinwoo/Documents/Codex/2026-05-30/new-chat/policy-tracker/data/images/470/hello.png
2026-04-22 11:20:08,470,케이엘모바일_부성정책_ 4월 22일_ 8차 정책,ktm,90000,90000,90000,100000,needs_review,/Users/jinwoo/Documents/Codex/2026-05-30/new-chat/policy-tracker/data/images/470/ktm.png
2026-04-22 11:20:08,470,케이엘모바일_부성정책_ 4월 22일_ 8차 정책,skylife,45000,90000,55000,100000,needs_review,/Users/jinwoo/Documents/Codex/2026-05-30/new-chat/policy-tracker/data/images/470/skylife.png
2026-04-22 11:20:08,470,케이엘모바일_부성정책_ 4월 22일_ 8차 정책,umobile,60000,90000,60000,100000,needs_review,/Users/jinwoo/Documents/Codex/2026-05-30/new-chat/policy-tracker/data/images/470/umobile.png
2026-04-25 10:28:11,471,케이엘모바일_부성정책_ 4월 25일_ 9차 정책,hello,30000,100000,30000,100000,needs_review,/Users/jinwoo/Documents/Codex/2026-05-30/new-chat/policy-tracker/data/images/471/hello.png
2026-04-25 10:28:11,471,케이엘모바일_부성정책_ 4월 25일_ 9차 정책,ktm,90000,90000,90000,100000,needs_review,/Users/jinwoo/Documents/Codex/2026-05-30/new-chat/policy-tracker/data/images/471/ktm.png
2026-04-25 10:28:11,471,케이엘모바일_부성정책_ 4월 25일_ 9차 정책,skylife,45000,90000,55000,100000,needs_review,/Users/jinwoo/Documents/Codex/2026-05-30/new-chat/policy-tracker/data/images/471/skylife.png
2026-04-25 10:28:11,471,케이엘모바일_부성정책_ 4월 25일_ 9차 정책,umobile,60000,90000,60000,100000,needs_review,/Users/jinwoo/Documents/Codex/2026-05-30/new-chat/policy-tracker/data/images/471/umobile.png
2026-04-27 10:58:03,472,케이엘모바일_부성정책_ 4월 27일_ 10차 정책,hello,30000,100000,30000,100000,needs_review,/Users/jinwoo/Documents/Codex/2026-05-30/new-chat/policy-tracker/data/images/472/hello.png
2026-04-27 10:58:03,472,케이엘모바일_부성정책_ 4월 27일_ 10차 정책,ktm,90000,90000,90000,100000,needs_review,/Users/jinwoo/Documents/Codex/2026-05-30/new-chat/policy-tracker/data/images/472/ktm.png
2026-04-27 10:58:03,472,케이엘모바일_부성정책_ 4월 27일_ 10차 정책,skylife,45000,90000,55000,100000,needs_review,/Users/jinwoo/Documents/Codex/2026-05-30/new-chat/policy-tracker/data/images/472/skylife.png
2026-04-27 10:58:03,472,케이엘모바일_부성정책_ 4월 27일_ 10차 정책,umobile,60000,90000,60000,100000,needs_review,/Users/jinwoo/Documents/Codex/2026-05-30/new-chat/policy-tracker/data/images/472/umobile.png
2026-04-28 11:06:14,473,케이엘모바일_부성정책_ 4월 28일_ 11차 정책,hello,30000,100000,30000,100000,needs_review,/Users/jinwoo/Documents/Codex/2026-05-30/new-chat/policy-tracker/data/images/473/hello.png
2026-04-28 11:06:14,473,케이엘모바일_부성정책_ 4월 28일_ 11차 정책,ktm,90000,90000,90000,100000,needs_review,/Users/jinwoo/Documents/Codex/2026-05-30/new-chat/policy-tracker/data/images/473/ktm.png
2026-04-28 11:06:14,473,케이엘모바일_부성정책_ 4월 28일_ 11차 정책,sk7,80000,90000,80000,100000,needs_review,/Users/jinwoo/Documents/Codex/2026-05-30/new-chat/policy-tracker/data/images/473/sk7.png
2026-04-28 11:06:14,473,케이엘모바일_부성정책_ 4월 28일_ 11차 정책,skylife,45000,90000,55000,100000,needs_review,/Users/jinwoo/Documents/Codex/2026-05-30/new-chat/policy-tracker/data/images/473/skylife.png
2026-04-28 11:06:14,473,케이엘모바일_부성정책_ 4월 28일_ 11차 정책,umobile,60000,90000,60000,100000,needs_review,/Users/jinwoo/Documents/Codex/2026-05-30/new-chat/policy-tracker/data/images/473/umobile.png
2026-05-01 12:40:57,474,케이엘모바일_부성정책_ 5월 1일_ 1차 정책,hello,30000,100000,30000,110000,needs_review,/Users/jinwoo/Documents/Codex/2026-05-30/new-chat/policy-tracker/data/images/474/hello.png
2026-05-01 12:40:57,474,케이엘모바일_부성정책_ 5월 1일_ 1차 정책,ktm,85000,110000,90000,110000,needs_review,/Users/jinwoo/Documents/Codex/2026-05-30/new-chat/policy-tracker/data/images/474/ktm.png
2026-05-01 12:40:57,474,케이엘모바일_부성정책_ 5월 1일_ 1차 정책,sk7,70000,100000,70000,110000,needs_review,/Users/jinwoo/Documents/Codex/2026-05-30/new-chat/policy-tracker/data/images/474/sk7.png
2026-05-01 12:40:57,474,케이엘모바일_부성정책_ 5월 1일_ 1차 정책,skylife,50000,100000,60000,110000,needs_review,/Users/jinwoo/Documents/Codex/2026-05-30/new-chat/policy-tracker/data/images/474/skylife.png
2026-05-01 12:40:57,474,케이엘모바일_부성정책_ 5월 1일_ 1차 정책,umobile,55000,100000,55000,110000,needs_review,/Users/jinwoo/Documents/Codex/2026-05-30/new-chat/policy-tracker/data/images/474/umobile.png
2026-05-05 11:15:36,475,케이엘모바일_부성정책_ 5월 5일_ 2차 정책,hello,30000,100000,30000,110000,needs_review,/Users/jinwoo/Documents/Codex/2026-05-30/new-chat/policy-tracker/data/images/475/hello.png
2026-05-05 11:15:36,475,케이엘모바일_부성정책_ 5월 5일_ 2차 정책,ktm,85000,110000,90000,110000,needs_review,/Users/jinwoo/Documents/Codex/2026-05-30/new-chat/policy-tracker/data/images/475/ktm.png
2026-05-05 11:15:36,475,케이엘모바일_부성정책_ 5월 5일_ 2차 정책,sk7,70000,100000,70000,110000,needs_review,/Users/jinwoo/Documents/Codex/2026-05-30/new-chat/policy-tracker/data/images/475/sk7.png
2026-05-05 11:15:36,475,케이엘모바일_부성정책_ 5월 5일_ 2차 정책,skylife,50000,100000,60000,110000,needs_review,/Users/jinwoo/Documents/Codex/2026-05-30/new-chat/policy-tracker/data/images/475/skylife.png
2026-05-05 11:15:36,475,케이엘모바일_부성정책_ 5월 5일_ 2차 정책,umobile,55000,100000,55000,110000,needs_review,/Users/jinwoo/Documents/Codex/2026-05-30/new-chat/policy-tracker/data/images/475/umobile.png
2026-05-08 10:54:04,476,케이엘모바일_부성정책_ 5월 8일_ 3차 정책,hello,30000,120000,30000,140000,needs_review,/Users/jinwoo/Documents/Codex/2026-05-30/new-chat/policy-tracker/data/images/476/hello.png
2026-05-08 10:54:04,476,케이엘모바일_부성정책_ 5월 8일_ 3차 정책,ktm,90000,120000,90000,130000,needs_review,/Users/jinwoo/Documents/Codex/2026-05-30/new-chat/policy-tracker/data/images/476/ktm.png
2026-05-08 10:54:04,476,케이엘모바일_부성정책_ 5월 8일_ 3차 정책,sk7,100000,120000,100000,130000,needs_review,/Users/jinwoo/Documents/Codex/2026-05-30/new-chat/policy-tracker/data/images/476/sk7.png
2026-05-08 10:54:04,476,케이엘모바일_부성정책_ 5월 8일_ 3차 정책,skylife,50000,130000,60000,140000,needs_review,/Users/jinwoo/Documents/Codex/2026-05-30/new-chat/policy-tracker/data/images/476/skylife.png
2026-05-08 10:54:04,476,케이엘모바일_부성정책_ 5월 8일_ 3차 정책,umobile,55000,120000,55000,130000,needs_review,/Users/jinwoo/Documents/Codex/2026-05-30/new-chat/policy-tracker/data/images/476/umobile.png
2026-05-12 09:53:40,478,케이엘모바일_부성정책_ 5월 12일_ 4차 정책,hello,30000,100000,30000,100000,needs_review,/Users/jinwoo/Documents/Codex/2026-05-30/new-chat/policy-tracker/data/images/478/hello.png
2026-05-12 09:53:40,478,케이엘모바일_부성정책_ 5월 12일_ 4차 정책,ktm,90000,120000,90000,130000,needs_review,/Users/jinwoo/Documents/Codex/2026-05-30/new-chat/policy-tracker/data/images/478/ktm.png
2026-05-12 09:53:40,478,케이엘모바일_부성정책_ 5월 12일_ 4차 정책,sk7,100000,120000,100000,130000,needs_review,/Users/jinwoo/Documents/Codex/2026-05-30/new-chat/policy-tracker/data/images/478/sk7.png
2026-05-12 09:53:40,478,케이엘모바일_부성정책_ 5월 12일_ 4차 정책,skylife,50000,130000,60000,140000,needs_review,/Users/jinwoo/Documents/Codex/2026-05-30/new-chat/policy-tracker/data/images/478/skylife.png
2026-05-12 09:53:40,478,케이엘모바일_부성정책_ 5월 12일_ 4차 정책,umobile,55000,120000,55000,130000,needs_review,/Users/jinwoo/Documents/Codex/2026-05-30/new-chat/policy-tracker/data/images/478/umobile.png
2026-05-13 10:10:06,479,케이엘모바일_부성정책_ 5월 13일_ 5차 정책,hello,30000,100000,30000,100000,needs_review,/Users/jinwoo/Documents/Codex/2026-05-30/new-chat/policy-tracker/data/images/479/hello.png
2026-05-13 10:10:06,479,케이엘모바일_부성정책_ 5월 13일_ 5차 정책,ktm,90000,120000,90000,130000,needs_review,/Users/jinwoo/Documents/Codex/2026-05-30/new-chat/policy-tracker/data/images/479/ktm.png
2026-05-13 10:10:06,479,케이엘모바일_부성정책_ 5월 13일_ 5차 정책,sk7,100000,120000,100000,130000,needs_review,/Users/jinwoo/Documents/Codex/2026-05-30/new-chat/policy-tracker/data/images/479/sk7.png
2026-05-13 10:10:06,479,케이엘모바일_부성정책_ 5월 13일_ 5차 정책,skylife,50000,110000,60000,120000,needs_review,/Users/jinwoo/Documents/Codex/2026-05-30/new-chat/policy-tracker/data/images/479/skylife.png
2026-05-13 10:10:06,479,케이엘모바일_부성정책_ 5월 13일_ 5차 정책,umobile,55000,120000,55000,130000,needs_review,/Users/jinwoo/Documents/Codex/2026-05-30/new-chat/policy-tracker/data/images/479/umobile.png
2026-05-15 12:12:24,480,케이엘모바일_부성정책_ 5월 15일_ 6차 정책_헬로 수정,hello,70000,120000,30000,120000,needs_review,/Users/jinwoo/Documents/Codex/2026-05-30/new-chat/policy-tracker/data/images/480/hello.png
2026-05-15 12:12:24,480,케이엘모바일_부성정책_ 5월 15일_ 6차 정책_헬로 수정,ktm,90000,120000,90000,130000,needs_review,/Users/jinwoo/Documents/Codex/2026-05-30/new-chat/policy-tracker/data/images/480/ktm.png
2026-05-15 12:12:24,480,케이엘모바일_부성정책_ 5월 15일_ 6차 정책_헬로 수정,skylife,50000,110000,60000,120000,needs_review,/Users/jinwoo/Documents/Codex/2026-05-30/new-chat/policy-tracker/data/images/480/skylife.png
2026-05-15 12:12:24,480,케이엘모바일_부성정책_ 5월 15일_ 6차 정책_헬로 수정,umobile,75000,140000,75000,150000,needs_review,/Users/jinwoo/Documents/Codex/2026-05-30/new-chat/policy-tracker/data/images/480/umobile.png
2026-05-16 12:06:55,481,케이엘모바일_부성정책_ 5월 16일_ 7차 정책,hello,70000,120000,30000,120000,needs_review,/Users/jinwoo/Documents/Codex/2026-05-30/new-chat/policy-tracker/data/images/481/hello.png
2026-05-16 12:06:55,481,케이엘모바일_부성정책_ 5월 16일_ 7차 정책,ktm,90000,140000,90000,150000,needs_review,/Users/jinwoo/Documents/Codex/2026-05-30/new-chat/policy-tracker/data/images/481/ktm.png
2026-05-16 12:06:55,481,케이엘모바일_부성정책_ 5월 16일_ 7차 정책,skylife,50000,110000,60000,120000,needs_review,/Users/jinwoo/Documents/Codex/2026-05-30/new-chat/policy-tracker/data/images/481/skylife.png
2026-05-16 12:06:55,481,케이엘모바일_부성정책_ 5월 16일_ 7차 정책,umobile,75000,140000,75000,150000,needs_review,/Users/jinwoo/Documents/Codex/2026-05-30/new-chat/policy-tracker/data/images/481/umobile.png
2026-05-21 11:09:10,482,케이엘모바일_부성정책_ 5월 21일_ 8차 정책,hello,70000,110000,30000,110000,needs_review,/Users/jinwoo/Documents/Codex/2026-05-30/new-chat/policy-tracker/data/images/482/hello.png
2026-05-21 11:09:10,482,케이엘모바일_부성정책_ 5월 21일_ 8차 정책,ktm,90000,140000,90000,150000,needs_review,/Users/jinwoo/Documents/Codex/2026-05-30/new-chat/policy-tracker/data/images/482/ktm.png
2026-05-21 11:09:10,482,케이엘모바일_부성정책_ 5월 21일_ 8차 정책,skylife,50000,110000,60000,120000,needs_review,/Users/jinwoo/Documents/Codex/2026-05-30/new-chat/policy-tracker/data/images/482/skylife.png
2026-05-21 11:09:10,482,케이엘모바일_부성정책_ 5월 21일_ 8차 정책,umobile,75000,160000,75000,170000,needs_review,/Users/jinwoo/Documents/Codex/2026-05-30/new-chat/policy-tracker/data/images/482/umobile.png
2026-05-22 11:47:32,483,케이엘모바일_부성정책_ 5월 22일_ 9차 정책,hello,70000,110000,30000,110000,needs_review,/Users/jinwoo/Documents/Codex/2026-05-30/new-chat/policy-tracker/data/images/483/hello.png
2026-05-22 11:47:32,483,케이엘모바일_부성정책_ 5월 22일_ 9차 정책,ktm,90000,160000,90000,170000,needs_review,/Users/jinwoo/Documents/Codex/2026-05-30/new-chat/policy-tracker/data/images/483/ktm.png
2026-05-22 11:47:32,483,케이엘모바일_부성정책_ 5월 22일_ 9차 정책,sk7,120000,150000,120000,160000,needs_review,/Users/jinwoo/Documents/Codex/2026-05-30/new-chat/policy-tracker/data/images/483/sk7.png
2026-05-22 11:47:32,483,케이엘모바일_부성정책_ 5월 22일_ 9차 정책,skylife,50000,110000,60000,120000,needs_review,/Users/jinwoo/Documents/Codex/2026-05-30/new-chat/policy-tracker/data/images/483/skylife.png
2026-05-22 11:47:32,483,케이엘모바일_부성정책_ 5월 22일_ 9차 정책,umobile,75000,160000,75000,170000,needs_review,/Users/jinwoo/Documents/Codex/2026-05-30/new-chat/policy-tracker/data/images/483/umobile.png
2026-05-23 10:14:44,484,케이엘모바일_부성정책_ 5월 23일_ 10차 정책,hello,70000,110000,30000,110000,needs_review,/Users/jinwoo/Documents/Codex/2026-05-30/new-chat/policy-tracker/data/images/484/hello.png
2026-05-23 10:14:44,484,케이엘모바일_부성정책_ 5월 23일_ 10차 정책,ktm,110000,180000,110000,190000,needs_review,/Users/jinwoo/Documents/Codex/2026-05-30/new-chat/policy-tracker/data/images/484/ktm.png
2026-05-23 10:14:44,484,케이엘모바일_부성정책_ 5월 23일_ 10차 정책,sk7,120000,150000,120000,160000,needs_review,/Users/jinwoo/Documents/Codex/2026-05-30/new-chat/policy-tracker/data/images/484/sk7.png
2026-05-23 10:14:44,484,케이엘모바일_부성정책_ 5월 23일_ 10차 정책,skylife,50000,110000,60000,120000,needs_review,/Users/jinwoo/Documents/Codex/2026-05-30/new-chat/policy-tracker/data/images/484/skylife.png
2026-05-23 10:14:44,484,케이엘모바일_부성정책_ 5월 23일_ 10차 정책,umobile,75000,160000,75000,170000,needs_review,/Users/jinwoo/Documents/Codex/2026-05-30/new-chat/policy-tracker/data/images/484/umobile.png
2026-05-28 10:24:23,485,케이엘모바일_부성정책_ 5월 28일_ 11차 정책,hello,70000,110000,30000,110000,needs_review,/Users/jinwoo/Documents/Codex/2026-05-30/new-chat/policy-tracker/data/images/485/hello.png
2026-05-28 10:24:23,485,케이엘모바일_부성정책_ 5월 28일_ 11차 정책,ktm,110000,180000,110000,190000,needs_review,/Users/jinwoo/Documents/Codex/2026-05-30/new-chat/policy-tracker/data/images/485/ktm.png
2026-05-28 10:24:23,485,케이엘모바일_부성정책_ 5월 28일_ 11차 정책,sk7,120000,150000,120000,160000,needs_review,/Users/jinwoo/Documents/Codex/2026-05-30/new-chat/policy-tracker/data/images/485/sk7.png
2026-05-28 10:24:23,485,케이엘모바일_부성정책_ 5월 28일_ 11차 정책,skylife,50000,110000,60000,120000,needs_review,/Users/jinwoo/Documents/Codex/2026-05-30/new-chat/policy-tracker/data/images/485/skylife.png
2026-05-28 10:24:23,485,케이엘모바일_부성정책_ 5월 28일_ 11차 정책,umobile,75000,190000,75000,200000,needs_review,/Users/jinwoo/Documents/Codex/2026-05-30/new-chat/policy-tracker/data/images/485/umobile.png
2026-05-29 10:15:54,486,케이엘모바일_부성정책_ 5월 29일_ 12차 정책,hello,70000,110000,30000,110000,needs_review,/Users/jinwoo/Documents/Codex/2026-05-30/new-chat/policy-tracker/data/images/486/hello.png
2026-05-29 10:15:54,486,케이엘모바일_부성정책_ 5월 29일_ 12차 정책,ktm,110000,180000,110000,190000,needs_review,/Users/jinwoo/Documents/Codex/2026-05-30/new-chat/policy-tracker/data/images/486/ktm.png
2026-05-29 10:15:54,486,케이엘모바일_부성정책_ 5월 29일_ 12차 정책,sk7,120000,150000,120000,160000,needs_review,/Users/jinwoo/Documents/Codex/2026-05-30/new-chat/policy-tracker/data/images/486/sk7.png
2026-05-29 10:15:54,486,케이엘모바일_부성정책_ 5월 29일_ 12차 정책,skylife,50000,110000,60000,120000,needs_review,/Users/jinwoo/Documents/Codex/2026-05-30/new-chat/policy-tracker/data/images/486/skylife.png
2026-05-29 10:15:54,486,케이엘모바일_부성정책_ 5월 29일_ 12차 정책,umobile,125000,210000,125000,220000,needs_review,/Users/jinwoo/Documents/Codex/2026-05-30/new-chat/policy-tracker/data/images/486/umobile.png
